SeniorCitizen,tenure,MonthlyCharges,TotalCharges,AvgMonthlySpend,TotalServices,gender_Male,Partner_Yes,Dependents_Yes,PhoneService_Yes,MultipleLines_No phone service,MultipleLines_Yes,InternetService_Fiber optic,InternetService_No,OnlineSecurity_No internet service,OnlineSecurity_Yes,OnlineBackup_No internet service,OnlineBackup_Yes,DeviceProtection_No internet service,DeviceProtection_Yes,TechSupport_No internet service,TechSupport_Yes,StreamingTV_No internet service,StreamingTV_Yes,StreamingMovies_No internet service,StreamingMovies_Yes,Contract_One year,Contract_Two year,PaperlessBilling_Yes,PaymentMethod_Credit card (automatic),PaymentMethod_Electronic check,PaymentMethod_Mailed check,Churn_Yes
0,-1.285566089167874,-1.165522543236504,-0.9972842175267818,-1.161687689822636,1,0,1,0,0,1,0,0,0,0,0,0,1,0,0,0,0,0,0,0,0,0,0,1,0,1,0,0
0,0.060345819010170096,-0.26407096544550474,-0.1768476700945268,-0.3088679060328449,2,1,0,0,1,0,0,0,0,0,1,0,0,0,1,0,0,0,0,0,0,1,0,0,0,0,1,0
0,-1.2447808798291453,-0.36718904260978885,-0.9627399851906187,-0.3585490951296774,2,1,0,0,1,0,0,0,0,0,1,0,1,0,0,0,0,0,0,0,0,0,0,1,0,0,1,1
0,0.5089831217361848,-0.7513870397863956,-0.19835509444175473,-0.7951595844588044,3,1,0,0,0,1,0,0,0,0,1,0,0,0,1,0,1,0,0,0,0,1,0,0,0,0,0,0
0,-1.2447808798291453,0.1933076026218841,-0.9435487450038614,0.362535092055951,0,0,0,0,1,0,0,1,0,0,0,0,0,0,0,0,0,0,0,0,0,0,0,1,0,1,0,1
0,-1.0000696237967737,1.1562973877528593,-0.6484668829598942,1.2489713428548355,3,0,0,0,1,0,1,1,0,0,0,0,0,0,1,0,0,0,1,0,1,0,0,1,0,1,0,1
0,-0.4290766930545732,0.8053632864356988,-0.15042111176839437,0.7863698415772843,2,1,0,1,1,0,1,1,0,0,0,0,1,0,0,0,0,0,1,0,0,0,0,1,1,0,0,0
0,-0.9184992051193165,-1.1688489328224487,-0.8772617602208665,-1.1504155691953666,1,0,0,0,0,1,0,0,0,0,1,0,0,0,0,0,0,0,0,0,0,0,0,0,0,0,1,0
0,-0.18436543702220157,1.3276064514290082,0.33339667100878545,1.455350610221757,4,0,1,0,1,0,1,1,0,0,0,0,0,0,1,0,1,0,1,0,1,0,0,1,0,1,0,1
0,1.2023316804945712,-0.29068208213306207,0.5283532006301191,-0.2862000476500961,2,1,0,1,1,0,0,0,0,0,1,0,1,0,0,0,0,0,0,0,0,1,0,0,0,0,0,0
0,-0.7961435771031307,-0.49691823646163,-0.7512834007880269,-0.6531671348277137,1,1,1,1,1,0,0,0,0,0,1,0,0,0,0,0,0,0,0,0,0,0,0,1,0,0,1,0
0,-0.6737879490869448,-1.5280990081044703,-0.8662764296312057,-1.474157504269742,0,1,0,0,1,0,0,0,1,1,0,1,0,1,0,1,0,1,0,1,0,0,1,0,1,0,0,0
0,1.0391908431396566,1.1795821148544714,1.4959225894941797,1.0960517652275386,3,1,1,0,1,0,1,1,0,0,0,0,0,0,1,0,0,0,1,0,1,1,0,0,1,0,0,0
0,0.6721239590910992,1.2910161659836175,1.2114510567948449,1.2562363125568348,4,1,0,0,1,0,1,1,0,0,0,0,1,0,1,0,0,0,1,0,1,0,0,1,0,0,0,1
0,-0.30672106503838736,1.350891178530621,0.17457261429079454,1.4107428505041357,5,1,0,0,1,0,0,1,0,0,1,0,0,0,1,0,1,0,1,0,1,0,0,1,0,1,0,0
0,1.4878281458656715,1.608686371441331,2.47271259720659,1.6421682317643933,6,0,1,1,1,0,1,1,0,0,1,0,1,0,1,0,1,0,1,0,1,0,1,0,1,0,0,0
0,0.7944795871072851,-1.4715503851434115,-0.5591504099527906,-1.4991181107492444,0,0,0,0,1,0,0,0,1,1,0,1,0,1,0,1,0,1,0,1,0,1,0,0,0,0,1,0
0,1.5693985645431285,1.3908078535619568,2.246432434176986,1.29581204709771,4,1,0,1,1,0,1,1,0,0,1,0,0,0,1,0,0,0,1,0,1,0,1,0,0,0,0,0
0,-0.9184992051193165,-0.32228278319953607,-0.7773570167658971,-0.39965918212324897,2,0,1,1,1,0,0,0,0,0,0,0,0,0,1,0,1,0,0,0,0,0,0,0,1,0,0,1
0,-0.46986190239330183,0.8369639875021729,-0.18858300317424495,0.7896995232497145,3,0,0,0,1,0,0,1,0,0,0,0,1,0,1,0,0,0,0,0,1,0,0,1,0,1,0,0
1,-1.285566089167874,-0.8395363638139287,-0.9929606737605696,-0.8367853893895714,2,1,0,0,0,1,0,0,0,0,0,0,0,0,1,0,0,0,0,0,1,0,0,1,0,1,0,1
0,-0.8369287864418593,-1.499824696623941,-0.9212251414762772,-1.5925423986027079,0,1,1,0,1,0,0,0,1,1,0,1,0,1,0,1,0,1,0,1,0,1,0,0,0,0,0,0
0,-1.285566089167874,-1.4881823330731347,-1.0015636434994608,-1.4832746606594451,0,1,0,0,1,0,0,0,1,1,0,1,0,1,0,1,0,1,0,1,0,0,0,0,0,0,1,1
0,1.0391908431396566,-0.16594247266013784,0.5359194022209901,-0.14776844191945124,2,0,1,0,1,0,1,0,0,0,0,0,1,0,0,0,1,0,0,0,0,0,1,1,1,0,0,0
0,0.6721239590910992,-0.17592164141797167,0.2999774424077082,-0.14161490088488055,3,1,1,1,1,0,0,0,0,0,1,0,1,0,0,0,1,0,0,0,0,0,0,0,1,0,0,0
0,-0.10279501834474433,-0.3189563936135916,-0.3351864310836572,-0.4598324142952912,2,0,0,0,1,0,0,0,0,0,1,0,1,0,0,0,0,0,0,0,0,0,0,1,0,0,0,0
0,0.590553540413642,1.146318218995025,1.0847668126654804,1.1986859048563072,3,1,1,1,1,0,1,1,0,0,0,0,1,0,0,0,0,0,1,0,1,0,0,1,0,1,0,1
0,-1.285566089167874,-1.1538801796856977,-0.9971298052494171,-1.1500840362357407,1,1,1,1,0,1,0,0,0,0,0,0,1,0,0,0,0,0,0,0,0,0,0,0,0,1,0,1
0,1.6101837738818572,0.8436167666740624,1.7996074212770379,0.7815789391493617,6,1,1,0,1,0,1,0,0,0,1,0,1,0,1,0,1,0,1,0,1,0,1,1,1,0,0,0
0,-0.6330027397482163,-0.006275772534794672,-0.5282017777895489,-0.01955664391252585,2,0,0,1,1,0,0,0,0,0,0,0,0,0,0,0,0,0,1,0,1,0,0,1,0,0,1,1
1,1.5693985645431285,1.0465265314166856,1.9749756505698193,1.0084990470165587,4,0,1,0,1,0,1,1,0,0,1,0,1,0,1,0,1,0,0,0,0,0,1,1,1,0,0,0
1,-1.2447808798291453,1.0182522199361563,-0.9303134069440289,0.8598345314943154,3,1,1,0,1,0,0,1,0,0,0,0,0,0,1,0,0,0,1,0,1,0,0,1,1,0,0,0
0,-0.22515064636093016,0.041956876461402795,-0.18348739802120945,0.15032330039932035,4,0,1,1,1,0,0,0,0,0,1,0,1,0,1,0,1,0,0,0,0,1,0,0,0,0,1,0
0,-1.285566089167874,-1.4865191382801624,-1.0015415846026945,-1.4816169958613172,0,1,0,0,1,0,0,0,1,1,0,1,0,1,0,1,0,1,0,1,0,0,0,0,0,0,0,0
1,-1.285566089167874,-0.6532585470010285,-0.9904900773227343,-0.6511269319992486,0,1,0,0,1,0,0,0,0,0,0,0,0,0,0,0,0,0,0,0,0,0,0,0,0,0,0,0
0,1.6101837738818572,1.164613361717721,2.1888366547199474,1.1878219303016735,4,0,1,1,1,0,1,1,0,0,1,0,1,0,0,0,1,0,1,0,0,0,1,0,0,0,0,0
0,-1.1224252518129596,0.16004370676243765,-0.8706440911909503,-0.050057676198078924,0,1,0,0,1,0,0,1,0,0,0,0,0,0,0,0,0,0,0,0,0,0,0,1,0,1,0,1
0,0.5497683310749134,0.3296895756456144,0.5549782890271491,0.40603077491117623,1,0,0,0,1,0,0,1,0,0,0,0,0,0,1,0,0,0,0,0,0,0,0,1,1,0,0,0
0,0.060345819010170096,1.3791654900111503,0.5553974080657104,1.3095492402570088,4,1,0,0,1,0,1,1,0,0,0,0,1,0,1,0,0,0,1,0,1,0,0,1,0,1,0,1
0,-0.877713995780588,1.0964223752058553,-0.5227752891850175,1.1802912763324012,3,0,0,0,1,0,1,1,0,0,0,0,0,0,1,0,0,0,1,0,1,0,0,1,0,0,0,1
0,-0.9184992051193165,-0.5102237948054088,-0.8005850350609032,-0.5742112853661149,1,1,1,1,1,0,0,0,0,0,0,0,1,0,0,0,0,0,0,0,0,1,0,0,0,0,1,0
0,1.5286133552044,0.14341175883271443,1.13911993429786,0.15632159116884262,3,0,1,1,1,0,1,0,0,0,1,0,1,0,0,0,0,0,1,0,0,0,1,1,1,0,0,0
0,-0.6330027397482163,-1.4682239955574667,-0.8259307074454826,-1.335644983932056,0,0,1,1,1,0,0,0,1,1,0,1,0,1,0,1,0,1,0,1,0,1,0,0,0,0,1,0
0,1.2431168898332998,0.497672249735819,1.1343110948027872,0.40698945199939635,5,0,0,0,1,0,1,0,0,0,1,0,1,0,1,0,1,0,1,0,0,0,1,1,1,0,0,0
0,-0.7961435771031307,0.37625902984883963,-0.5774592942688924,0.3516327581913406,4,0,1,0,1,0,1,0,0,0,1,0,1,0,0,0,1,0,1,0,0,0,0,1,0,1,0,0
0,0.6721239590910992,0.6523493654822452,0.7130964610486155,0.49195135093836334,1,0,0,0,1,0,1,1,0,0,0,0,0,0,0,0,0,0,0,0,1,0,0,1,0,1,0,0
0,-1.2447808798291453,-0.5202029635632426,-0.9676591191695231,-0.5433787201209364,1,1,0,0,1,0,0,0,0,0,0,0,1,0,0,0,0,0,0,0,0,0,0,0,0,0,1,0
0,-1.2447808798291453,0.5242833664233765,-0.9468575795188195,0.23821023219635992,1,0,0,0,1,0,0,1,0,0,0,0,0,0,0,0,0,0,1,0,0,0,0,1,0,1,0,1
0,0.7944795871072851,0.4943458601498745,0.8503469167290794,0.5378012662887796,4,1,0,0,1,0,1,0,0,0,1,0,0,0,0,0,1,0,1,0,1,0,1,1,1,0,0,0
0,1.4878281458656715,-0.024570915257490132,0.8663616757814769,-0.10729275757575779,3,0,1,1,1,0,1,0,0,0,1,0,0,0,1,0,1,0,0,0,0,0,1,1,1,0,0,0
1,0.4274127030587276,0.8436167666740624,0.6831184203430948,0.808389097236137,2,0,0,0,1,0,1,1,0,0,0,0,1,0,0,0,0,0,1,0,0,0,0,1,0,1,0,0
0,-0.7145731584256735,1.1380022450301635,-0.3811571719448089,1.0013438497611655,4,0,0,0,1,0,0,1,0,0,1,0,1,0,0,0,0,0,1,0,1,0,0,1,1,0,0,1
1,-0.30672106503838736,0.15339092759054826,-0.23722287054412966,0.17293139244608413,3,0,1,0,1,0,1,0,0,0,1,0,0,0,0,0,1,0,1,0,0,0,0,1,1,0,0,0
1,-1.0000696237967737,0.5242833664233765,-0.7310553924532495,0.4731842173309868,1,0,1,0,1,0,1,1,0,0,0,0,1,0,0,0,0,0,0,0,0,0,0,1,1,0,0,1
1,1.1207612618171139,0.33135277043858663,0.9555899132015149,0.3110646000740805,5,0,1,1,1,0,0,0,0,0,1,0,1,0,1,0,1,0,0,0,1,1,0,1,1,0,0,0
1,-0.5922175304094877,1.0165890251431842,-0.2372669883376625,1.076620250093928,2,1,0,0,1,0,1,1,0,0,0,0,0,0,0,0,0,0,1,0,1,0,0,1,0,1,0,1
0,1.2431168898332998,1.1562973877528593,1.7739088065441964,1.169909941233014,3,0,1,1,1,0,1,1,0,0,1,0,0,0,0,0,0,0,1,0,1,1,0,1,1,0,0,0
1,1.3654725178494855,1.4490196713159882,2.1114761037602268,1.403297423947211,5,1,1,1,1,0,1,1,0,0,0,0,1,0,1,0,1,0,1,0,1,1,0,1,0,1,0,0
0,0.060345819010170096,-1.3285156329477916,-0.615907951332706,-1.2792843807957084,0,0,1,1,1,0,1,0,1,1,0,1,0,1,0,1,0,1,0,1,0,0,1,0,1,0,0,0
0,1.6101837738818572,1.417418970249514,2.454425771787254,1.4650203215441695,4,0,0,0,1,0,1,1,0,0,0,0,0,0,1,0,1,0,1,0,1,0,1,1,1,0,0,0
0,0.590553540413642,1.1845716992333886,1.0662152804849487,1.1690242858089557,3,0,1,0,1,0,1,1,0,0,0,0,0,0,1,0,0,0,1,0,1,0,0,1,0,1,0,0
0,1.1207612618171139,0.8319744031232563,1.3942751931946653,0.8604975974135665,2,1,0,0,1,0,1,1,0,0,0,0,1,0,0,0,0,0,1,0,0,0,0,1,0,0,0,0
0,1.6101837738818572,-0.7580398189582848,0.29631566554448774,-0.7874238154008745,3,1,1,0,0,1,0,0,0,0,1,0,1,0,1,0,0,0,0,0,0,0,1,0,0,0,0,0
0,-0.5922175304094877,-0.3488938998870934,-0.5882019769941232,-0.3884791539847642,2,0,1,1,1,0,0,0,0,0,0,0,0,0,1,0,1,0,0,0,0,1,0,1,1,0,0,0
0,-0.9592844144580451,0.9816619344907653,-0.6322535938365993,1.0065378661286328,2,0,0,0,1,0,1,1,0,0,0,0,0,0,0,0,0,0,1,0,1,0,0,0,0,1,0,1
0,-1.2039956704904167,0.34632152357533763,-0.9027618448828107,0.5462596071817909,4,0,0,0,1,0,0,0,0,0,0,0,1,0,0,0,1,0,1,0,1,0,0,1,0,1,0,0
0,0.590553540413642,0.4660715486693452,0.6000004973273462,0.42360416860825795,1,1,1,0,1,0,1,1,0,0,0,0,1,0,0,0,0,0,0,0,0,1,0,1,0,1,0,0
0,-0.06200980900601573,0.476050717427179,0.09125616120414833,0.5193448346530478,5,0,0,0,1,0,0,0,0,0,0,0,1,0,1,0,1,0,1,0,1,0,1,0,0,0,1,0
0,0.7129091684298279,-1.4881823330731347,-0.5997608388997103,-1.5340655100740836,0,0,1,1,1,0,0,0,1,1,0,1,0,1,0,1,0,1,0,1,0,0,1,0,0,0,0,0
0,-0.9184992051193165,0.497672249735819,-0.618974137983234,0.7905441429325699,2,1,0,0,1,0,0,1,0,0,1,0,0,0,1,0,0,0,0,0,0,0,0,1,0,0,1,0
0,-1.285566089167874,-0.526855742735132,-0.9888136011684887,-0.5251444073415297,1,1,0,0,1,0,0,0,0,0,0,0,0,0,0,0,1,0,0,0,0,0,0,0,0,0,1,0
0,0.7944795871072851,-1.4798663591082732,-0.5292826637311018,-1.4559550696595298,0,0,1,1,1,0,0,0,1,1,0,1,0,1,0,1,0,1,0,1,0,1,0,1,0,1,0,0
1,1.2839020991720282,1.5538009432732443,2.1214687839954,1.5261121762918408,5,1,1,1,1,0,1,1,0,0,1,0,0,0,1,0,1,0,1,0,1,0,1,1,0,0,0,0
0,1.2023316804945712,-1.3518003600494042,-0.38195129222839896,-1.3895363899782136,0,1,1,1,1,0,1,0,1,1,0,1,0,1,0,1,0,1,0,1,0,0,1,1,0,0,0,0
0,-1.2039956704904167,-0.012928551706684058,-0.9321884131691718,-0.19084867305240685,3,0,0,1,1,0,0,0,0,0,1,0,0,0,0,0,1,0,0,0,1,0,0,1,0,0,0,0
1,0.9576204244621995,1.5172106578278532,1.6981585550484213,1.483412507161493,5,0,0,0,1,0,1,1,0,0,1,0,1,0,1,0,0,0,1,0,1,1,0,0,0,1,0,0
0,0.5497683310749134,-0.3073140300627853,0.17580791250971212,-0.21339531671969708,1,0,0,0,1,0,0,0,0,0,0,0,0,0,0,0,0,0,0,0,1,1,0,0,1,0,0,0
0,-1.0000696237967737,-0.3405779259222318,-0.7976953195845065,-0.15279145206205422,2,0,1,1,1,0,0,0,0,0,1,0,1,0,0,0,0,0,0,0,0,0,0,0,0,0,1,0
1,-0.10279501834474433,0.3280263808526422,-0.07899440403883119,0.18190488455328319,4,1,0,0,1,0,0,0,0,0,1,0,1,0,0,0,0,0,1,0,1,0,0,1,0,1,0,0
0,0.5089831217361848,-1.2969149318813176,-0.47371630277657145,-1.254995799459479,0,0,1,1,1,0,1,0,1,1,0,1,0,1,0,1,0,1,0,1,0,1,0,1,1,0,0,0
0,-1.285566089167874,0.48104030180609575,-0.975445909728058,0.4794004603239664,1,0,0,1,1,0,0,1,0,0,0,0,0,0,0,0,0,0,1,0,0,0,0,1,0,1,0,1
0,-0.877713995780588,-0.4769598989459623,-0.7610334331587703,-0.4473848586293489,3,0,1,1,0,1,0,0,0,0,1,0,0,0,0,0,0,0,1,0,1,0,0,0,0,1,0,0
0,-1.0408548331355023,0.34133193919642096,-0.7912320628319548,0.20209682052285938,1,0,1,0,1,0,0,1,0,0,0,0,0,0,1,0,0,0,0,0,0,0,0,1,0,0,0,1
0,0.38662749371999894,1.2943425555695618,0.8987441362345338,1.2646599561228318,5,0,0,0,1,0,0,1,0,0,0,0,1,0,1,0,1,0,1,0,1,0,0,1,0,0,0,0
0,0.6721239590910992,-1.4881823330731347,-0.5810328355450473,-1.4927470309344615,0,0,1,0,1,0,0,0,1,1,0,1,0,1,0,1,0,1,0,1,0,0,1,1,0,0,0,0
0,-0.9592844144580451,1.1446550242020528,-0.6051211508139425,1.2330853885394433,3,1,0,0,1,0,1,1,0,0,0,0,1,0,0,0,0,0,1,0,1,0,0,1,1,0,0,0
0,0.1011310283488987,-0.0910987069763833,-0.033045722074445935,-0.05275730172645872,2,0,1,0,1,0,0,0,0,0,1,0,0,0,0,0,0,0,1,0,0,1,0,1,0,0,0,0
0,0.6313387497523706,-1.4715503851434115,-0.5441283012548808,-1.4212503694628271,0,0,1,1,1,0,0,0,1,1,0,1,0,1,0,1,0,1,0,1,0,0,1,0,0,0,0,0
0,0.5497683310749134,-1.4948351122450239,-0.6014373150539558,-1.4831305158943904,0,0,1,1,1,0,0,0,1,1,0,1,0,1,0,1,0,1,0,1,0,0,1,1,0,0,1,0
0,-0.14358022768347295,-1.0357933493846627,-0.5651945476667809,-0.997521713952868,1,1,1,0,0,1,0,0,0,0,0,0,0,0,0,0,0,0,1,0,0,0,0,0,0,0,1,0
0,-0.10279501834474433,0.5708528206266013,0.12346215048307425,0.6890398017938726,2,1,1,1,1,0,0,1,0,0,0,0,1,0,1,0,0,0,0,0,0,0,0,0,0,0,0,0
1,-1.285566089167874,0.32636318605966996,-0.977497387127332,0.3252376340980737,1,1,0,0,1,0,0,1,0,0,0,0,0,0,0,0,1,0,0,0,0,0,0,0,0,1,0,0
0,1.3654725178494855,0.635717417552522,1.5105476380502945,0.7190837204532752,5,1,1,1,1,0,1,0,0,0,1,0,0,0,1,0,1,0,1,0,1,0,1,1,0,0,1,0
0,1.324687308510757,1.5355058005505486,2.124998207478022,1.4736168011703585,5,0,0,0,1,0,1,1,0,0,1,0,1,0,1,0,0,0,1,0,1,0,0,1,1,0,0,0
0,1.6101837738818572,1.1978772575771675,2.2803148996101568,1.2832988180494003,4,1,0,0,1,0,1,1,0,0,0,0,1,0,1,0,0,0,1,0,1,0,1,1,0,0,0,0
0,-0.8369287864418593,0.4677347434623174,-0.6013270205701239,0.4107455099348369,1,0,0,0,1,0,1,1,0,0,1,0,0,0,0,0,0,0,0,0,0,0,0,1,0,1,0,1
0,1.5693985645431285,0.06524160356301494,1.084568282594583,0.06608158819357392,3,1,1,1,1,0,1,0,0,0,1,0,1,0,0,0,1,0,0,0,0,1,0,1,1,0,0,0
0,-1.1224252518129596,-1.458244826799633,-0.9602252709592505,-1.3964130252375442,0,1,0,0,1,0,0,0,1,1,0,1,0,1,0,1,0,1,0,1,0,0,0,0,0,0,1,1
0,0.7944795871072851,-1.4599080215926052,-0.5219811689014275,-1.445403395656062,0,1,0,0,1,0,0,0,1,1,0,1,0,1,0,1,0,1,0,1,0,0,1,0,0,0,0,0
1,-0.30672106503838736,1.1180439075144957,0.09888853948531852,1.183244933609065,4,0,1,0,1,0,0,1,0,0,0,0,1,0,1,0,0,0,1,0,1,0,0,1,0,1,0,1
0,-1.285566089167874,-1.4865191382801624,-1.0015415846026945,-1.4816169958613172,0,1,0,0,1,0,0,0,1,1,0,1,0,1,0,1,0,1,0,1,0,0,0,0,0,0,1,0
0,-1.285566089167874,-1.511467060174747,-1.0018724680541904,-1.5064819678332353,0,0,1,1,1,0,0,0,1,1,0,1,0,1,0,1,0,1,0,1,0,0,0,0,0,1,0,0
0,0.22348665636508452,1.001620272006433,0.5802577847214292,0.9944107394475918,3,1,0,0,1,0,1,1,0,0,0,0,0,0,1,0,1,0,1,0,0,1,0,0,0,0,0,0
1,1.3654725178494855,-0.6432793782431946,0.3251025258246236,-0.6306572833556998,3,0,1,0,0,1,0,0,0,0,0,0,1,0,1,0,0,0,1,0,0,1,0,0,0,0,0,0
0,1.4470429365269428,1.50057870989813,2.347726888128238,1.559832247350817,5,1,1,0,1,0,1,1,0,0,0,0,1,0,1,0,1,0,1,0,1,0,1,1,0,0,0,1
0,-1.1224252518129596,-1.350137165256432,-0.9662473497764744,-1.4869215232153266,0,1,0,0,0,1,0,0,0,0,0,0,0,0,0,0,0,0,0,0,0,0,0,0,0,0,1,0
0,1.6101837738818572,1.3059849191203683,2.2114911416990277,1.2114666767971924,4,0,1,1,1,0,1,1,0,0,1,0,1,0,0,0,0,0,1,0,1,1,0,1,0,1,0,0
0,-0.02122459966728712,-1.15554337447867,-0.6011946671895255,-1.1902306055654004,1,0,0,0,0,1,0,0,0,0,1,0,0,0,0,0,0,0,0,0,0,1,0,0,0,0,1,0
0,0.4274127030587276,0.9799987396977927,0.7195376589044008,0.8720357154154195,2,1,0,0,1,0,1,1,0,0,0,0,0,0,0,0,0,0,1,0,1,1,0,0,0,0,1,0
0,1.6101837738818572,-1.5131302549677197,-0.4090175585607565,-1.5235881476250273,0,1,1,1,1,0,0,0,1,1,0,1,0,1,0,1,0,1,0,1,0,0,1,0,1,0,0,0
0,0.9168352151234709,1.0598320897604643,1.3008337064922473,1.0066282842085308,3,1,1,0,1,0,1,1,0,0,1,0,1,0,0,0,0,0,1,0,0,0,0,1,0,1,0,1
0,0.7944795871072851,-0.2308070695860583,0.3317201948545399,-0.21168636964938614,3,0,0,0,1,0,0,0,0,0,1,0,0,0,1,0,1,0,0,0,0,1,0,0,1,0,0,0
0,0.4274127030587276,0.8901862208772876,0.7340082951831509,0.8973247411729053,3,0,0,0,1,0,0,1,0,0,0,0,1,0,1,0,0,0,1,0,0,0,0,1,0,1,0,0
1,0.18270144702635593,0.3862381986066735,0.2549111163139782,0.41864928556014475,0,0,1,0,1,0,1,1,0,0,0,0,0,0,0,0,0,0,0,0,0,0,0,1,0,1,0,1
0,1.2839020991720282,-0.342241120715204,0.49991928269824554,-0.37787125043285563,4,0,1,1,0,1,0,0,0,0,0,0,1,0,0,0,1,0,1,0,1,0,1,1,0,1,0,0
0,-1.2039956704904167,0.8303112083302836,-0.9008647797609013,0.5937793313947903,3,1,1,1,1,0,0,1,0,0,1,0,1,0,0,0,0,0,1,0,0,0,0,0,0,1,0,0
0,0.14191623768762732,-1.1256058682051684,-0.5135326114399011,-1.1140298268764597,1,0,0,0,0,1,0,0,0,0,1,0,0,0,0,0,0,0,0,0,0,0,1,0,0,0,0,0
0,-0.9184992051193165,1.176255725268527,-0.5407532900496234,1.3783520803487168,3,0,1,1,1,0,1,1,0,0,1,0,0,0,0,0,0,0,1,0,1,0,0,1,0,1,0,1
0,0.34584228438127035,-1.4715503851434115,-0.6420036262073425,-1.4759971078871765,0,0,0,0,1,0,0,0,1,1,0,1,0,1,0,1,0,1,0,1,0,0,1,0,0,0,1,0
0,-0.22515064636093016,0.6756340925838579,-0.06121493324512289,0.490635743955722,2,1,1,1,1,0,1,1,0,0,0,0,1,0,0,0,1,0,0,0,0,0,0,1,1,0,0,0
0,0.9576204244621995,1.161286972131776,1.4228414645071372,1.1139604652787416,3,0,1,1,1,0,1,1,0,0,0,0,0,0,1,0,0,0,1,0,1,1,0,1,1,0,0,0
0,-1.081640042474231,-1.4698871903504391,-0.9607105666881111,-1.5283078876752525,0,0,0,0,1,0,0,0,1,1,0,1,0,1,0,1,0,1,0,1,0,0,0,0,0,0,1,0
0,-1.2039956704904167,0.31638401730183613,-0.9091809838418294,0.38546612176338657,0,1,0,0,1,0,1,1,0,0,0,0,0,0,0,0,0,0,0,0,0,0,0,1,0,1,0,1
0,-1.0408548331355023,-0.47197031456704513,-0.855886689254237,-0.49199111137897183,1,0,1,1,1,0,0,0,0,0,1,0,0,0,0,0,0,0,0,0,0,0,0,0,0,0,1,0
0,-1.1632104611516882,-1.4648976059715222,-0.9827032867641994,-1.6299779952937625,0,0,1,1,1,0,0,0,1,1,0,1,0,1,0,1,0,1,0,1,0,0,0,0,0,0,1,0
0,0.01956060967144149,0.800373702056782,0.32527899699875473,0.8904008657264614,3,1,0,0,1,0,0,1,0,0,1,0,0,0,0,0,1,0,1,0,0,0,1,1,0,1,0,0
1,-0.22515064636093016,0.4377972371888154,-0.06831789800389967,0.4708665563632342,1,0,0,0,1,0,1,1,0,0,0,0,0,0,1,0,0,0,0,0,0,0,0,1,0,1,0,1
0,1.6101837738818572,-1.3750850871510167,-0.24988467728803618,-1.357499344101492,0,1,1,0,1,0,1,0,1,1,0,1,0,1,0,1,0,1,0,1,0,0,1,1,0,0,0,0
0,-1.285566089167874,-1.5014878914169132,-1.001740114673592,-1.4965359790444681,0,1,0,0,1,0,0,0,1,1,0,1,0,1,0,1,0,1,0,1,0,0,0,0,0,0,1,0
1,1.5693985645431285,-0.280702913375228,0.7477951056621432,-0.2903630381869667,4,1,0,0,0,1,0,0,0,0,1,0,1,0,0,0,0,0,1,0,1,1,0,1,0,1,0,0
0,-0.7961435771031307,0.7005820144784427,-0.47413542181513274,0.9489021362244944,1,0,0,0,1,0,1,1,0,0,0,0,0,0,0,0,0,0,0,0,1,0,0,1,0,1,0,0
0,-0.30672106503838736,-0.20918553727741815,-0.3475173543760678,-0.1586015671794924,5,0,1,1,0,1,0,0,0,0,1,0,1,0,1,0,0,0,1,0,1,0,0,1,1,0,0,1
0,1.4062577271882142,-0.4769598989459623,0.42783080806569074,-0.5381335718044721,1,1,0,0,1,0,0,0,0,0,0,0,0,0,0,0,1,0,0,0,0,0,1,0,0,0,0,0
0,-1.285566089167874,-0.9792447264236037,-0.9948136210889463,-0.9760292324323133,1,1,0,0,0,1,0,0,0,0,0,0,0,0,0,0,0,0,0,0,1,0,0,1,0,1,0,1
0,-1.2447808798291453,-0.6831960532745303,-0.9746076716509352,-0.8044609258260776,0,1,0,0,1,0,0,0,0,0,0,0,0,0,0,0,0,0,0,0,0,0,0,0,0,1,0,1
0,0.4274127030587276,-1.3035677110532067,-0.4862457561398796,-1.2352031961024004,0,0,0,0,1,0,1,0,1,1,0,1,0,1,0,1,0,1,0,1,0,0,1,1,1,0,0,0
0,-0.3882914837158446,0.3363423548175038,-0.22581842091590731,0.4123010721910509,1,0,0,0,1,0,0,1,0,0,1,0,0,0,0,0,0,0,0,0,0,0,0,1,0,0,0,0
0,1.2839020991720282,-1.4865191382801624,-0.44673827203127936,-1.4894132006150125,0,0,1,1,1,0,0,0,1,1,0,1,0,1,0,1,0,1,0,1,0,0,1,0,0,0,1,0
0,0.9984056338009281,-1.5064774757958301,-0.49403254669841445,-1.4704786516914403,0,1,0,1,1,0,0,0,1,1,0,1,0,1,0,1,0,1,0,1,0,0,1,1,0,0,1,0
1,-1.285566089167874,0.18499162865702248,-0.9793723933524751,0.18433612625720378,0,0,1,0,1,0,0,1,0,0,0,0,0,0,0,0,0,0,0,0,0,0,0,1,0,0,1,1
1,1.6101837738818572,0.77043619578328,1.8244016212424576,0.8074569284979135,6,0,1,1,1,0,1,0,0,0,1,0,1,0,1,0,1,0,1,0,1,0,1,1,1,0,0,0
0,-1.0000696237967737,0.20827635575863512,-0.7617834356488273,0.18454333435696957,3,0,0,0,1,0,1,0,0,0,1,0,0,0,0,0,1,0,0,0,1,0,0,0,0,1,0,1
0,1.1615464711558425,1.2028668419560842,1.623930367429527,1.09404082760358,3,0,1,0,1,0,1,1,0,0,0,0,1,0,0,0,0,0,1,0,1,0,1,1,0,0,0,0
0,1.2839020991720282,0.6456965863103559,1.3229587799489342,0.5885214258632286,2,1,0,0,1,0,1,1,0,0,1,0,1,0,0,0,0,0,0,0,0,1,0,1,1,0,0,0
1,1.5693985645431285,-1.361779528807238,-0.23565668887371616,-1.3312597944536615,0,1,1,0,1,0,1,0,1,1,0,1,0,1,0,1,0,1,0,1,0,0,1,0,0,0,0,0
0,1.324687308510757,1.136339050237191,1.820453078721274,1.1215287980479962,4,0,1,1,1,0,1,1,0,0,1,0,1,0,0,0,1,0,1,0,0,0,1,1,1,0,0,0
0,-1.2039956704904167,-1.5064774757958301,-0.9833871125639575,-1.4733286718706777,0,1,0,0,1,0,0,0,1,1,0,1,0,1,0,1,0,1,0,1,0,1,0,0,0,0,1,0
0,-1.285566089167874,-0.6399529886572499,-0.9903136061486032,-0.6378656136142256,0,1,0,0,1,0,0,0,0,0,0,0,0,0,0,0,0,0,0,0,0,0,0,1,0,1,0,1
0,-0.10279501834474433,-0.012928551706684058,-0.15900202261051918,-0.018506789540378203,3,1,0,1,1,0,0,0,0,0,0,0,1,0,1,0,0,0,1,0,0,1,0,0,1,0,0,0
0,-0.7145731584256735,0.15339092759054826,-0.537775338986161,0.21671584531396862,4,1,1,1,1,0,0,0,0,0,0,0,1,0,1,0,1,0,0,0,1,0,0,1,0,0,1,0
0,-1.0000696237967737,0.12179022652407402,-0.761474611094098,0.18744424775369353,3,0,1,1,1,0,0,0,0,0,0,0,0,0,0,0,1,0,1,0,1,0,0,1,0,1,0,0
0,-1.0408548331355023,1.001620272006433,-0.7212612422889734,0.9532557833316652,2,1,0,0,1,0,1,1,0,0,0,0,0,0,0,0,0,0,1,0,1,0,0,0,0,0,1,1
0,1.5286133552044,1.4390405025581543,2.488330296117192,1.6047417299216102,5,0,1,1,1,0,1,1,0,0,1,0,1,0,1,0,0,0,1,0,1,1,0,1,1,0,0,0
0,1.2023316804945712,0.7055715988573593,1.290399848321746,0.6374400832551584,6,1,1,1,1,0,0,0,0,0,1,0,1,0,1,0,1,0,1,0,1,0,1,0,0,1,0,0
0,-1.081640042474231,-1.5031510862098856,-0.9603796832366152,-1.5241637256799327,0,0,1,1,1,0,0,0,1,1,0,1,0,1,0,1,0,1,0,1,0,0,0,0,0,0,1,0
0,-0.7553583677644021,0.5325993403882381,-0.501863455050482,0.578623538954764,1,0,1,1,1,0,0,1,0,0,0,0,0,0,0,0,0,0,0,0,1,0,0,1,0,0,0,0
0,-0.4290766930545732,0.6407070019314391,-0.20664923962591644,0.5943067701941946,1,0,0,0,1,0,1,1,0,0,0,0,0,0,0,0,0,0,1,0,0,0,0,1,0,0,0,0
0,-0.4290766930545732,-1.4881823330731347,-0.8252027638521918,-1.5185377118196202,0,1,1,1,1,0,0,0,1,1,0,1,0,1,0,1,0,1,0,1,0,1,0,0,0,0,1,0
0,-0.6737879490869448,-0.021244525671545673,-0.5586871731206966,-0.029502632701293042,3,1,1,1,1,0,0,0,0,0,1,0,0,0,1,0,0,0,1,0,0,0,1,0,0,0,1,0
0,-0.9184992051193165,-1.3035677110532067,-0.8994530103678526,-1.3171766478870315,0,1,0,0,1,0,1,0,1,1,0,1,0,1,0,1,0,1,0,1,0,0,1,0,0,0,0,0
0,-0.7961435771031307,-0.295671666511979,-0.6731507884414819,-0.2015172336762555,2,0,0,1,1,0,0,0,0,0,1,0,1,0,0,0,0,0,0,0,0,0,0,1,0,1,0,0
0,-0.5106471117320305,0.5824951841774079,-0.3079436935771685,0.4882689669939505,1,0,1,0,1,0,1,1,0,0,1,0,0,0,0,0,0,0,0,0,0,0,0,0,0,1,0,1
0,-1.2447808798291453,0.16004370676243765,-0.950806122040003,0.08984923276391424,0,0,0,0,1,0,0,1,0,0,0,0,0,0,0,0,0,0,0,0,0,0,0,1,0,1,0,0
0,0.8352647964460137,0.2997520693721129,0.7358391836147612,0.3247059302949007,4,1,0,0,1,0,1,0,0,0,0,0,1,0,1,0,1,0,0,0,1,0,1,1,0,0,0,0
0,-0.877713995780588,-1.4732135799363837,-0.9072618598231538,-1.4463539447011422,0,0,1,1,1,0,0,0,1,1,0,1,0,1,0,1,0,1,0,1,0,1,0,0,0,0,1,0
0,1.4878281458656715,-1.4964983070379965,-0.40892932297369095,-1.4961996412593408,0,1,1,0,1,0,0,0,1,1,0,1,0,1,0,1,0,1,0,1,0,0,1,0,0,0,1,0
0,-1.1632104611516882,0.19996038179377348,-0.8900118025518386,0.11139887513957689,0,0,0,0,1,0,0,1,0,0,0,0,0,0,0,0,0,0,0,0,0,0,0,1,0,0,0,1
0,1.6101837738818572,0.8037000916427265,1.7488719587143464,0.7286257580980542,6,1,1,0,1,0,1,0,0,0,1,0,1,0,1,0,1,0,1,0,1,0,1,1,0,0,0,0
1,1.0391908431396566,-0.6515953522080562,0.1591975632446222,-0.6358649836854506,3,1,1,0,0,1,0,0,0,0,0,0,1,0,1,0,0,0,0,0,1,0,0,1,0,1,0,1
0,-0.6737879490869448,-1.4798663591082732,-0.8686587904819754,-1.485346741657105,0,0,1,1,1,0,0,0,1,1,0,1,0,1,0,1,0,1,0,1,0,0,0,0,0,1,0,0
0,0.4274127030587276,0.6440333915173836,0.5509856287124328,0.5774725358225091,3,1,1,0,1,0,0,1,0,0,1,0,0,0,1,0,1,0,0,0,0,1,0,1,0,0,0,0
0,-1.2447808798291453,1.31430089308523,-0.9033353761987368,1.873496555549515,4,0,1,0,1,0,1,1,0,0,0,0,0,0,1,0,1,0,1,0,1,0,0,1,0,1,0,1
0,-0.7553583677644021,0.5675264310406568,-0.4890913538227436,0.6471798188201959,5,1,1,0,1,0,0,0,0,0,0,0,1,0,1,0,1,0,1,0,1,0,1,0,0,0,1,0
0,0.8352647964460137,0.9966306876275159,1.1955245333295128,0.976480962902201,3,0,1,0,1,0,0,1,0,0,0,0,0,0,1,0,0,0,1,0,1,1,0,1,0,0,0,1
0,-0.02122459966728712,-1.4748767747293563,-0.7216803613275348,-1.4731732657958534,0,0,0,0,1,0,0,0,1,1,0,1,0,1,0,1,0,1,0,1,0,1,0,0,0,0,0,0
0,0.060345819010170096,-1.3368316069126531,-0.6662463537536026,-1.390542941658291,0,0,1,0,1,0,1,0,1,1,0,1,0,1,0,1,0,1,0,1,0,0,0,0,0,1,0,0
1,-0.7145731584256735,0.31804721209480835,-0.504995818391309,0.38093517131517074,0,0,0,0,1,0,1,1,0,0,0,0,0,0,0,0,0,0,0,0,0,0,0,1,0,0,1,1
1,-1.0408548331355023,0.3845750038137013,-0.788276170665259,0.23382926094416495,1,0,0,0,1,0,0,1,0,0,1,0,0,0,0,0,0,0,0,0,0,0,0,0,0,0,0,1
0,-0.7145731584256735,1.3459015941517039,-0.32254668323651703,1.2949715410028844,4,0,1,1,1,0,1,1,0,0,0,0,1,0,1,0,0,0,1,0,1,0,0,1,0,0,0,0
0,1.1615464711558425,-1.4748767747293563,-0.458098603865969,-1.4708557620898641,0,1,1,0,1,0,0,0,1,1,0,1,0,1,0,1,0,1,0,1,0,1,0,1,1,0,0,0
0,-1.285566089167874,-1.1621961536505592,-0.997240099733249,-1.1583723602263802,1,0,0,0,0,1,0,0,0,0,0,0,1,0,0,0,0,0,0,0,0,0,0,0,0,0,0,1
0,-1.285566089167874,-0.6515953522080562,-0.9904680184259679,-0.6494692672011209,0,0,0,0,1,0,0,0,0,0,0,0,0,0,0,0,0,0,0,0,0,0,0,0,0,0,1,0
0,-1.0000696237967737,0.6523493654822452,-0.7181068200513798,0.5948153718936202,1,1,0,0,1,0,1,1,0,0,0,0,0,0,0,0,0,0,0,0,1,0,0,0,0,0,0,1
0,0.01956060967144149,0.3280263808526422,0.07188844984326015,0.31338281917812877,4,1,1,1,1,0,0,0,0,0,1,0,0,0,1,0,0,0,1,0,1,1,0,0,1,0,0,0
0,-0.7961435771031307,0.47771391222015125,-0.520017927089219,0.6836757685240333,2,0,0,0,1,0,0,1,0,0,0,0,1,0,1,0,0,0,0,0,0,0,0,1,0,1,0,1
0,-1.285566089167874,-1.3335052173267088,-0.9995121661001868,-1.3291118344335522,0,0,1,0,0,1,0,0,0,0,0,0,0,0,0,0,0,0,0,0,0,0,0,1,0,1,0,1
0,-0.5106471117320305,-0.43538002912165424,-0.5587533498109958,-0.4541134707417498,1,1,0,0,1,0,0,0,0,0,0,0,1,0,0,0,0,0,0,0,0,0,0,1,0,0,1,0
0,-1.2039956704904167,-1.1472274005138086,-0.9742106115091402,-1.2434658198636113,1,1,0,0,0,1,0,0,0,0,0,0,0,0,0,0,1,0,0,0,0,0,0,0,0,1,0,0
0,-0.7961435771031307,-1.504814281002858,-0.9024530203280813,-1.5270115087946652,0,0,0,0,1,0,0,0,1,1,0,1,0,1,0,1,0,1,0,1,0,1,0,0,0,1,0,0
0,0.30505707504254176,-0.27571332899631107,0.039153047041940794,-0.17943841369195995,1,0,1,0,1,0,1,0,0,0,0,0,1,0,0,0,0,0,0,0,0,0,0,0,1,0,0,0
0,0.4274127030587276,0.23322427765321996,0.38955862217600823,0.29536111738762905,3,1,1,1,1,0,1,0,0,0,1,0,0,0,0,0,1,0,0,0,1,1,0,1,1,0,0,0
0,-1.081640042474231,0.8685646885686472,-0.7761878952372785,0.7827531183813689,3,1,1,0,1,0,0,1,0,0,0,0,1,0,1,0,0,0,0,0,1,0,0,1,0,1,0,1
0,1.4878281458656715,-1.5014878914169132,-0.4036572466465243,-1.4904578747846657,0,0,1,1,1,0,0,0,1,1,0,1,0,1,0,1,0,1,0,1,0,0,1,0,0,0,0,0
0,1.6101837738818572,1.4905995411402961,2.576014410763583,1.5919237710897374,5,0,1,1,1,0,1,1,0,0,1,0,1,0,1,0,0,0,1,0,1,0,1,0,1,0,0,0
0,1.0799760524783852,-1.5164566445536642,-0.4842604554309047,-1.4811112676178206,0,1,1,1,1,0,0,0,1,1,0,1,0,1,0,1,0,1,0,1,0,0,1,0,1,0,0,0
0,-0.5106471117320305,1.053179310588575,-0.17148735818029454,1.0009846890549048,4,0,1,0,1,0,0,1,0,0,1,0,1,0,0,0,1,0,1,0,0,0,0,1,0,1,0,0
0,-0.347506274377116,-1.3567899444283211,-0.7513054596847932,-1.3398866556213835,0,1,1,1,1,0,1,0,1,1,0,1,0,1,0,1,0,1,0,1,0,0,1,1,0,0,0,0
0,1.0799760524783852,1.5454849693083825,1.8659164649567994,1.512266109625275,5,1,0,0,1,0,1,1,0,0,0,0,1,0,1,0,1,0,1,0,1,0,0,1,0,1,0,0
0,1.6101837738818572,1.5754224755818846,2.537345164732106,1.5515642378797625,5,1,1,1,1,0,1,1,0,0,0,0,1,0,1,0,1,0,1,0,1,0,1,1,0,0,0,0
0,-1.285566089167874,-1.4682239955574667,-1.0012989367382643,-1.4633826830819106,0,1,0,1,1,0,0,0,1,1,0,1,0,1,0,1,0,1,0,1,0,0,0,0,0,0,1,0
0,-0.22515064636093016,1.231141153436614,0.1724108424076885,1.1408701097695144,4,0,1,0,1,0,0,1,0,0,1,0,0,0,0,0,1,0,1,0,1,1,0,1,1,0,0,0
0,-0.7553583677644021,0.5043250289077084,-0.5197311614312561,0.4827157899202224,2,0,0,0,1,0,0,1,0,0,0,0,1,0,0,0,1,0,0,0,0,0,0,1,1,0,0,0
0,1.5693985645431285,1.3525543733235932,2.256689821173356,1.3066685841558712,4,1,1,1,1,0,1,1,0,0,1,0,0,0,1,0,0,0,1,0,1,0,1,0,0,1,0,0
0,-0.7961435771031307,0.446113211153677,-0.5542974526641854,0.4855210688093621,1,1,0,1,1,0,0,1,0,0,0,0,0,0,0,0,0,0,1,0,0,0,0,1,1,0,0,0
0,0.4681979123974562,0.13176939528190787,0.29497007284173804,0.07820790497706184,0,1,0,0,1,0,0,1,0,0,0,0,0,0,0,0,0,0,0,0,0,0,0,0,1,0,0,0
0,0.01956060967144149,0.5009986393217639,0.17404320076840113,0.5460084458487414,2,0,0,0,1,0,0,1,0,0,0,0,1,0,0,0,1,0,0,0,0,1,0,1,0,0,0,0
0,1.6101837738818572,-0.31396680923467446,0.833317448425428,-0.2269489286560807,5,1,1,1,0,1,0,0,0,0,1,0,1,0,1,0,1,0,0,0,1,0,1,1,1,0,0,0
0,-1.285566089167874,0.49933544452879164,-0.9752032618636276,0.49763477310337345,1,1,0,0,1,0,0,1,0,0,0,0,0,0,0,0,0,0,0,0,1,0,0,0,0,1,0,1
0,-0.551432321070759,1.3874814639760118,-0.15701672190154428,1.2241281822618402,5,0,0,0,1,0,0,1,0,0,1,0,0,0,1,0,1,0,1,0,1,0,0,1,0,1,0,1
0,1.2839020991720282,1.2494362961593093,1.925188720568083,1.295644967327124,5,1,1,0,1,0,0,1,0,0,0,0,1,0,1,0,1,0,1,0,1,1,0,1,1,0,0,0
0,-1.2447808798291453,-0.6283106251064436,-0.97317384336112,-0.7505868198869214,0,1,0,0,1,0,0,0,0,0,0,0,0,0,0,0,0,0,0,0,0,0,0,1,1,0,0,1
0,-1.285566089167874,-1.3185364641899577,-0.9993136360292894,-1.314192851250401,0,0,0,0,0,1,0,0,0,0,0,0,0,0,0,0,0,0,0,0,0,0,0,0,0,1,0,0
0,1.1615464711558425,-1.5014878914169132,-0.5144811440008558,-1.5403146346146979,0,1,0,1,1,0,0,0,1,1,0,1,0,1,0,1,0,1,0,1,0,0,1,0,0,0,1,0
0,-0.14358022768347295,-1.4931719174520517,-0.7721952349225624,-1.5339191782850072,0,0,1,1,1,0,0,0,1,1,0,1,0,1,0,1,0,1,0,1,0,1,0,0,0,1,0,0
1,-0.3882914837158446,0.728856325958972,-0.1387519553789754,0.6967707660263006,1,1,1,0,1,0,1,1,0,0,0,0,0,0,0,0,0,0,0,0,1,0,0,0,0,1,0,0
0,0.9984056338009281,-0.20419595289850123,0.5060737148960676,-0.15196625489281074,5,0,1,0,0,1,0,0,0,0,1,0,1,0,1,0,0,0,1,0,1,0,0,1,0,0,0,0
0,1.6101837738818572,-0.6532585470010285,0.3747571024457622,-0.705553592871114,4,1,1,1,0,1,0,0,0,0,1,0,1,0,1,0,1,0,0,0,0,0,1,0,1,0,0,0
0,1.3654725178494855,-0.27571332899631107,0.6612580536476045,-0.2479125279212941,5,1,1,0,0,1,0,0,0,0,1,0,1,0,1,0,1,0,1,0,0,0,1,1,0,0,0,0
0,1.324687308510757,0.6423701967244113,1.338598537756303,0.5644514157356046,5,1,1,1,1,0,1,0,0,0,0,0,1,0,1,0,1,0,1,0,1,0,1,1,0,0,0,0
0,-1.0000696237967737,0.5026618341147361,-0.7348936404906009,0.4371300079717057,1,0,0,0,1,0,0,1,0,0,0,0,0,0,0,0,0,0,1,0,0,0,0,1,0,0,0,0
0,-1.1632104611516882,0.17501245989918865,-0.8920632799511128,0.07285816858310383,0,0,0,0,1,0,0,1,0,0,0,0,0,0,0,0,0,0,0,0,0,0,0,1,0,1,0,1
0,1.5693985645431285,-1.335168412119681,-0.20005362949276653,-1.2935771045356559,0,0,1,0,1,0,1,0,1,1,0,1,0,1,0,1,0,1,0,1,0,0,1,0,0,0,0,0
0,-1.285566089167874,-1.4865191382801624,-1.0015415846026945,-1.4816169958613172,0,1,1,1,1,0,0,0,1,1,0,1,0,1,0,1,0,1,0,1,0,1,0,1,0,1,0,0
0,-1.1632104611516882,-0.4935918468756855,-0.9313281161952828,-0.6648026665838037,1,1,1,0,1,0,0,0,0,0,0,0,0,0,0,0,1,0,0,0,0,0,0,0,0,0,1,1
0,-0.8369287864418593,-1.5147934497606919,-0.9136809987821727,-1.5452989518560634,0,0,0,0,1,0,0,0,1,1,0,1,0,1,0,1,0,1,0,1,0,1,0,1,0,0,0,0
0,-0.347506274377116,-0.47529670415298986,-0.44188531474267406,-0.37105065048222535,3,1,0,0,0,1,0,0,0,0,1,0,0,0,0,0,0,0,1,0,1,1,0,1,0,0,1,0
0,-0.06200980900601573,0.5409153143530997,0.11267534996431079,0.5712671739750538,5,0,1,1,1,0,0,0,0,0,1,0,0,0,1,0,1,0,1,0,1,1,0,1,0,0,1,0
0,-1.285566089167874,-0.32228278319953607,-0.9861003568662232,-0.3212516371718001,1,0,1,0,1,0,0,0,0,0,0,0,0,0,0,0,0,0,1,0,0,0,0,0,0,0,1,1
0,-0.10279501834474433,0.8319744031232563,0.19094031569145412,0.858066355709646,2,1,0,0,1,0,1,1,0,0,0,0,0,0,0,0,1,0,0,0,1,0,0,1,1,0,0,0
0,0.590553540413642,0.6789604821698023,0.8015746959785963,0.7458965287208662,5,0,1,1,1,0,1,0,0,0,1,0,1,0,0,0,1,0,1,0,1,0,1,1,1,0,0,0
0,0.8760500057847422,1.4340509181792371,1.531018294249502,1.3854370624859003,5,1,0,0,1,0,1,1,0,0,1,0,1,0,0,0,1,0,1,0,1,0,1,1,1,0,0,0
0,0.7129091684298279,0.9517244282172633,1.0840388690721898,0.9965918773398657,4,1,0,0,1,0,0,1,0,0,1,0,1,0,0,0,1,0,0,0,1,0,0,1,1,0,0,0
0,-1.285566089167874,0.6556757550681896,-0.9731297255675873,0.653455264127394,2,1,0,0,1,0,0,1,0,0,1,0,0,0,0,0,0,0,0,0,1,0,0,1,0,0,1,1
0,1.6101837738818572,-1.48485594348719,-0.3191716720312597,-1.429814970919821,0,0,0,0,1,0,0,0,1,1,0,1,0,1,0,1,0,1,0,1,0,0,1,0,1,0,0,0
0,-0.14358022768347295,-1.3218628537759025,-0.7007464682962329,-1.348775168590655,0,0,0,0,1,0,1,0,1,1,0,1,0,1,0,1,0,1,0,1,0,0,0,0,0,1,0,0
0,-1.2447808798291453,-0.3488938998870934,-0.9601149764754185,-0.2599180396410687,1,1,0,0,1,0,1,0,0,0,0,0,1,0,0,0,0,0,0,0,0,0,0,1,0,0,1,1
0,-0.9184992051193165,-1.1738385172013657,-0.8785191173365507,-1.1598642585446954,1,0,0,0,0,1,0,0,0,0,0,0,0,0,0,0,1,0,0,0,0,0,1,1,0,0,1,0
0,-0.5922175304094877,0.274804147477528,-0.43429705425503673,0.25405014026735956,0,1,1,0,1,0,1,1,0,0,0,0,0,0,0,0,0,0,0,0,0,0,0,1,0,1,0,0
1,-0.877713995780588,1.001620272006433,-0.516201737948634,1.2251989226816833,3,0,0,0,1,0,0,1,0,0,0,0,1,0,0,0,0,0,1,0,1,0,0,1,0,1,0,1
0,-0.6737879490869448,-1.5014878914169132,-0.8850044329858687,-1.5621173426204025,0,1,0,0,1,0,0,0,1,1,0,1,0,1,0,1,0,1,0,1,0,0,1,0,0,0,1,0
0,1.6101837738818572,0.7222035467870825,1.791247099402577,0.772853175836994,5,0,0,0,1,0,1,0,0,0,0,0,1,0,1,0,1,0,1,0,1,0,1,0,0,0,0,0
0,1.6101837738818572,1.473967593210573,2.465278748996317,1.47634769766471,5,1,0,0,1,0,1,1,0,0,0,0,1,0,1,0,1,0,1,0,1,0,1,0,0,0,0,0
0,0.34584228438127035,0.32636318605966996,0.39586746665119515,0.4262743250864048,4,0,1,1,1,0,0,0,0,0,1,0,0,0,0,0,1,0,1,0,1,1,0,1,1,0,0,0
1,1.324687308510757,0.9816619344907653,1.6922688296117956,0.9733335650953633,4,0,1,0,1,0,0,1,0,0,1,0,1,0,1,0,0,0,0,0,1,0,0,0,0,1,0,0
1,-0.7961435771031307,-0.33558834154331485,-0.6878199547911298,-0.2863131637343358,2,0,0,0,1,0,0,0,0,0,0,0,1,0,1,0,0,0,0,0,0,0,0,1,0,1,0,0
1,-1.1632104611516882,0.34798471836830985,-0.8898353313777075,0.11471420473583246,1,1,0,0,1,0,0,1,0,0,1,0,0,0,0,0,0,0,0,0,0,0,0,0,0,1,0,0
0,0.34584228438127035,0.0037033962230391725,0.10652091776648873,-0.10405711776831268,2,1,0,0,1,0,1,0,0,0,0,0,0,0,1,0,0,0,0,0,1,1,0,0,0,0,1,0
1,-0.7145731584256735,0.31638401730183613,-0.5364959229737106,0.22312548253339579,1,1,0,0,1,0,0,1,0,0,0,0,1,0,0,0,0,0,0,0,0,0,0,1,0,1,0,1
0,-1.285566089167874,-0.5434876906648552,-0.9890341901361527,-0.5417210553228086,1,1,0,0,1,0,0,0,0,0,1,0,0,0,0,0,0,0,0,0,0,0,0,1,0,0,1,1
0,0.38662749371999894,1.134675855444219,0.8859279172132625,1.2417289264153957,4,1,0,0,1,0,1,1,0,0,1,0,1,0,1,0,0,0,0,0,1,1,0,1,0,1,0,0
0,0.7536943777685564,0.9517244282172633,1.027590152247004,0.8516924720446872,4,0,1,0,1,0,0,1,0,0,1,0,1,0,1,0,0,0,1,0,0,1,0,1,0,1,0,0
0,-1.2447808798291453,0.18332843386405026,-0.9455340457128363,0.28794017614019635,0,0,1,1,1,0,0,1,0,0,0,0,0,0,0,0,0,0,0,0,0,0,0,0,0,1,0,1
1,-1.285566089167874,-0.821241221091233,-0.9927180258961396,-0.8185510766101646,2,1,1,0,0,1,0,0,0,0,0,0,1,0,0,0,0,0,1,0,0,0,0,0,0,1,0,1
0,-0.02122459966728712,0.6257382487946881,0.1513004782022556,0.5768918712638628,5,1,0,1,1,0,1,0,0,0,0,0,1,0,1,0,1,0,1,0,1,1,0,0,1,0,0,0
0,-0.9184992051193165,-1.4981615018309686,-0.9252839784812924,-1.5112891957478063,0,1,0,0,1,0,0,0,1,1,0,1,0,1,0,1,0,1,0,1,0,0,0,1,0,0,1,0
0,1.4062577271882142,-0.17758483621094415,0.8000967498952481,-0.12059997280139559,5,0,1,1,0,1,0,0,0,0,0,0,1,0,1,0,1,0,1,0,1,0,1,1,0,1,0,0
0,1.1615464711558425,1.6702245787813068,2.0813877685708735,1.6575925093015471,6,0,1,1,1,0,1,1,0,0,1,0,1,0,1,0,1,0,1,0,1,0,1,0,1,0,0,0
0,0.7129091684298279,1.6452766568867219,1.5444521623802325,1.6885674706703686,6,1,0,0,1,0,1,1,0,0,1,0,1,0,1,0,1,0,1,0,1,1,0,0,1,0,0,0
0,-1.2447808798291453,-0.6748800793096686,-0.9749164962056646,-0.8160645794129728,0,0,1,0,1,0,0,0,0,0,0,0,0,0,0,0,0,0,0,0,0,0,0,1,1,0,0,1
1,-0.14358022768347295,-0.6615745209658901,-0.46840010865587195,-0.746699881739587,3,0,1,0,0,1,0,0,0,0,1,0,0,0,1,0,0,0,0,0,1,0,0,1,0,1,0,0
1,-1.2039956704904167,-0.789640520024759,-0.9521296558459863,-0.6903583322216086,2,1,0,0,0,1,0,0,0,0,0,0,0,0,1,0,0,0,0,0,1,0,0,1,0,1,0,1
1,-0.7961435771031307,1.3974606327338461,-0.4085543217286624,1.327997324288663,4,1,0,0,1,0,1,1,0,0,0,0,1,0,1,0,0,0,1,0,1,0,0,1,0,1,0,1
1,0.9984056338009281,0.8303112083302836,1.1625023648702308,0.7134510970841982,2,1,1,0,1,0,1,1,0,0,0,0,1,0,0,0,0,0,0,0,1,0,0,1,0,1,0,0
0,-0.06200980900601573,-0.5002446260475747,-0.3398187994045986,-0.5256256648635669,4,0,0,0,0,1,0,0,0,0,1,0,1,0,0,0,1,0,0,0,1,0,1,1,0,0,0,0
0,0.5089831217361848,1.6103495662343033,1.2096642861567672,1.5561458391968106,6,0,1,0,1,0,1,1,0,0,1,0,1,0,1,0,1,0,1,0,1,1,0,0,0,0,1,0
0,1.1615464711558425,0.7720993905762523,1.427826775176341,0.8524565644010084,6,0,1,1,1,0,1,0,0,0,1,0,1,0,1,0,1,0,1,0,1,0,1,0,0,0,1,0
0,0.7129091684298279,-1.330178827740764,-0.48313545169581895,-1.3587840343200412,0,1,0,0,1,0,1,0,1,1,0,1,0,1,0,1,0,1,0,1,0,0,1,0,0,0,0,0
1,-0.551432321070759,1.3342592306008978,-0.12489896820968392,1.3511576531078502,5,0,0,0,1,0,0,1,0,0,1,0,1,0,0,0,1,0,1,0,1,0,0,1,0,0,1,0
0,1.0799760524783852,-1.5147934497606919,-0.5253341212099185,-1.5334260448061954,0,1,0,0,1,0,0,0,1,1,0,1,0,1,0,1,0,1,0,1,0,0,1,0,0,0,1,1
0,1.5693985645431285,-1.3518003600494042,-0.2459140758700864,-1.3421163315118232,0,0,1,0,1,0,1,0,1,1,0,1,0,1,0,1,0,1,0,1,0,0,1,1,1,0,0,0
1,-0.6737879490869448,0.9833251292837376,-0.3437452830290155,0.9800152293585869,3,0,0,0,1,0,0,1,0,0,0,0,0,0,0,0,1,0,1,0,1,0,0,1,0,1,0,1
0,0.9984056338009281,-0.17093205703905476,0.5116766746747302,-0.14457946789764423,3,1,1,0,1,0,0,0,0,0,1,0,1,0,0,0,1,0,0,0,0,0,1,1,0,1,0,0
0,-1.285566089167874,-1.3335052173267088,-0.9995121661001868,-1.3291118344335522,0,1,0,0,0,1,0,0,0,0,0,0,0,0,0,0,0,0,0,0,0,0,0,0,0,0,0,1
1,-0.5106471117320305,1.4024502171127629,-0.05219284446767024,1.4492172504686838,4,1,1,0,1,0,1,1,0,0,0,0,1,0,0,0,1,0,1,0,1,0,0,0,0,1,0,0
0,-1.285566089167874,0.18998121303593918,-0.9793062166621758,0.18930912065158711,0,1,0,0,1,0,0,1,0,0,0,0,0,0,0,0,0,0,0,0,0,0,0,0,0,0,1,1
0,-1.1224252518129596,0.6822868717557472,-0.8334969090363537,0.5082438278113917,2,1,1,0,1,0,1,1,0,0,0,0,1,0,0,0,1,0,0,0,0,0,0,1,0,1,0,1
0,0.7944795871072851,1.33592242539387,1.4711063306319936,1.4348848255987168,4,0,1,0,1,0,1,1,0,0,0,0,1,0,1,0,0,0,1,0,1,0,0,1,0,1,0,1
1,-0.46986190239330183,0.002040201430066944,-0.41936318114419235,-0.03613329189380466,3,1,1,0,1,0,0,0,0,0,1,0,1,0,0,0,0,0,0,0,1,0,0,1,0,0,0,0
0,-0.7553583677644021,-0.32893556237142546,-0.6698860717200565,-0.323264515855241,4,1,0,0,0,1,0,0,0,0,0,0,0,0,1,0,1,0,1,0,1,0,0,1,0,1,0,0
0,-1.1224252518129596,-0.4769598989459623,-0.9024750792248477,-0.5284597369377853,1,0,0,0,1,0,0,0,0,0,0,0,1,0,0,0,0,0,0,0,0,0,0,0,0,0,0,0
0,-1.081640042474231,-0.3239459779925085,-0.8679970235789838,-0.3671136965866717,2,0,0,0,1,0,0,0,0,0,1,0,1,0,0,0,0,0,0,0,0,0,0,0,0,0,1,0
0,-0.9184992051193165,-0.4553383666373219,-0.7906364726192624,-0.49945060297054733,1,0,0,0,1,0,0,0,0,0,0,0,1,0,0,0,0,0,0,0,0,0,0,0,0,1,0,0
0,-1.285566089167874,-1.3135468798110408,-0.9992474593389902,-1.3092198568560176,0,0,0,1,1,0,1,0,1,1,0,1,0,1,0,1,0,1,0,1,0,0,0,0,0,0,1,0
0,1.4470429365269428,-0.3472307050941209,0.6165005521086041,-0.3533567039237769,1,0,0,0,1,0,1,0,0,0,1,0,0,0,0,0,0,0,0,0,0,0,0,0,0,0,1,0
0,-0.5922175304094877,1.0066098563853503,-0.22517871290968205,1.127086933948044,3,1,1,1,1,0,0,1,0,0,0,0,0,0,1,0,0,0,1,0,1,0,0,0,0,0,1,1
0,-0.4290766930545732,0.36960625067695024,-0.2235684134457358,0.5365145474594633,0,0,0,0,1,0,1,1,0,0,0,0,0,0,0,0,0,0,0,0,0,1,0,1,1,0,0,0
0,-0.5106471117320305,-0.6831960532745303,-0.6014152561571894,-0.614409656720716,0,0,0,0,1,0,0,0,0,0,0,0,0,0,0,0,0,0,0,0,0,0,0,1,0,1,0,0
0,-1.285566089167874,0.17002287552027148,-0.9795709234233724,0.16941714307405273,0,1,1,0,1,0,0,1,0,0,0,0,0,0,0,0,0,0,0,0,0,0,0,0,0,1,0,1
1,-1.0000696237967737,0.3197104068877806,-0.7428569022232668,0.36232788395618476,1,1,0,0,1,0,0,1,0,0,0,0,1,0,0,0,0,0,0,0,0,0,0,1,0,1,0,1
0,-0.9184992051193165,-0.666564105344807,-0.8183645058546116,-0.7078190680952222,0,1,0,0,1,0,0,0,0,0,0,0,0,0,0,0,0,0,0,0,0,0,0,1,1,0,0,1
1,-0.347506274377116,0.37293264026289474,-0.2548479290604734,0.2145885088230374,0,1,0,0,1,0,1,1,0,0,0,0,0,0,0,0,0,0,0,0,0,0,0,1,0,1,0,1
0,0.1011310283488987,-0.1226994080428573,-0.11874453601186176,-0.23675809431865324,3,1,0,0,1,0,0,0,0,0,1,0,1,0,1,0,0,0,0,0,0,1,0,0,0,0,1,0
0,-0.3882914837158446,0.728856325958972,-0.1542152420122131,0.646248025874664,3,1,1,1,1,0,0,1,0,0,0,0,1,0,1,0,1,0,0,0,0,1,0,0,0,0,1,0
1,-1.081640042474231,0.8136792604005604,-0.7599525472172173,0.9860933336183888,2,0,0,0,1,0,0,1,0,0,0,0,0,0,0,0,0,0,1,0,1,0,0,1,0,1,0,0
0,-0.8369287864418593,-1.5031510862098856,-0.9132398208468449,-1.542536177192517,0,0,0,0,1,0,0,0,1,1,0,1,0,1,0,1,0,1,0,1,0,0,0,0,0,0,1,0
0,-1.285566089167874,-1.48485594348719,-1.0015195257059282,-1.4799593310631893,0,1,0,0,1,0,0,0,1,1,0,1,0,1,0,1,0,1,0,1,0,0,0,0,0,0,1,0
0,1.5693985645431285,0.3712694454699225,1.3879884076162448,0.3872249585914472,1,0,1,1,1,0,0,1,0,0,0,0,0,0,1,0,0,0,0,0,0,0,1,0,0,1,0,0
1,0.1011310283488987,1.1945508679912225,0.5060957737928341,1.1048137077319284,3,1,1,0,1,0,1,1,0,0,0,0,0,0,1,0,0,0,1,0,1,0,0,1,0,1,0,0
0,0.30505707504254176,0.3213736016807528,0.32002897956835447,0.34823773317209783,3,1,1,1,1,0,1,0,0,0,0,0,0,0,1,0,0,0,1,0,1,0,0,1,0,1,0,0
0,-1.285566089167874,0.2897729006142786,-0.9779826828561926,0.28876900853926,1,0,0,1,1,0,0,1,0,0,1,0,0,0,0,0,0,0,0,0,0,0,0,1,0,0,1,1
0,-0.3882914837158446,0.00037700663709471546,-0.3443629321384744,0.02498408848934488,2,1,0,0,1,0,0,0,0,0,0,0,0,0,0,0,0,0,1,0,1,1,0,1,0,0,0,0
1,-1.1632104611516882,1.0165890251431842,-0.8357027987129924,1.1316915583872882,2,0,0,0,1,0,1,1,0,0,0,0,0,0,0,0,0,0,1,0,1,0,0,1,0,1,0,1
0,-1.1632104611516882,0.8486063510529795,-0.8531072682616722,0.8047171769565631,3,1,0,0,1,0,0,1,0,0,0,0,0,0,1,0,1,0,0,0,1,0,0,1,0,1,0,0
0,1.4470429365269428,-0.1526369143163593,0.8023467573654198,-0.14797691092043272,5,0,1,1,0,1,0,0,0,0,0,0,1,0,1,0,1,0,1,0,1,0,1,0,1,0,0,0
0,0.22348665636508452,0.5642000414547119,0.3755953405228848,0.5896787921573159,1,1,0,1,1,0,1,1,0,0,0,0,1,0,0,0,0,0,0,0,0,0,0,1,0,0,1,0
0,0.7944795871072851,-1.3335052173267088,-0.4682015785849746,-1.3676844191592201,0,1,1,1,1,0,1,0,1,1,0,1,0,1,0,1,0,1,0,1,0,0,1,0,0,0,1,0
1,-0.02122459966728712,0.33301596523155935,0.005733818440863545,0.23505030867492846,0,1,1,0,1,0,1,1,0,0,0,0,0,0,0,0,0,0,0,0,0,0,0,1,0,1,0,1
0,-0.14358022768347295,0.35463749754019924,-0.10409742855898035,0.19731164036668766,4,1,1,1,1,0,0,0,0,0,0,0,0,0,1,0,1,0,1,0,1,0,1,0,0,0,1,0
1,0.22348665636508452,1.206193231542029,0.6403682784098355,1.1132827545764994,3,1,1,1,1,0,1,1,0,0,0,0,1,0,0,0,0,0,1,0,1,0,0,0,0,1,0,0
0,0.6313387497523706,0.461081964290428,0.6141623090513669,0.3921313156391925,4,1,0,1,1,0,1,0,0,0,1,0,0,0,1,0,0,0,1,0,1,1,0,1,1,0,0,0
0,-1.285566089167874,-1.5181198393466364,-1.001960703641256,-1.513112627025747,0,0,0,0,1,0,0,0,1,1,0,1,0,1,0,1,0,1,0,1,0,0,0,1,0,0,0,0
0,-0.4290766930545732,0.8037000916427265,-0.17828149838434199,0.6912048124847607,3,0,0,0,1,0,0,1,0,0,1,0,0,0,0,0,1,0,0,0,1,0,0,1,0,1,0,0
0,0.4274127030587276,1.6685613839883346,1.1491567323265663,1.6228422179349227,6,0,0,0,1,0,1,1,0,0,1,0,1,0,1,0,1,0,1,0,1,0,1,0,1,0,0,0
1,-1.1224252518129596,0.1484013432116311,-0.8597469961883549,0.11371960585695616,0,0,1,0,1,0,0,1,0,0,0,0,0,0,0,0,0,0,0,0,0,0,0,1,0,1,0,0
0,-1.1224252518129596,0.5226201716304039,-0.8271218878708676,0.6040568531431832,1,1,0,0,1,0,0,1,0,0,0,0,0,0,0,0,0,0,1,0,0,0,0,1,0,1,0,1
0,0.7536943777685564,1.5022419046911022,1.4982608325514164,1.5452139190575223,5,1,1,1,1,0,1,1,0,0,1,0,1,0,0,0,1,0,1,0,1,1,0,0,1,0,0,0
0,1.5693985645431285,-1.4964983070379965,-0.41261315873367777,-1.5185525692505892,0,1,0,0,1,0,0,0,1,1,0,1,0,1,0,1,0,1,0,1,0,0,1,1,1,0,0,0
0,0.22348665636508452,0.51264100287257,0.3389555129939151,0.5172213913759898,5,0,1,1,1,0,0,0,0,0,1,0,1,0,0,0,1,0,1,0,1,1,0,0,1,0,0,1
1,-0.347506274377116,0.9400820646664573,-0.02616334628333284,0.9306306322476939,3,1,1,0,1,0,0,1,0,0,0,0,0,0,1,0,0,0,1,0,1,0,0,1,0,1,0,1
0,0.1011310283488987,0.8851966364983704,0.41735283210165663,0.9142769796499727,2,1,1,0,1,0,1,1,0,0,0,0,0,0,0,0,1,0,1,0,0,0,0,1,1,0,0,0
1,0.8760500057847422,0.58415837897038,0.9087147575729412,0.5194299954491288,5,0,0,0,1,0,1,0,0,0,1,0,1,0,0,0,1,0,1,0,1,1,0,0,0,0,0,1
0,1.6101837738818572,-0.16261608307419315,0.8707293373412215,-0.18790171341129064,5,0,1,1,0,1,0,0,0,0,0,0,1,0,1,0,1,0,1,0,1,0,1,1,0,1,0,0
0,-1.285566089167874,-0.6682273001377795,-0.9906886073936317,-0.6660459151823996,0,1,0,0,1,0,0,0,0,0,0,0,0,0,0,0,0,0,0,0,0,0,0,1,0,1,0,0
0,-0.9592844144580451,-0.5418244958718827,-0.8241439368074053,-0.5956872537507494,1,0,1,1,1,0,0,0,0,0,1,0,0,0,0,0,0,0,0,0,0,1,0,0,0,0,1,0
0,1.4878281458656715,-0.16095288828122092,0.8322145035871086,-0.14448210695984443,5,1,0,0,0,1,0,0,0,0,1,0,1,0,0,0,1,0,1,0,1,0,1,1,0,0,0,0
0,0.7944795871072851,1.257752270124171,1.25636297061121,1.1245508484876605,4,0,1,0,1,0,1,1,0,0,0,0,1,0,0,0,1,0,1,0,1,0,0,1,1,0,0,0
1,-0.877713995780588,0.5991271321071311,-0.6221947369111266,0.5011007994994587,2,0,1,0,1,0,0,1,0,0,0,0,0,0,0,0,1,0,1,0,0,0,0,1,0,1,0,0
1,-1.2447808798291453,0.18166523907107757,-0.949107586988991,0.15366932749183804,0,0,0,0,1,0,0,1,0,0,0,0,0,0,0,0,0,0,0,0,0,0,0,1,0,1,0,1
1,-0.18436543702220157,-0.964275973286853,-0.5809004821644489,-0.9984669095212587,1,0,1,1,0,1,0,0,0,0,0,0,0,0,0,0,0,0,1,0,0,0,0,1,0,1,0,0
1,-0.6330027397482163,0.5908111581422695,-0.36189975506775257,0.7155689392101858,1,0,0,0,1,0,1,1,0,0,0,0,0,0,1,0,0,0,0,0,0,0,0,1,1,0,0,0
0,0.1011310283488987,-1.4981615018309686,-0.6842684724117414,-1.4509738780216388,0,0,1,1,1,0,0,0,1,1,0,1,0,1,0,1,0,1,0,1,0,0,1,1,0,0,1,0
0,-1.0000696237967737,-1.5197830341396088,-0.9390046122699857,-1.4801665391629553,0,0,0,0,1,0,0,0,1,1,0,1,0,1,0,1,0,1,0,1,0,1,0,1,0,0,1,0
0,0.5497683310749134,0.9982938824204887,0.9408545701615677,1.0364118686861983,3,1,0,0,1,0,1,1,0,0,0,0,1,0,1,0,0,0,1,0,0,1,0,1,1,0,0,0
0,-1.0408548331355023,0.2980888745791402,-0.7849011594600016,0.2700610772461029,0,0,0,0,1,0,1,1,0,0,0,0,0,0,0,0,0,0,0,0,0,0,0,1,0,1,0,1
0,-1.2447808798291453,0.5226201716304039,-0.9417178565722512,0.4313281811782582,1,0,0,0,1,0,1,1,0,0,0,0,0,0,1,0,0,0,0,0,0,0,0,0,0,0,1,1
0,1.4470429365269428,0.36295347150506085,1.3251205518320401,0.4297436486506355,4,1,1,1,1,0,1,0,0,0,0,0,1,0,1,0,1,0,0,0,1,1,0,1,0,0,0,1
0,0.4274127030587276,1.320953672257119,1.0894874165734878,1.518563537029436,4,0,0,0,1,0,1,1,0,0,0,0,1,0,1,0,0,0,1,0,1,0,1,1,0,1,0,1
0,1.4470429365269428,0.773762585369225,1.7021070975696047,0.8463538162977755,6,0,0,0,1,0,1,0,0,0,1,0,1,0,1,0,1,0,1,0,1,0,1,1,0,1,0,0
0,0.14191623768762732,0.9949674928345437,0.5626327262050856,1.1323822520531746,3,0,0,0,1,0,0,1,0,0,0,0,1,0,0,0,0,0,1,0,1,0,0,1,1,0,0,0
0,1.2431168898332998,1.2810369972257836,1.9026445280728348,1.3234675882468923,4,1,1,0,1,0,1,1,0,0,0,0,1,0,1,0,0,0,1,0,1,0,0,1,0,1,0,1
1,-0.02122459966728712,-0.3405779259222318,-0.20305363945299532,-0.255255857396334,2,0,0,0,1,0,0,0,0,0,0,0,1,0,0,0,1,0,0,0,0,0,0,0,0,0,0,0
0,1.5693985645431285,0.6939292353065533,1.735349854996551,0.754876332902993,6,0,1,0,1,0,1,0,0,0,1,0,1,0,1,0,1,0,1,0,1,0,1,0,1,0,0,0
0,1.3654725178494855,0.0851999410786831,0.978663519219156,0.1134835142038892,3,0,1,1,1,0,1,0,0,0,1,0,1,0,1,0,0,0,0,0,0,0,0,1,0,0,0,0
0,1.2431168898332998,-1.4765399695223285,-0.4245029040907606,-1.4523842087070302,0,1,0,0,1,0,0,0,1,1,0,1,0,1,0,1,0,1,0,1,0,1,0,0,0,0,1,0
0,0.34584228438127035,-1.48485594348719,-0.6288344648378092,-1.4518598911924852,0,0,0,1,1,0,0,0,1,1,0,1,0,1,0,1,0,1,0,1,0,1,0,1,1,0,0,0
1,-1.285566089167874,0.23987705682510888,-0.9786444497591842,0.23903906459542357,0,0,0,0,1,0,1,1,0,0,0,0,0,0,0,0,0,0,0,0,0,0,0,1,0,1,0,0
0,-1.2447808798291453,0.8486063510529795,-0.9362472501741872,0.6368786161461151,2,0,0,0,1,0,0,1,0,0,0,0,0,0,0,0,0,0,1,0,1,0,0,1,0,1,0,1
0,1.5286133552044,-1.511467060174747,-0.43537794019658976,-1.5339518416307834,0,0,1,0,1,0,0,0,1,1,0,1,0,1,0,1,0,1,0,1,0,0,1,0,0,0,0,0
0,-0.3882914837158446,-0.6632377157588624,-0.5706651540648451,-0.7144064838582173,2,0,0,0,0,1,0,0,0,0,0,0,0,0,0,0,0,0,1,0,1,0,0,1,0,1,0,0
1,1.2839020991720282,1.068148063725326,1.8267178054029285,1.1800228476577037,4,0,1,0,1,0,0,1,0,0,1,0,1,0,1,0,0,0,0,0,1,1,0,0,0,0,0,0
0,0.18270144702635593,-0.06947717466774314,-0.005119158768199125,-0.10947375877313811,3,1,1,1,1,0,1,0,0,0,1,0,0,0,1,0,1,0,0,0,0,0,1,1,1,0,0,0
0,-0.6330027397482163,-0.6748800793096686,-0.7098347337639845,-0.8224514643704657,0,1,0,1,1,0,0,0,0,0,0,0,0,0,0,0,0,0,0,0,0,1,0,0,0,0,1,0
1,-1.0408548331355023,0.8070264812286715,-0.7570628317408205,0.568914359422872,2,0,0,0,1,0,0,1,0,0,0,0,0,0,0,0,0,0,1,0,1,0,0,1,0,1,0,0
0,-1.1632104611516882,0.6623285342400791,-0.8463793047479239,0.931114117813814,2,1,1,1,1,0,1,1,0,0,0,0,1,0,1,0,0,0,0,0,0,0,0,1,0,0,0,1
1,-0.46986190239330183,-0.7646925981301742,-0.6398197954274703,-0.8250238629647592,2,0,0,0,0,1,0,0,0,0,1,0,0,0,0,0,0,0,1,0,0,0,0,1,0,1,0,1
0,-0.9184992051193165,0.5109778080795977,-0.6372168456090365,0.653455264127394,1,0,0,0,1,0,0,1,0,0,0,0,0,0,0,0,0,0,0,0,1,0,0,1,0,0,0,1
1,-0.6737879490869448,-0.35887306864492724,-0.6182461943899431,-0.30923356738537305,1,0,0,0,1,0,1,0,0,0,1,0,0,0,0,0,0,0,0,0,0,0,0,1,0,1,0,0
0,1.2839020991720282,1.3425752045657593,1.9998801450190713,1.3833457955530768,4,1,1,0,1,0,1,1,0,0,0,0,1,0,0,0,1,0,1,0,1,0,1,1,0,1,0,0
1,-0.22515064636093016,-1.1355850369630023,-0.6552610231639416,-1.1627314046955315,1,1,1,0,0,1,0,0,0,0,1,0,0,0,0,0,0,0,0,0,0,0,0,0,1,0,0,1
0,0.38662749371999894,1.0714744533112706,0.7616480928314346,1.0193650342093843,3,1,1,1,1,0,1,1,0,0,1,0,0,0,0,0,0,0,1,0,1,1,0,0,0,1,0,0
0,-1.1224252518129596,-1.4865191382801624,-0.9735047268126158,-1.595995866932141,0,1,0,1,1,0,0,0,1,1,0,1,0,1,0,1,0,1,0,1,0,0,0,0,0,0,1,0
0,0.34584228438127035,1.1280230762723296,0.7362362437565562,1.0501223210647757,4,0,0,0,1,0,0,1,0,0,0,0,1,0,0,0,1,0,1,0,1,0,1,1,0,0,0,0
0,1.0391908431396566,-0.4852758729108239,0.2594993668413869,-0.5059097795977353,1,1,1,0,1,0,0,0,0,0,0,0,0,0,1,0,0,0,0,0,0,1,0,0,1,0,0,0
0,0.590553540413642,-1.4748767747293563,-0.5932314054568596,-1.484226936181774,0,0,0,0,1,0,0,0,1,1,0,1,0,1,0,1,0,1,0,1,0,0,1,1,0,0,1,0
0,-0.5922175304094877,0.3662798610910058,-0.4046940147945446,0.3776382602166715,1,1,0,0,1,0,0,1,0,0,0,0,0,0,0,0,1,0,0,0,0,0,0,1,0,0,0,0
0,-1.1224252518129596,1.0515161157956028,-0.7931511868506307,1.1146176109665709,3,1,0,0,1,0,0,1,0,0,0,0,0,0,1,0,0,0,1,0,1,0,0,0,0,0,0,1
0,-0.3882914837158446,-0.16427927786716537,-0.3901572018254951,-0.12463817763732798,2,1,1,0,1,0,0,0,0,0,1,0,0,0,0,0,0,0,0,0,1,0,0,1,0,0,0,0
0,-1.285566089167874,-1.5214462289325812,-1.0020048214347885,-1.5164279566220027,0,0,0,0,1,0,0,0,1,1,0,1,0,1,0,1,0,1,0,1,0,0,0,0,0,0,1,0
0,1.5693985645431285,1.1230334918934128,2.0614024081005264,1.0999741270033907,3,1,1,0,1,0,1,1,0,0,0,0,0,0,1,0,0,0,1,0,1,1,0,1,1,0,0,0
0,1.6101837738818572,1.5870648391326907,2.5748452892349647,1.5907035456133376,6,1,1,1,1,0,1,1,0,0,1,0,1,0,1,0,1,0,1,0,1,0,1,1,1,0,0,0
0,0.01956060967144149,-1.4732135799363837,-0.7059303090363339,-1.4578571337548174,0,1,1,1,1,0,0,0,1,1,0,1,0,1,0,1,0,1,0,1,0,1,0,0,0,0,1,0
0,-1.2447808798291453,0.6906028457206088,-0.930379583634328,0.8573480342971236,1,1,0,0,1,0,1,1,0,0,0,0,0,0,0,0,0,0,1,0,0,0,0,1,0,1,0,1
0,-0.347506274377116,-0.9692655576657698,-0.6439227502260183,-1.003656979067778,2,1,0,1,0,1,0,0,0,0,1,0,0,0,0,0,1,0,0,0,0,0,1,0,0,0,1,0
0,0.9576204244621995,1.1596237773388038,1.4638489535958519,1.168989016345165,4,0,1,1,1,0,1,1,0,0,0,0,1,0,1,0,1,0,0,0,1,1,0,1,1,0,0,0
0,0.18270144702635593,1.038210557451824,0.5984343156569327,1.11634695856678,3,1,0,0,1,0,0,1,0,0,0,0,1,0,0,0,0,0,1,0,1,0,0,1,1,0,0,0
0,0.4274127030587276,0.6723077029979129,0.6052505147577464,0.6723063824130812,5,0,0,0,1,0,1,0,0,0,0,0,1,0,1,0,1,0,1,0,1,1,0,0,1,0,0,0
0,-1.285566089167874,-1.315210074604013,-0.9992695182357566,-1.3108775216541453,0,1,0,0,0,1,0,0,0,0,0,0,0,0,0,0,0,0,0,0,0,0,0,0,0,0,1,0
0,-0.30672106503838736,1.3325960358079254,0.12182979212236165,1.2522037892111848,4,0,1,0,1,0,1,1,0,0,0,0,0,0,1,0,1,0,1,0,1,0,0,1,0,0,0,1
0,1.1615464711558425,0.8236584291583947,1.3316279263781243,0.7339471187512427,6,0,0,0,1,0,1,0,0,0,1,0,1,0,1,0,1,0,1,0,1,0,1,0,0,1,0,0
0,-0.6330027397482163,0.7271931311659997,-0.38828219560035215,0.598947345177189,2,1,0,0,1,0,1,1,0,0,0,0,0,0,1,0,1,0,0,0,0,1,0,0,0,1,0,0
0,0.34584228438127035,0.7088979884433043,0.46266180605981694,0.5486989350554589,3,0,1,0,1,0,0,1,0,0,0,0,1,0,1,0,1,0,0,0,0,1,0,1,0,0,0,0
0,-1.285566089167874,-0.47363350936001763,-0.9881077164719644,-0.4720991338014374,1,1,0,0,1,0,0,0,0,0,0,0,1,0,0,0,0,0,0,0,0,0,0,0,0,0,1,1
1,1.6101837738818572,-0.0029493829488502145,1.0773550233519746,0.02775587220070775,6,1,1,1,0,1,0,0,0,0,1,0,1,0,1,0,1,0,1,0,1,0,1,1,0,0,0,0
0,-1.285566089167874,0.86357510418973,-0.9703723634717888,0.8606633638933792,2,1,0,0,1,0,1,1,0,0,0,0,1,0,0,0,0,0,0,0,1,0,0,1,1,0,0,1
0,0.6313387497523706,1.4373773077651815,1.2251937494803042,1.348742042892157,4,1,0,0,1,0,1,1,0,0,0,0,1,0,1,0,0,0,1,0,1,0,1,1,0,0,0,0
1,-0.877713995780588,-1.4948351122450239,-0.9157104172846803,-1.5040708190359584,0,1,1,0,1,0,0,0,1,1,0,1,0,1,0,1,0,1,0,1,0,0,0,0,0,0,1,1
1,0.9168352151234709,0.6839500665487195,1.1401567024458799,0.7870931862164672,2,0,1,0,1,0,1,1,0,0,0,0,1,0,1,0,0,0,0,0,0,0,0,1,0,1,0,1
0,0.38662749371999894,-0.33725153633628707,0.02563094332414514,-0.29753124327478,5,0,0,0,0,1,0,0,0,0,1,0,1,0,1,0,1,0,0,0,1,1,0,1,0,1,0,0
0,0.4681979123974562,0.8486063510529795,0.7820525723403432,0.9100919142375562,2,1,0,0,1,0,1,1,0,0,0,0,0,0,1,0,0,0,0,0,1,0,0,1,0,0,1,0
0,-1.285566089167874,-0.6948384168253365,-0.991041549741894,-0.6925685519524456,0,1,0,1,1,0,0,0,0,0,0,0,0,0,0,0,0,0,0,0,0,0,0,0,0,1,0,0
0,-0.22515064636093016,1.0215786095221007,0.13451365776303453,1.0353935126145626,2,0,0,0,1,0,1,1,0,0,0,0,0,0,0,0,0,0,1,0,1,0,0,1,0,0,0,0
1,-0.22515064636093016,0.6623285342400791,0.008469121639895731,0.6845825253366844,5,1,1,0,1,0,1,0,0,0,0,0,1,0,1,0,1,0,1,0,1,0,0,1,0,0,0,0
1,-1.2447808798291453,-0.6848592480675028,-0.9710561892715467,-0.6710189095767832,0,0,0,0,1,0,0,0,0,0,0,0,0,0,0,0,0,0,0,0,0,0,0,1,0,1,0,0
0,-0.551432321070759,-1.4964983070379965,-0.8482984287665997,-1.509971788460873,0,0,0,0,1,0,0,0,1,1,0,1,0,1,0,1,0,1,0,1,0,0,0,0,0,0,1,0
1,0.38662749371999894,1.0032834667994053,0.7297729870040046,0.9623334715118895,2,0,1,0,1,0,1,1,0,0,0,0,0,0,0,0,0,0,1,0,1,0,0,1,0,1,0,0
0,1.3654725178494855,0.8369639875021729,1.6215921243722897,0.8455183355104836,6,0,0,0,1,0,1,0,0,0,1,0,1,0,1,0,1,0,1,0,1,0,1,1,1,0,0,0
1,0.01956060967144149,1.4972523203121855,0.6195667387591319,1.5605495345696145,5,1,1,0,1,0,1,1,0,0,1,0,0,0,1,0,1,0,1,0,1,0,0,1,0,0,0,0
0,0.060345819010170096,0.30141526416508513,0.10327825994182958,0.31026989606791894,1,0,0,0,1,0,0,1,0,0,0,0,1,0,0,0,0,0,0,0,0,0,0,1,1,0,0,1
1,0.01956060967144149,-0.342241120715204,-0.21470073694564792,-0.33923478861815726,4,1,0,0,0,1,0,0,0,0,0,0,0,0,1,0,1,0,1,0,1,0,0,1,0,1,0,0
0,-0.3882914837158446,-1.4915087226590795,-0.8273204179417651,-1.5529686545633434,0,0,1,1,1,0,0,0,1,1,0,1,0,1,0,1,0,1,0,1,0,1,0,0,0,0,1,0
0,-0.02122459966728712,-1.5014878914169132,-0.7350921705614983,-1.504668896960283,0,0,0,0,1,0,0,0,1,1,0,1,0,1,0,1,0,1,0,1,0,1,0,0,0,0,0,0
0,-0.877713995780588,-1.4915087226590795,-0.9055853836689084,-1.4349009879140768,0,0,0,0,1,0,0,0,1,1,0,1,0,1,0,1,0,1,0,1,0,1,0,0,1,0,0,0
0,1.4878281458656715,1.14964460858097,2.0811451207064438,1.2157159443503647,3,1,1,1,1,0,1,1,0,0,0,0,0,0,1,0,0,0,1,0,1,0,0,1,1,0,0,1
0,1.4470429365269428,-0.2989980560979237,0.6875522585931387,-0.27483702282421946,2,0,1,0,1,0,0,0,0,0,1,0,0,0,0,0,1,0,0,0,0,1,0,0,0,0,0,0
0,-0.5106471117320305,-1.5031510862098856,-0.8254233528198557,-1.456088957970148,0,1,0,0,1,0,0,0,1,1,0,1,0,1,0,1,0,1,0,1,0,0,1,1,0,0,1,0
0,1.6101837738818572,-1.499824696623941,-0.36247328638367865,-1.475009359791002,0,1,0,0,1,0,0,0,1,1,0,1,0,1,0,1,0,1,0,1,0,0,1,1,1,0,0,0
0,1.1207612618171139,1.0149258303502118,1.5536727812285824,1.0601356946014342,3,1,1,1,1,0,1,1,0,0,1,0,0,0,1,0,0,0,1,0,0,1,0,1,0,0,0,0
1,-0.02122459966728712,0.9666931813540144,0.25195522414728216,0.81326451107191,3,1,1,1,1,0,0,1,0,0,0,0,1,0,0,0,0,0,1,0,1,0,0,1,0,0,1,0
0,-1.285566089167874,-1.4964983070379965,-1.0016739379832929,-1.4915629846500846,0,0,0,0,1,0,0,0,1,1,0,1,0,1,0,1,0,1,0,1,0,0,0,1,0,0,1,1
0,-1.285566089167874,-1.5064774757958301,-1.0018062913638912,-1.5015089734388518,0,1,0,0,1,0,0,0,1,1,0,1,0,1,0,1,0,1,0,1,0,0,0,1,0,0,1,1
1,-1.2039956704904167,0.5475680935249887,-0.9073500954102194,0.4313281811782577,1,1,0,0,1,0,1,1,0,0,0,0,1,0,0,0,0,0,0,0,0,0,0,1,0,1,0,1
0,0.5497683310749134,-1.3451475808775148,-0.5400915231466318,-1.3829138679901811,0,0,1,0,1,0,1,0,1,1,0,1,0,1,0,1,0,1,0,1,0,1,0,1,0,0,0,0
0,-0.14358022768347295,0.3346791600245316,-0.062339936980208545,0.3055171390858629,0,0,1,0,1,0,1,1,0,0,0,0,0,0,0,0,0,0,0,0,0,0,0,1,0,1,0,0
0,0.7536943777685564,0.7471514686816675,0.9629355258247217,0.7564255009993377,3,1,0,0,1,0,1,1,0,0,0,0,1,0,1,0,1,0,0,0,0,0,0,1,0,1,0,0
1,0.6313387497523706,0.19164440782891187,0.5535444607373339,0.2972300059463714,0,0,1,0,1,0,0,1,0,0,0,0,0,0,0,0,0,0,0,0,0,0,0,1,0,0,0,0
0,-0.6737879490869448,0.2781305370634725,-0.4829148627281551,0.3263772786467865,1,0,1,1,1,0,0,1,0,0,0,0,1,0,0,0,0,0,0,0,0,0,0,0,0,0,0,0
0,1.5286133552044,1.124696686686385,2.0155419617232067,1.0971884496605402,4,1,1,0,1,0,1,1,0,0,0,0,1,0,1,0,1,0,0,0,1,0,1,1,0,0,0,0
0,0.30505707504254176,-1.3335052173267088,-0.5583783485659671,-1.3020090149841612,0,0,1,1,1,0,1,0,1,1,0,1,0,1,0,1,0,1,0,1,0,0,1,1,0,0,1,0
0,-0.4290766930545732,0.6124326904509093,-0.19608302807481676,0.6303986537534336,2,0,1,1,1,0,0,1,0,0,0,0,1,0,0,0,0,0,0,0,1,0,0,0,0,1,0,1
1,-1.285566089167874,0.34632152357533763,-0.9772326803661353,0.3451296116756081,1,0,0,0,1,0,0,1,0,0,0,0,0,0,1,0,0,0,0,0,0,0,0,1,0,0,0,1
0,-1.1224252518129596,-1.350137165256432,-0.9521075969492199,-1.274408896095332,0,0,1,1,1,0,1,0,1,1,0,1,0,1,0,1,0,1,0,1,0,0,0,1,0,0,1,0
0,-1.0408548331355023,0.16503329114135434,-0.783048212131625,0.28995305482363726,0,0,0,0,1,0,0,1,0,0,0,0,0,0,0,0,0,0,0,0,0,0,0,1,0,0,0,0
0,-0.14358022768347295,1.186234894026361,0.23827870815212185,1.084505272495751,4,1,0,1,1,0,1,1,0,0,0,0,1,0,1,0,1,0,0,0,1,1,0,0,1,0,0,0
0,0.4681979123974562,-1.3035677110532067,-0.520525281714846,-1.314569593249976,0,1,1,1,1,0,1,0,1,1,0,1,0,1,0,1,0,1,0,1,0,1,0,0,0,0,1,0
0,-0.9184992051193165,-0.8046092731615098,-0.812232132553556,-0.6617359867072671,3,0,0,0,0,1,0,0,0,0,1,0,1,0,1,0,0,0,0,0,0,0,0,0,0,0,0,0
1,0.9168352151234709,-0.44036961350057113,0.2418522494282768,-0.44027196967738186,0,0,1,0,1,0,1,0,0,0,0,0,0,0,0,0,0,0,0,0,0,0,0,0,0,0,0,0
1,0.7944795871072851,1.3375856201868421,1.3614956725998133,1.2764822028699192,4,1,1,0,1,0,1,1,0,0,0,0,1,0,1,0,0,0,1,0,1,1,0,1,0,0,0,0
0,-0.9184992051193165,0.7005820144784427,-0.6316580036239069,0.6952284170402168,1,0,1,1,1,0,1,1,0,0,0,0,0,0,0,0,0,0,0,0,1,0,0,0,0,1,0,0
0,-0.5922175304094877,0.3563006923331715,-0.394988100217334,0.4181589552820199,0,1,0,0,1,0,1,1,0,0,0,0,0,0,0,0,0,0,0,0,0,0,0,1,0,0,0,0
0,1.4470429365269428,-0.22082790082822445,0.7435377385862304,-0.21296712197644668,2,0,1,0,1,0,1,0,0,0,1,0,0,0,0,0,1,0,0,0,0,1,0,0,0,0,0,0
0,1.1615464711558425,-1.5131302549677197,-0.48873841147448144,-1.5086016047882185,0,0,1,1,1,0,0,0,1,1,0,1,0,1,0,1,0,1,0,1,0,0,0,1,0,0,1,1
0,1.6101837738818572,0.010356175394928559,1.1003403937825502,0.05174596552916913,6,0,1,1,0,1,0,0,0,0,1,0,1,0,1,0,1,0,1,0,1,0,1,1,1,0,0,0
0,-1.2447808798291453,-0.3804946009535674,-0.9577326156246487,-0.17040414054216296,2,1,0,0,1,0,0,0,0,0,1,0,0,0,1,0,0,0,0,0,0,0,0,0,0,1,0,0
0,-0.8369287864418593,-0.6482689626221115,-0.7815261482547443,-0.7177098013907185,0,1,0,0,1,0,0,0,0,0,0,0,0,0,0,0,0,0,0,0,0,0,0,1,0,0,0,1
0,0.34584228438127035,-1.5014878914169132,-0.6136358849657682,-1.4240030364141896,0,1,1,0,1,0,0,0,1,1,0,1,0,1,0,1,0,1,0,1,0,0,1,1,0,1,0,0
0,-0.2659358556996588,-0.6798696636885856,-0.48818693905532173,-0.6418185065943767,3,0,0,0,0,1,0,0,0,0,0,0,0,0,1,0,1,0,1,0,0,0,0,1,1,0,0,0
0,0.14191623768762732,-1.4648976059715222,-0.692783206563567,-1.4882016088094365,0,1,1,0,1,0,0,0,1,1,0,1,0,1,0,1,0,1,0,1,0,1,0,0,0,0,0,0
0,1.6101837738818572,1.6352974881288882,2.725529613046159,1.7479744933357204,6,1,1,1,1,0,1,1,0,0,1,0,1,0,1,0,1,0,1,0,1,0,1,1,1,0,0,0
0,0.1011310283488987,0.8303112083302836,0.384198310261776,0.8430921170332235,2,1,1,0,1,0,1,1,0,0,0,0,0,0,0,0,1,0,0,0,1,0,0,1,0,0,0,0
0,-1.285566089167874,-0.32727236757845324,-0.9861665335565223,-0.3262246315661839,2,1,0,0,1,0,0,0,0,0,0,0,0,0,1,0,1,0,0,0,0,0,0,0,0,0,1,0
0,-0.6737879490869448,1.5987072026834972,-0.17991385674505467,1.7494825078395726,5,0,1,1,1,0,1,1,0,0,1,0,0,0,1,0,1,0,1,0,1,0,0,1,0,1,0,0
1,0.6721239590910992,1.2194987898858074,1.2264952243895209,1.2793083001552676,3,0,0,0,1,0,1,1,0,0,1,0,0,0,0,0,0,0,1,0,1,0,0,0,1,0,0,0
0,0.8760500057847422,1.6552558256445562,1.6584525408689235,1.5627764983893218,6,0,1,0,1,0,1,1,0,0,1,0,1,0,1,0,1,0,1,0,1,1,0,1,0,0,1,0
0,-0.5922175304094877,-0.0029493829488502145,-0.49573108174942626,-0.00242744099853777,2,0,0,1,1,0,1,0,0,0,1,0,0,0,0,0,0,0,0,0,1,0,0,0,0,1,0,0
0,0.14191623768762732,0.5159673924585149,0.285572982819257,0.5540414224841138,1,0,1,0,1,0,0,1,0,0,0,0,0,0,0,0,0,0,0,0,1,0,0,0,0,1,0,0
0,1.1207612618171139,1.3641967368743997,1.811519225530887,1.3830764250233811,4,0,0,0,1,0,1,1,0,0,0,0,1,0,1,0,0,0,1,0,1,0,0,1,0,1,0,1
0,-1.285566089167874,0.15505412238352048,-0.9797694534942698,0.1544981598909017,0,0,0,0,1,0,0,1,0,0,0,0,0,0,0,0,0,0,0,0,0,0,0,0,0,0,1,1
0,0.7944795871072851,-1.325189243361847,-0.45004710654623753,-1.341448685911927,0,0,1,1,1,0,1,0,1,1,0,1,0,1,0,1,0,1,0,1,0,0,1,1,0,0,0,0
0,-1.0000696237967737,0.9933042980415715,-0.6753566781181207,0.9963846692400994,3,1,1,1,1,0,0,1,0,0,0,0,0,0,1,0,0,0,1,0,1,0,0,1,0,1,0,0
0,1.6101837738818572,1.350891178530621,2.347594534747639,1.3535193407478732,5,1,1,1,1,0,0,1,0,0,1,0,1,0,0,0,1,0,1,0,1,0,1,0,0,0,0,0
0,1.2839020991720282,-1.3368316069126531,-0.2857083256366497,-1.3003358095785509,0,0,0,0,1,0,1,0,1,1,0,1,0,1,0,1,0,1,0,1,0,1,0,0,0,0,1,0
1,-0.4290766930545732,0.16170690155540987,-0.32865699764080636,0.17755477026486247,4,0,0,0,1,0,0,0,0,0,1,0,0,0,1,0,1,0,0,0,1,0,0,1,0,0,1,0
0,1.1207612618171139,-0.15596330390230376,0.5700224566218255,-0.171840783367207,5,1,1,0,0,1,0,0,0,0,0,0,1,0,1,0,1,0,1,0,1,0,0,1,0,0,0,0
0,-0.18436543702220157,0.5375889247671548,-0.02790599912787758,0.48567590563116486,1,0,1,1,1,0,0,1,0,0,0,0,0,0,0,0,0,0,0,0,1,0,0,1,0,1,0,1
0,1.1615464711558425,-1.3468107756704872,-0.3849071843950948,-1.3806896670048099,0,0,1,0,1,0,1,0,1,1,0,1,0,1,0,1,0,1,0,1,0,0,1,0,0,0,1,0
0,-0.347506274377116,1.3059849191203683,0.09013115746906268,1.2947643329031187,4,0,0,0,1,0,1,1,0,0,0,0,1,0,1,0,0,0,1,0,1,0,0,1,0,1,0,0
0,-0.18436543702220157,0.9317660907015957,0.21088155836826844,1.1265409570502476,4,1,1,1,1,0,0,1,0,0,0,0,1,0,1,0,1,0,1,0,0,1,0,0,0,0,0,0
0,-0.10279501834474433,0.5292729508022932,0.034829503275728944,0.46702322983127864,5,0,1,1,1,0,0,0,0,0,0,0,1,0,1,0,1,0,1,0,1,0,1,0,0,0,0,0
0,-1.2447808798291453,-1.4931719174520517,-0.9936886173538605,-1.5214009510163864,0,1,1,0,1,0,0,0,1,1,0,1,0,1,0,1,0,1,0,1,0,0,0,0,0,0,1,0
0,-1.285566089167874,0.33966874440344824,-0.9773209159532009,0.33849895248309647,0,1,0,0,1,0,1,1,0,0,0,0,0,0,0,0,0,0,0,0,0,0,0,1,0,1,0,0
0,-1.081640042474231,-1.504814281002858,-0.9659385252217448,-1.593785647201304,0,1,0,1,1,0,0,0,1,1,0,1,0,1,0,1,0,1,0,1,0,0,0,0,0,0,1,0
0,-0.347506274377116,0.15172773279757604,-0.2983701323805562,0.07831464854360785,3,0,1,0,1,0,0,0,0,0,0,0,1,0,0,0,0,0,1,0,1,0,0,1,0,0,0,0
0,-1.1632104611516882,1.206193231542029,-0.8402028136533354,1.0471506536827657,3,1,1,1,1,0,1,1,0,0,0,0,0,0,1,0,0,0,1,0,1,0,0,0,0,1,0,1
0,-1.0408548331355023,1.161286972131776,-0.7134303339369057,1.0373230695224365,3,1,0,0,1,0,1,1,0,0,0,0,1,0,0,0,0,0,1,0,1,0,0,1,0,1,0,1
1,1.6101837738818572,1.701825279847781,2.6976030497399117,1.7188272206353048,6,1,1,0,1,0,1,1,0,0,1,0,1,0,1,0,1,0,1,0,1,0,1,1,0,0,0,0
0,1.5286133552044,-0.8262308054701502,0.22473454553755992,-0.8253001404311138,2,1,0,0,0,1,0,0,0,0,0,0,0,0,0,0,1,0,0,0,1,0,1,1,0,0,1,0
1,1.2839020991720282,1.2377939326085028,1.874166492347428,1.235735925482283,4,1,1,0,1,0,1,1,0,0,0,0,0,0,1,0,1,0,1,0,1,0,1,0,0,1,0,0
0,1.6101837738818572,0.8253216239513669,1.8964459780814793,0.8826504455907698,2,1,1,1,1,0,1,1,0,0,0,0,1,0,0,0,0,0,1,0,0,1,0,1,0,1,0,0
0,0.4681979123974562,-1.4964983070379965,-0.6274668132382932,-1.4972141146437021,0,0,0,1,1,0,0,0,1,1,0,1,0,1,0,1,0,1,0,1,0,0,1,0,0,0,1,0
0,-0.7961435771031307,-0.29733486130495124,-0.6864743620883801,-0.2785348904508123,1,0,1,1,1,0,0,0,0,0,0,0,0,0,0,0,0,0,0,0,1,0,0,0,0,1,0,1
1,-0.6330027397482163,-1.4715503851434115,-0.8645999534769602,-1.5065794775272427,0,0,0,0,1,0,0,0,1,1,0,1,0,1,0,1,0,1,0,1,0,1,0,0,0,0,1,0
0,-1.285566089167874,-0.32893556237142546,-0.9861885924532887,-0.3278822963643117,1,1,0,0,1,0,0,0,0,0,0,0,0,0,0,0,0,0,0,0,1,0,0,1,0,1,0,1
0,-0.9592844144580451,0.1716860703132437,-0.7614525521973315,-0.07223354749747851,3,1,1,0,1,0,0,0,0,0,0,0,0,0,1,0,0,0,1,0,1,0,0,1,0,0,1,0
0,-0.347506274377116,-0.37550501657465046,-0.4301499816629559,-0.3343057474570573,2,1,1,0,1,0,0,0,0,0,1,0,0,0,0,0,1,0,0,0,0,0,0,0,0,0,1,0
0,-1.285566089167874,0.32636318605966996,-0.977497387127332,0.3252376340980737,1,0,1,1,1,0,0,1,0,0,0,0,1,0,0,0,0,0,0,0,0,0,0,1,0,1,0,1
0,-0.347506274377116,0.5109778080795977,-0.18920065228370386,0.42013894379089484,1,1,0,0,1,0,1,1,0,0,0,0,1,0,0,0,0,0,0,0,0,0,0,1,0,1,0,1
1,0.1011310283488987,0.3712694454699225,0.20155064503608644,0.45093598764754206,4,1,1,1,1,0,0,0,0,0,0,0,1,0,0,0,1,0,1,0,1,0,0,1,0,1,0,0
0,-1.0408548331355023,0.3596270819191164,-0.7660187438279739,0.4727698011314548,5,0,1,1,1,0,0,0,0,0,1,0,1,0,1,0,1,0,1,0,0,0,0,1,0,1,0,0
0,-1.1224252518129596,1.038210557451824,-0.8104233030187121,0.8550273035797443,3,1,0,0,1,0,0,1,0,0,0,0,0,0,0,0,1,0,1,0,1,0,0,1,0,1,0,1
0,-0.7145731584256735,0.13675897966082504,-0.571569568832267,0.047413013931840435,0,0,0,1,1,0,0,1,0,0,0,0,0,0,0,0,0,0,0,0,0,0,0,0,0,0,0,1
0,-0.877713995780588,-1.504814281002858,-0.9108574599960749,-1.4709175230734008,0,1,1,1,1,0,0,0,1,1,0,1,0,1,0,1,0,1,0,1,0,0,1,0,0,0,1,0
0,0.6313387497523706,-0.6515953522080562,-0.06412670761828602,-0.6697756609781873,3,0,1,0,0,1,0,0,0,0,1,0,0,0,1,0,0,0,0,0,1,0,0,1,0,0,0,1
1,-0.5106471117320305,0.5508944831109336,-0.2729803422024441,0.6196389022455853,1,0,0,0,1,0,0,1,0,0,0,0,0,0,0,0,0,0,0,0,1,0,0,1,0,1,0,0
0,1.6101837738818572,1.4506828661089604,2.52064657987995,1.5341357343772237,5,0,1,0,1,0,1,1,0,0,0,0,1,0,1,0,1,0,1,0,1,1,0,1,0,0,0,0
0,-1.0000696237967737,0.6207486644157709,-0.710430323976677,0.666923790612183,2,0,1,1,1,0,0,1,0,0,0,0,1,0,0,0,0,0,1,0,0,0,0,1,0,1,0,1
0,1.6101837738818572,0.6523493654822452,1.6943423659078365,0.6717126000289974,1,1,1,1,1,0,1,1,0,0,0,0,0,0,0,0,0,0,0,0,1,0,1,1,1,0,0,0
0,-0.7145731584256735,1.1729293356825825,-0.3861866004075453,0.9761473448296216,3,0,0,0,1,0,1,1,0,0,0,0,1,0,0,0,0,0,1,0,1,0,0,1,0,1,0,0
0,1.6101837738818572,0.7887313385059755,1.7257101171096394,0.7044514797920225,5,1,0,0,1,0,1,0,0,0,0,0,1,0,1,0,1,0,1,0,1,0,1,1,0,0,0,0
0,-1.285566089167874,0.3147208225088634,-0.9776517994046967,0.31363398051117825,0,1,0,1,1,0,1,1,0,0,0,0,0,0,0,0,0,0,0,0,0,0,0,1,0,1,0,1
0,1.2431168898332998,1.3276064514290082,1.9001077549447,1.3204416921868172,4,1,1,1,1,0,1,1,0,0,0,0,1,0,1,0,0,0,1,0,1,0,1,1,0,0,0,0
0,-1.2447808798291453,-0.19587997893363962,-0.9600929175786521,-0.2590892072420045,2,0,0,0,1,0,0,0,0,0,0,0,1,0,0,0,0,0,1,0,0,0,0,1,0,1,0,0
0,-1.2447808798291453,0.31638401730183613,-0.9489531747116263,0.15947115428528555,1,0,1,0,1,0,0,1,0,0,1,0,0,0,0,0,0,0,0,0,0,0,0,1,0,1,0,1
1,1.1615464711558425,-0.027897304843435063,0.7112876315137717,-0.030263528018466546,2,1,1,0,1,0,1,0,0,0,0,0,1,0,0,0,0,0,0,0,1,1,0,0,0,0,0,0
0,-1.285566089167874,-1.4798663591082732,-1.001453349015629,-1.4749863366688059,0,1,0,0,1,0,0,0,1,1,0,1,0,1,0,1,0,1,0,1,0,0,0,0,0,0,1,0
0,-0.4290766930545732,-0.7031543907901981,-0.611804996534158,-0.7896172910428417,3,1,0,0,0,1,0,0,0,0,0,0,1,0,1,0,0,0,0,0,1,1,0,1,0,0,0,1
0,-0.18436543702220157,-0.13267857680069137,-0.22266399867831382,-0.037021326607087256,3,1,1,0,1,0,0,0,0,0,1,0,1,0,0,0,1,0,0,0,0,0,0,0,0,0,1,0
0,1.5286133552044,-1.499824696623941,-0.3938410375854818,-1.4893606585611432,0,0,1,0,1,0,0,0,1,1,0,1,0,1,0,1,0,1,0,1,0,0,1,0,0,0,0,0
1,-1.1224252518129596,-1.212091997439729,-0.9526370104716131,-1.2823656871263458,1,0,0,0,0,1,0,0,0,0,0,0,1,0,0,0,0,0,0,0,0,0,0,0,0,1,0,1
0,-0.8369287864418593,1.1579605825458315,-0.46407656488966004,1.2702447077641434,4,0,0,0,1,0,1,1,0,0,1,0,1,0,1,0,0,0,0,0,1,0,0,1,0,0,0,1
0,0.060345819010170096,1.7084780590196704,0.7097214498433583,1.6506381498953226,6,1,0,0,1,0,1,1,0,0,1,0,1,0,1,0,1,0,1,0,1,1,0,0,1,0,0,0
1,1.5693985645431285,0.5259465612163488,1.493672582024008,0.49908231137779496,1,0,1,0,1,0,1,1,0,0,1,0,0,0,0,0,0,0,0,0,0,0,1,1,1,0,0,0
0,1.5286133552044,0.010356175394928559,0.9938841579879635,0.0004063764420711681,2,0,1,1,1,0,1,0,0,0,1,0,0,0,0,0,0,0,0,0,1,1,0,0,0,0,0,0
0,0.7944795871072851,0.6373806123454943,0.8984353116798044,0.6072956751333717,3,0,1,1,1,0,0,1,0,0,1,0,0,0,1,0,1,0,0,0,0,0,0,1,0,0,0,0
0,1.4878281458656715,0.48436669139204064,1.4171502691414095,0.49256568219895325,5,1,0,1,1,0,1,0,0,0,1,0,1,0,1,0,1,0,1,0,0,0,1,1,1,0,0,0
1,-0.5106471117320305,0.9716827657329311,-0.22409782696812902,0.8033081618781548,3,0,0,0,1,0,1,1,0,0,0,0,1,0,1,0,0,0,0,0,1,0,0,1,0,1,0,1
0,-0.877713995780588,0.4361340423958432,-0.6346580135841355,0.4159571075956177,1,1,0,1,1,0,1,1,0,0,0,0,0,0,1,0,0,0,0,0,0,0,0,1,0,0,1,0
0,-1.2447808798291453,0.975009155318876,-0.9365560747289166,0.6252749625592201,3,1,1,0,1,0,0,1,0,0,0,0,0,0,0,0,1,0,1,0,1,0,0,1,0,1,0,1
0,-1.081640042474231,0.5192937820444593,-0.7886070541167548,0.6272089048237028,1,0,1,1,1,0,1,1,0,0,0,0,0,0,0,0,1,0,0,0,0,0,0,1,0,1,0,1
0,-1.285566089167874,-1.4981615018309686,-1.0016959968800592,-1.4932206494482123,0,0,0,0,1,0,0,0,1,1,0,1,0,1,0,1,0,1,0,1,0,0,0,0,0,0,1,0
1,-0.5106471117320305,0.9783355449048204,-0.20825953908986278,0.8628183281309453,4,1,1,1,1,0,0,1,0,0,1,0,0,0,1,0,1,0,0,0,1,1,0,0,1,0,0,0
0,1.1615464711558425,1.382491879597095,1.7690337903588245,1.272796877473829,4,1,0,0,1,0,1,1,0,0,1,0,0,0,1,0,0,0,1,0,1,0,0,1,0,1,0,0
1,-1.1224252518129596,0.3147208225088634,-0.8627470061485836,0.06863112334787781,0,0,1,0,1,0,1,1,0,0,0,0,0,0,0,0,0,0,0,0,0,0,0,1,0,1,0,1
0,0.9576204244621995,1.3492279837376486,1.59997440554123,1.3516577568674357,4,0,0,0,1,0,1,1,0,0,0,0,1,0,0,0,1,0,1,0,1,0,0,1,0,0,0,0
0,-0.10279501834474433,1.001620272006433,0.24796256383256612,1.000901805814998,4,1,0,0,1,0,1,1,0,0,1,0,1,0,1,0,1,0,0,0,0,0,0,1,1,0,0,0
0,0.30505707504254176,1.3276064514290082,0.8124717909811917,1.2733804570072687,4,1,0,0,1,0,1,1,0,0,0,0,0,0,1,0,1,0,1,0,1,0,0,0,0,0,0,1
0,-0.18436543702220157,-0.3522202894730381,-0.32825993749901144,-0.3204228047727362,2,0,0,0,1,0,0,0,0,0,1,0,0,0,0,0,1,0,0,0,0,1,0,0,0,0,1,0
1,-1.1224252518129596,0.1716860703132437,-0.8769529356661372,-0.1448761026509935,0,0,1,0,1,0,0,1,0,0,0,0,0,0,0,0,0,0,0,0,0,0,0,0,0,1,0,0
1,-0.22515064636093016,0.3429951339893932,-0.15926672937171588,0.21773500218985414,1,0,1,0,1,0,0,1,0,0,1,0,0,0,0,0,0,0,0,0,0,0,0,1,0,0,0,1
0,-0.8369287864418593,-1.4915087226590795,-0.8933426959635632,-1.4179350398665709,0,1,0,0,1,0,0,0,1,1,0,1,0,1,0,1,0,1,0,1,0,0,0,0,1,0,0,0
0,1.4062577271882142,1.3475647889446765,2.0731377411802443,1.3072432087621593,4,1,1,1,1,0,1,1,0,0,0,0,1,0,1,0,0,0,1,0,1,1,0,1,0,1,0,0
1,-0.14358022768347295,-0.4420328082935434,-0.374274796153696,-0.5027945129943571,0,1,1,0,1,0,1,0,0,0,0,0,0,0,0,0,0,0,0,0,0,0,0,1,0,1,0,0
0,0.9168352151234709,0.6856132613416916,1.0689947014775134,0.6898636109662752,1,1,1,1,1,0,1,1,0,0,0,0,0,0,0,0,0,0,0,0,1,0,0,0,0,0,0,0
0,-0.3882914837158446,0.3563006923331715,-0.2345978618289296,0.383616263945186,0,0,0,0,1,0,1,1,0,0,0,0,0,0,0,0,0,0,0,0,0,0,0,0,0,0,0,1
0,0.060345819010170096,1.1696029460966375,0.5248458360442635,1.2420237771567997,3,1,1,0,1,0,1,1,0,0,0,0,0,0,1,0,0,0,1,0,1,0,0,1,0,1,0,1
0,0.7944795871072851,0.8768806625335088,1.0799800320671746,0.8696530076063036,3,1,0,0,1,0,0,1,0,0,1,0,0,0,1,0,0,0,1,0,0,1,0,0,0,1,0,0
1,1.6101837738818572,1.6918461110899472,2.6950662766117772,1.7161795615827395,6,1,1,1,1,0,1,1,0,0,1,0,1,0,1,0,1,0,1,0,1,0,1,1,1,0,0,0
0,1.0391908431396566,0.9916411032485992,1.3852972222107458,0.9527209210445846,3,1,1,1,1,0,1,1,0,0,0,0,1,0,0,0,1,0,1,0,0,1,0,1,1,0,0,0
0,0.1011310283488987,-1.5064774757958301,-0.7073861962229155,-1.5006090982627251,0,1,1,1,1,0,0,0,1,1,0,1,0,1,0,1,0,1,0,1,0,0,1,0,0,0,1,0
1,0.9576204244621995,1.164613361717721,1.507040273464439,1.2269480819654224,4,0,0,0,1,0,1,1,0,0,0,0,1,0,1,0,1,0,1,0,0,0,1,1,0,0,0,0
0,-0.347506274377116,-1.4565816320066605,-0.7939894249277533,-1.4735358799704439,0,0,1,1,1,0,0,0,1,1,0,1,0,1,0,1,0,1,0,1,0,0,1,1,1,0,0,0
0,1.5286133552044,-1.4915087226590795,-0.41034109236673977,-1.507073990975424,0,1,1,1,1,0,0,0,1,1,0,1,0,1,0,1,0,1,0,1,0,0,1,0,1,0,0,0
0,-1.2447808798291453,0.5009986393217639,-0.9334898880783887,0.7404826660291077,1,1,0,0,1,0,0,1,0,0,0,0,0,0,0,0,0,0,1,0,0,0,0,1,0,1,0,0
1,1.4470429365269428,1.4057766066987079,2.2453515482354325,1.4466966248785893,4,1,1,1,1,0,1,1,0,0,0,0,0,0,1,0,1,0,1,0,1,1,0,1,1,0,0,0
0,-1.285566089167874,0.6689813134119684,-0.9729532543934561,0.6667165825124172,1,0,0,0,1,0,1,1,0,0,0,0,0,0,0,0,0,0,0,0,1,0,0,1,0,1,0,1
0,-0.8369287864418593,0.8203320395724497,-0.559679823475184,0.6715514381736234,2,1,0,0,1,0,1,1,0,0,0,0,0,0,1,0,0,0,1,0,0,0,0,1,0,1,0,0
0,1.2431168898332998,0.554220872696878,1.2082525167637186,0.4951877441156607,1,0,1,0,1,0,1,1,0,0,0,0,1,0,0,0,0,0,0,0,0,0,0,1,0,0,0,0
0,0.01956060967144149,-0.21417512165633507,-0.14777404415642786,-0.18683009172361187,3,0,1,1,1,0,0,0,0,0,1,0,1,0,1,0,0,0,0,0,0,1,0,1,0,0,1,0
0,1.4878281458656715,1.0232418043150735,1.964938852541113,1.0891568406324268,3,0,1,0,1,0,0,1,0,0,0,0,1,0,0,0,0,0,1,0,1,1,0,1,1,0,0,0
0,1.1207612618171139,0.5226201716304039,1.171921513789478,0.5820099113280822,5,0,1,1,1,0,0,0,0,0,0,0,1,0,1,0,1,0,1,0,1,0,1,1,0,0,0,0
0,1.6101837738818572,1.603696787062414,2.6286028206546517,1.646810894405527,6,0,1,1,1,0,1,1,0,0,1,0,1,0,1,0,1,0,1,0,1,0,1,1,0,0,0,0
0,-0.877713995780588,-0.19754317372661184,-0.7450407330031392,-0.33812967875273847,1,0,0,0,1,0,1,0,0,0,0,0,0,0,0,0,0,0,0,0,1,0,0,1,0,0,1,0
0,-1.285566089167874,-1.5081406705888027,-1.0018283502606575,-1.5031666382369797,0,0,0,0,1,0,0,0,1,1,0,1,0,1,0,1,0,1,0,1,0,0,0,0,0,0,1,0
0,-0.9184992051193165,0.7039084040643871,-0.6424668630394368,0.6140028419319504,1,1,0,0,1,0,1,1,0,0,0,0,0,0,0,0,0,0,1,0,0,0,0,1,0,0,0,1
0,-0.7961435771031307,-0.6432793782431946,-0.7470701515056468,-0.6288122135629118,3,1,0,0,0,1,0,0,0,0,1,0,0,0,0,0,1,0,1,0,0,0,0,1,1,0,0,1
0,0.060345819010170096,0.4677347434623174,0.1574328515033112,0.4299630454621527,1,1,1,1,1,0,0,1,0,0,0,0,0,0,0,0,0,0,0,0,1,1,0,1,0,0,0,0
0,0.2642718657038131,0.7122243780292488,0.4304337578841245,0.6250624414312548,2,1,1,1,1,0,0,1,0,0,0,0,1,0,0,0,0,0,1,0,0,0,0,1,0,0,1,1
0,1.324687308510757,1.33592242539387,1.9649609114378799,1.288595907163931,4,0,0,0,1,0,1,1,0,0,0,0,1,0,0,0,1,0,1,0,1,1,0,1,0,0,0,0
1,0.7129091684298279,1.231141153436614,1.3125690395719656,1.3400600235119626,4,1,1,0,1,0,1,1,0,0,1,0,1,0,1,0,0,0,1,0,0,1,0,1,0,0,0,0
0,-0.7145731584256735,-1.5014878914169132,-0.8729823342481875,-1.4626091061761175,0,1,0,0,1,0,0,0,1,1,0,1,0,1,0,1,0,1,0,1,0,0,0,0,0,0,1,0
0,1.6101837738818572,1.510557878655964,2.504367114066356,1.5171446701964129,5,1,1,1,1,0,1,1,0,0,1,0,1,0,1,0,0,0,1,0,1,0,1,1,0,0,0,0
0,1.6101837738818572,1.68685652671103,2.6162057206719416,1.633871899731251,6,0,1,1,1,0,1,1,0,0,1,0,1,0,1,0,1,0,1,0,1,0,1,1,0,0,0,0
0,0.9168352151234709,-1.5147934497606919,-0.5016649249795846,-1.4561492366900797,0,1,1,1,1,0,0,0,1,1,0,1,0,1,0,1,0,1,0,1,0,0,1,0,0,0,0,0
0,-0.3882914837158446,-1.3068941006391515,-0.7833570366863545,-1.4093283961864362,0,0,1,1,1,0,1,0,1,1,0,1,0,1,0,1,0,1,0,1,0,0,1,1,1,0,0,0
0,-0.02122459966728712,0.5143041976655421,0.13491071790482956,0.5384029667323309,1,1,0,0,1,0,1,1,0,0,0,0,1,0,0,0,0,0,0,0,0,0,0,1,0,0,0,1
0,0.9576204244621995,0.1284430056959634,0.6695521988317663,0.10311055114893748,3,0,1,1,1,0,1,0,0,0,1,0,0,0,1,0,0,0,0,0,1,1,0,1,0,0,0,0
0,-1.285566089167874,-1.4964983070379965,-1.0016739379832929,-1.4915629846500846,0,0,0,0,1,0,0,0,1,1,0,1,0,1,0,1,0,1,0,1,0,0,0,0,0,0,0,0
0,0.22348665636508452,0.18998121303593918,0.1843447055583041,0.21146948163708643,4,1,0,0,1,0,0,0,0,0,1,0,1,0,0,0,1,0,1,0,0,1,0,0,0,0,1,0
0,-0.877713995780588,0.17667565469216087,-0.6751360891504569,0.139428479907921,0,1,0,0,1,0,0,1,0,0,0,0,0,0,0,0,0,0,0,0,0,0,0,0,0,1,0,0
0,-1.285566089167874,-0.5185397687702704,-0.9887033066846568,-0.5168560833508903,1,1,0,0,1,0,0,0,0,0,0,0,0,0,0,0,1,0,0,0,0,0,0,1,0,1,0,0
0,0.9576204244621995,1.4091029962846522,1.651305458316614,1.4205396494610711,4,1,1,0,1,0,1,1,0,0,0,0,1,0,0,0,1,0,1,0,1,1,0,1,0,1,0,0
0,-1.2039956704904167,-1.3734218923580443,-0.9711664837553786,-1.167213239149729,0,1,1,0,1,0,1,0,1,1,0,1,0,1,0,1,0,1,0,1,0,0,0,1,0,0,1,0
0,-1.0408548331355023,0.16004370676243765,-0.7827393875768957,0.29326838441989284,3,1,1,1,1,0,0,0,0,0,1,0,0,0,0,0,0,0,1,0,1,0,0,0,1,0,0,0
0,1.0799760524783852,1.1513078033739421,1.5756213835111381,1.1425225716021745,3,1,1,1,1,0,1,1,0,0,0,0,0,0,1,0,0,0,1,0,1,0,1,1,1,0,0,0
0,-1.0408548331355023,-0.019581330878573448,-0.8137100786369038,-0.03921181223318497,3,1,0,0,1,0,0,0,0,0,0,0,0,0,1,0,1,0,1,0,0,0,0,0,0,0,0,0
0,1.5693985645431285,0.1982971870008008,1.183700964662729,0.1710047656976116,4,1,1,1,1,0,0,0,0,0,1,0,0,0,1,0,1,0,0,0,1,0,1,1,1,0,0,0
0,-0.7145731584256735,1.231141153436614,-0.27489946622111977,1.5336752719332993,4,1,1,1,1,0,0,1,0,0,1,0,0,0,0,0,1,0,1,0,1,1,0,0,0,1,0,0
0,1.5693985645431285,0.2864465110283341,1.3532677041059509,0.3504761643343588,4,1,1,0,1,0,1,0,0,0,1,0,1,0,0,0,1,0,1,0,0,0,1,0,1,0,0,0
0,0.1011310283488987,1.176255725268527,0.5458459057658646,1.1901597639098271,3,0,0,0,1,0,1,1,0,0,0,0,0,0,1,0,0,0,1,0,1,0,0,1,0,1,0,1
0,-0.877713995780588,-0.8145884419193439,-0.8240115834268069,-0.877624222143449,3,0,0,0,0,1,0,0,0,0,0,0,1,0,1,0,1,0,0,0,0,1,0,1,1,0,0,0
0,1.1207612618171139,-1.5181198393466364,-0.5237238217459722,-1.5417073447934528,0,0,1,1,1,0,0,0,1,1,0,1,0,1,0,1,0,1,0,1,0,0,1,1,1,0,0,0
1,0.590553540413642,-0.17592164141797167,0.20455065499631525,-0.2086715087542641,2,1,0,0,1,0,1,0,0,0,0,0,1,0,0,0,1,0,0,0,0,0,1,0,0,0,0,0
0,-0.877713995780588,0.00037700663709471546,-0.7028420634890397,-0.049846700678317146,3,0,0,0,1,0,0,0,0,0,0,0,0,0,1,0,1,0,0,0,1,1,0,0,1,0,0,0
0,0.9576204244621995,1.1779189200614992,1.4665180801045847,1.1725707563554058,3,1,1,0,1,0,1,1,0,0,0,0,1,0,0,0,0,0,1,0,1,1,0,0,1,0,0,1
1,-0.18436543702220157,1.5288530213786593,0.403257197067935,1.6428443393528642,5,0,1,0,1,0,1,1,0,0,0,0,1,0,1,0,1,0,1,0,1,0,0,1,0,1,0,0
0,1.1615464711558425,0.5375889247671548,1.0841050457624888,0.42901832039398113,5,1,1,0,1,0,0,0,0,0,1,0,1,0,0,0,1,0,1,0,1,0,1,1,0,0,1,0
0,-0.06200980900601573,1.1030751543777446,0.3493011355773508,1.1448726671853047,3,1,1,1,1,0,1,1,0,0,1,0,0,0,1,0,0,0,1,0,0,1,0,0,0,0,0,0
0,-0.9592844144580451,0.18665482344999473,-0.7466730913638518,0.05117038747426398,0,1,0,0,1,0,0,1,0,0,0,0,0,0,0,0,0,0,0,0,0,0,0,1,0,1,0,0
1,0.1011310283488987,0.986651518869682,0.47428684465570314,1.0365179180490602,3,1,1,0,1,0,1,1,0,0,1,0,1,0,0,0,0,0,0,0,1,0,0,1,0,1,0,0
0,-1.2447808798291453,-1.504814281002858,-0.9933356750055983,-1.5081396326313634,0,1,0,0,1,0,0,0,1,1,0,1,0,1,0,1,0,1,0,1,0,0,0,1,0,0,1,0
0,-0.8369287864418593,-1.5264358133114981,-0.9074162721005185,-1.5060675516337032,0,0,1,1,1,0,0,0,1,1,0,1,0,1,0,1,0,1,0,1,0,0,0,0,0,0,1,1
0,-1.285566089167874,0.34632152357533763,-0.9772326803661353,0.3451296116756081,1,0,0,0,1,0,0,1,0,0,1,0,0,0,0,0,0,0,0,0,0,0,0,0,0,0,1,1
1,-1.1632104611516882,0.8086896760216437,-0.8577175776858472,0.7181041912543814,2,0,0,0,1,0,1,1,0,0,0,0,0,0,1,0,0,0,1,0,0,0,0,1,0,1,0,1
0,-1.285566089167874,-1.5264358133114981,-1.0020709981250877,-1.5214009510163864,0,0,1,1,1,0,0,0,1,1,0,1,0,1,0,1,0,1,0,1,0,0,0,1,0,0,1,0
0,-1.2039956704904167,-1.4931719174520517,-0.9832327002865928,-1.469460787341713,0,0,0,0,1,0,0,0,1,1,0,1,0,1,0,1,0,1,0,1,0,0,0,1,0,0,1,0
1,-1.285566089167874,0.6922660405135811,-0.9726444298387268,0.6899238896862077,1,0,0,0,1,0,1,1,0,0,0,0,0,0,0,0,0,0,1,0,0,0,0,1,0,1,0,1
0,0.7944795871072851,-0.05450842153099214,0.4641618110399311,-0.020289841804005653,3,1,0,0,1,0,0,0,0,0,1,0,1,0,0,0,0,0,1,0,0,0,1,1,1,0,0,0
0,-1.1224252518129596,-1.489845527866107,-0.9729091365999234,-1.5870444770222507,0,1,1,1,1,0,0,0,1,1,0,1,0,1,0,1,0,1,0,1,0,1,0,0,0,0,1,0
0,1.6101837738818572,1.139665439823136,2.264013374899797,1.2662847307463936,4,1,1,0,1,0,1,1,0,0,1,0,1,0,1,0,0,0,0,0,1,0,1,1,0,1,0,0
0,1.5693985645431285,0.8486063510529795,1.9313431527659048,0.9623179065842073,6,1,1,1,1,0,1,0,0,0,1,0,1,0,1,0,1,0,1,0,1,0,1,0,0,1,0,0
0,1.6101837738818572,1.5637801120310786,2.5503157960307417,1.5651018337311402,5,1,1,0,1,0,1,1,0,0,1,0,0,0,1,0,1,0,1,0,1,0,1,1,1,0,0,0
0,0.5497683310749134,-1.330178827740764,-0.4921575404732715,-1.3046072243742706,0,1,1,1,1,0,1,0,1,1,0,1,0,1,0,1,0,1,0,1,0,1,0,0,0,1,0,0
0,1.2431168898332998,0.6190854696227988,1.3873486996100197,0.7088160059569346,5,1,1,1,1,0,1,0,0,0,1,0,1,0,1,0,0,0,1,0,1,0,1,0,1,0,0,0
0,-0.10279501834474433,0.6456965863103559,0.06540313419394207,0.5436073435047863,3,1,0,0,1,0,0,1,0,0,1,0,1,0,1,0,0,0,0,0,0,0,0,1,1,0,0,0
0,-1.285566089167874,-0.6416161834502222,-0.9903356650453696,-0.6395232784123533,0,1,0,0,1,0,0,0,0,0,0,0,0,0,0,0,0,0,0,0,0,0,0,0,0,0,1,0
0,-0.8369287864418593,-0.10773065490610653,-0.6955626275561317,-0.17938315819868908,3,0,0,0,1,0,1,0,0,0,1,0,0,0,1,0,1,0,0,0,0,0,0,1,0,0,1,1
0,-0.6737879490869448,-0.3339251467503424,-0.6062682134457946,-0.25297656829890813,5,1,0,0,0,1,0,0,0,0,1,0,1,0,1,0,1,0,1,0,0,0,1,0,0,0,1,0
0,-1.1632104611516882,0.021998538945734634,-0.9058059726365723,-0.185323123725314,2,1,0,0,1,0,1,0,0,0,0,0,0,0,0,0,1,0,0,0,1,0,0,0,0,0,1,0
0,0.7536943777685564,0.8469431562600068,1.0253842625703653,0.8484421489111033,2,1,1,0,1,0,1,1,0,0,0,0,1,0,0,0,0,0,0,0,1,1,0,1,1,0,0,0
0,1.324687308510757,-1.4798663591082732,-0.38642924827197556,-1.4298723516243717,0,1,1,0,1,0,0,0,1,1,0,1,0,1,0,1,0,1,0,1,0,0,1,1,1,0,0,0
0,-0.6737879490869448,0.3213736016807528,-0.49405460559518083,0.27405723345587524,1,1,0,0,1,0,0,1,0,0,0,0,0,0,0,0,1,0,0,0,0,0,0,1,1,0,0,0
0,-1.2447808798291453,-1.4948351122450239,-0.9894091913811814,-1.3606074655979818,0,1,0,0,1,0,0,0,1,1,0,1,0,1,0,1,0,1,0,1,0,1,0,0,0,0,1,0
0,1.3654725178494855,0.31139443292291896,1.133340503345066,0.28959784093832414,0,0,1,1,1,0,1,1,0,0,0,0,0,0,0,0,0,0,0,0,0,1,0,1,0,0,0,0
0,0.5497683310749134,1.4556724504878775,1.1527302736027207,1.3825394857735527,5,1,0,0,1,0,1,1,0,0,0,0,1,0,1,0,1,0,1,0,1,0,1,0,0,1,0,0
0,-0.02122459966728712,1.485609956761379,0.5813166117662159,1.5867205454733915,5,0,0,0,1,0,1,1,0,0,1,0,0,0,1,0,1,0,1,0,1,1,0,1,0,0,0,0
0,1.6101837738818572,0.7238667415800553,1.6781952534748406,0.6548596745813637,5,1,1,0,1,0,1,0,0,0,1,0,0,0,1,0,1,0,1,0,1,0,1,0,1,0,0,0
0,0.22348665636508452,0.5359257299741825,0.3505364337962686,0.5401233392448617,5,1,1,1,1,0,0,0,0,0,1,0,0,0,1,0,1,0,1,0,1,0,1,0,1,0,0,0
0,0.7536943777685564,-0.5667724177664676,0.02929272018736557,-0.6192737652901246,1,1,0,1,1,0,0,0,0,0,0,0,0,0,0,0,1,0,0,0,0,1,0,0,1,0,0,0
0,1.6101837738818572,1.6519294360586114,2.653992610832763,1.6733105080533768,6,1,1,1,1,0,1,1,0,0,1,0,1,0,1,0,1,0,1,0,1,0,1,0,0,0,0,0
1,1.324687308510757,1.3425752045657593,1.9835565614119444,1.3100945444688816,4,0,1,0,1,0,1,1,0,0,1,0,0,0,1,0,0,0,1,0,1,0,0,0,0,0,0,1
0,-0.9592844144580451,-1.1621961536505592,-0.9006221318964711,-1.2342565709851234,1,1,1,1,0,1,0,0,0,0,0,0,1,0,0,0,0,0,0,0,0,0,0,1,0,1,0,1
0,-0.9592844144580451,0.0037033962230391725,-0.7179303488772488,0.291163413247667,4,0,1,1,1,0,0,0,0,0,1,0,1,0,1,0,1,0,0,0,0,0,0,0,0,0,1,1
0,1.3654725178494855,-1.4748767747293563,-0.41173080286302227,-1.4696114841415426,0,1,0,1,1,0,0,0,1,1,0,1,0,1,0,1,0,1,0,1,0,0,1,0,0,0,1,0
1,0.4681979123974562,1.4939259307262407,1.1338257990739269,1.510882380959041,5,0,0,0,1,0,1,1,0,0,1,0,1,0,1,0,0,0,1,0,1,1,0,1,1,0,0,0
0,0.7129091684298279,0.15339092759054826,0.49758103964100836,0.11517835087930813,3,1,0,0,1,0,1,0,0,0,0,0,0,0,1,0,1,0,0,0,1,0,1,0,0,0,0,0
0,-0.7145731584256735,-0.5335085219070211,-0.7318936305303722,-0.7557808362543889,0,0,0,0,1,0,1,0,0,0,0,0,0,0,0,0,0,0,0,0,0,0,0,0,0,0,1,0
0,-1.0000696237967737,-1.3185364641899577,-0.9282619295447547,-1.3792561945769204,0,1,0,0,0,1,0,0,0,0,0,0,0,0,0,0,0,0,0,0,0,0,0,1,1,0,0,0
1,1.3654725178494855,1.2627418545030875,2.0675347814015823,1.3532660864037147,4,0,0,0,1,0,1,1,0,0,0,0,0,0,1,0,1,0,1,0,1,1,0,1,1,0,0,0
0,0.9984056338009281,0.7538042478535568,1.144634658489457,0.6898948078476439,3,0,0,0,1,0,1,1,0,0,1,0,1,0,0,0,1,0,0,0,0,0,0,1,0,0,0,0
0,-1.0408548331355023,0.45442918511853864,-0.7797393776166669,0.3254744433549494,1,0,0,0,1,0,1,1,0,0,0,0,1,0,0,0,0,0,0,0,0,0,0,1,0,0,0,0
1,-0.9184992051193165,-1.0091822326971058,-0.850482259546472,-0.9491750627026415,1,1,1,1,0,1,0,0,0,0,0,0,0,0,0,0,0,0,0,0,1,0,0,1,0,0,0,0
0,1.2023316804945712,0.9034917792210659,1.5288785812631627,0.9264886982964577,3,0,0,0,1,0,1,1,0,0,1,0,1,0,1,0,0,0,0,0,0,1,0,1,0,1,0,0
0,0.30505707504254176,0.6706445082049407,0.46998535978625755,0.6299578656139314,2,1,1,1,1,0,0,1,0,0,0,0,0,0,1,0,0,0,1,0,0,1,0,1,0,1,0,0
0,-0.5106471117320305,-1.5031510862098856,-0.8309160181146862,-1.47672688470684,0,0,0,0,1,0,0,0,1,1,0,1,0,1,0,1,0,1,0,1,0,0,1,0,0,0,1,0
0,-1.0408548331355023,-1.4931719174520517,-0.9497472949952164,-1.4996144993838485,0,0,0,0,1,0,0,0,1,1,0,1,0,1,0,1,0,1,0,1,0,0,0,0,0,0,0,1
0,-0.30672106503838736,1.0066098563853503,0.04647660076838145,1.0257004711949909,3,0,1,0,1,0,0,1,0,0,0,0,0,0,0,0,1,0,1,0,1,0,0,1,0,1,0,0
0,-0.3882914837158446,0.6440333915173836,-0.1421710843777655,0.6855995467345695,2,1,1,0,1,0,1,1,0,0,0,0,1,0,1,0,0,0,0,0,0,0,0,0,0,1,0,0
1,1.3654725178494855,1.320953672257119,1.9981374921745263,1.2742507310262858,4,0,1,0,1,0,1,1,0,0,0,0,1,0,1,0,0,0,1,0,1,1,0,0,1,0,0,0
1,1.6101837738818572,1.5554641380662169,2.49402149148292,1.5063468258863852,5,0,0,0,1,0,1,1,0,0,0,0,1,0,1,0,1,0,1,0,1,0,1,0,0,1,0,0
1,0.6721239590910992,0.8369639875021729,0.9956929875228074,0.9253461209142061,2,1,1,0,1,0,1,1,0,0,0,0,1,0,0,0,0,0,0,0,1,0,0,0,1,0,0,1
1,0.4274127030587276,1.525526631792715,1.0577446641266557,1.463089591808365,5,1,1,1,1,0,1,1,0,0,0,0,1,0,1,0,1,0,1,0,1,0,0,1,0,0,0,1
0,0.5497683310749134,-0.32893556237142546,0.08099877420777808,-0.36827886677086297,1,0,1,0,1,0,1,0,0,0,1,0,0,0,0,0,0,0,0,0,0,0,0,0,0,0,0,0
0,1.6101837738818572,0.8303112083302836,1.8849532928661916,0.870655398926539,6,1,1,1,1,0,1,0,0,0,1,0,1,0,1,0,1,0,1,0,1,0,1,0,1,0,0,0
0,-0.9184992051193165,-1.4815295539012454,-0.9326737088980322,-1.5668209664850903,0,1,0,0,1,0,0,0,1,1,0,1,0,1,0,1,0,1,0,1,0,1,0,0,0,0,1,0
0,0.30505707504254176,-0.34390431550817646,-0.023891279916395076,-0.29787856351819725,4,0,0,0,0,1,0,0,0,0,1,0,0,0,0,0,1,0,1,0,1,1,0,1,0,0,0,0
0,1.324687308510757,1.350891178530621,2.071461265025999,1.4117221478617987,4,0,1,1,1,0,1,1,0,0,0,0,1,0,1,0,0,0,1,0,1,0,0,1,0,1,0,1
0,-0.06200980900601573,1.14964460858097,0.3615658821794624,1.1746036874355987,4,1,0,0,1,0,0,1,0,0,0,0,0,0,1,0,1,0,1,0,1,0,1,0,0,0,0,0
0,1.4470429365269428,0.19996038179377348,1.1563258737756423,0.2432076040142456,4,0,1,0,1,0,1,0,0,0,1,0,1,0,1,0,1,0,0,0,0,0,1,0,1,0,0,0
1,0.9576204244621995,1.3192904774641467,1.5460183440506456,1.2792533265777786,4,1,1,1,1,0,1,1,0,0,1,0,0,0,1,0,0,0,1,0,1,1,0,1,0,0,0,1
0,-0.9184992051193165,0.67729728737683,-0.6331138908104884,0.6842878293725727,1,1,1,0,1,0,1,1,0,0,0,0,0,0,0,0,0,0,0,0,1,0,0,1,0,1,0,1
0,1.4470429365269428,-1.3135468798110408,-0.2956568880782905,-1.361387543150042,0,1,1,1,1,0,1,0,1,1,0,1,0,1,0,1,0,1,0,1,0,0,1,0,0,0,0,0
0,0.4274127030587276,-0.29068208213306207,0.09218263486833676,-0.22433607199753278,1,0,1,1,1,0,0,0,0,0,0,0,0,0,0,0,0,0,1,0,0,0,0,0,0,1,0,1
0,-1.285566089167874,0.8203320395724497,-0.9709458947877148,0.8175640791420543,2,1,0,0,1,0,0,1,0,0,0,0,0,0,0,0,0,0,1,0,1,0,0,1,0,1,0,1
1,0.6721239590910992,0.8303112083302836,0.8809646654408253,0.749396843055775,3,0,0,0,1,0,0,1,0,0,0,0,1,0,1,0,0,0,0,0,1,1,0,1,0,0,0,0
0,-0.7145731584256735,-1.3185364641899577,-0.8362542711321521,-1.2786083135839226,0,0,1,1,1,0,1,0,1,1,0,1,0,1,0,1,0,1,0,1,0,0,0,1,0,1,0,0
1,-0.5106471117320305,0.986651518869682,-0.17236971405095006,0.9976693594586488,2,1,1,0,1,0,1,1,0,0,0,0,0,0,0,0,0,0,1,0,1,0,0,1,0,1,0,1
0,-1.285566089167874,-0.6382897938642774,-0.9902915472518369,-0.6362079488160975,0,1,0,0,1,0,0,0,0,0,0,0,0,0,0,0,0,0,0,0,0,0,0,1,0,0,1,1
0,0.7129091684298279,0.15838051196946543,0.5081472511921081,0.13105877964537369,3,1,1,1,1,0,1,0,0,0,0,0,0,0,1,0,1,0,1,0,0,1,0,1,0,1,0,0
1,-1.2447808798291453,0.8186688447794775,-0.9392031423408831,0.5258150746715472,2,0,0,0,1,0,1,1,0,0,0,0,1,0,0,0,0,0,0,0,1,0,0,0,0,1,0,1
1,-0.347506274377116,0.17002287552027148,-0.2460684881474512,0.24207811672532475,0,1,0,0,1,0,0,1,0,0,0,0,0,0,0,0,0,0,0,0,0,0,0,0,1,0,0,0
0,-1.2039956704904167,0.15505412238352048,-0.9123795238729556,0.3053456565205393,0,0,0,0,1,0,0,1,0,0,0,0,0,0,0,0,0,0,0,0,0,0,0,1,0,0,0,1
0,-1.285566089167874,0.323036796473725,-0.9775415049208648,0.32192230450181764,1,0,0,0,1,0,0,1,0,0,0,0,0,0,1,0,0,0,0,0,0,0,0,1,0,0,1,1
0,0.1011310283488987,-1.489845527866107,-0.7213494778760389,-1.5305891501831526,0,1,1,1,1,0,0,0,1,1,0,1,0,1,0,1,0,1,0,1,0,0,1,0,0,0,1,0
0,-0.6330027397482163,-1.3335052173267088,-0.8007835651318007,-1.2244839327634807,0,0,0,0,1,0,1,0,1,1,0,1,0,1,0,1,0,1,0,1,0,0,0,0,0,0,1,0
1,-1.0000696237967737,-1.504814281002858,-0.9379678441219653,-1.470427758473954,0,0,0,0,1,0,0,0,1,1,0,1,0,1,0,1,0,1,0,1,0,0,0,0,0,1,0,1
0,-0.9184992051193165,1.0049466615923774,-0.6287903470442765,0.7167780594158794,3,1,0,0,1,0,0,1,0,0,0,0,0,0,0,0,1,0,1,0,1,0,0,1,1,0,0,0
0,1.4470429365269428,0.7970473124708372,1.6951585450881925,0.838674927894683,6,1,1,1,1,0,1,0,0,0,1,0,1,0,1,0,1,0,1,0,1,0,1,1,1,0,0,0
0,0.5089831217361848,0.46274515908340025,0.5766842434452745,0.49910825292393135,5,1,1,0,1,0,0,0,0,0,1,0,1,0,1,0,0,0,1,0,1,1,0,0,0,0,0,0
0,-1.2447808798291453,-1.4981615018309686,-0.9946150910180488,-1.5562119117770719,0,1,1,1,1,0,0,0,1,1,0,1,0,1,0,1,0,1,0,1,0,1,0,0,0,0,1,1
0,0.18270144702635593,-1.4815295539012454,-0.7026655923149085,-1.526194738405567,0,1,1,0,1,0,0,0,1,1,0,1,0,1,0,1,0,1,0,1,0,0,0,0,0,0,0,0
0,-1.1632104611516882,-1.3518003600494042,-0.9680782382080844,-1.355220055004066,0,0,0,0,0,1,0,0,0,0,0,0,0,0,0,0,0,0,0,0,0,0,0,1,0,0,1,1
0,-0.9184992051193165,-0.6532585470010285,-0.8213203980213076,-0.7300317763901358,0,0,0,0,1,0,0,0,0,0,0,0,0,0,0,0,0,0,0,0,0,0,0,0,0,0,1,0
0,-1.285566089167874,-1.4915087226590795,-1.0016077612929937,-1.486589990255701,0,1,0,0,1,0,0,0,1,1,0,1,0,1,0,1,0,1,0,1,0,0,0,0,0,0,1,0
0,1.324687308510757,0.15505412238352048,0.9568252114204322,0.12307903633253942,3,1,1,1,1,0,1,0,0,0,1,0,1,0,0,0,0,0,0,0,1,0,1,1,0,0,1,0
0,0.9984056338009281,-1.509803865381775,-0.49533402160763135,-1.4721944801666955,0,0,1,1,1,0,0,0,1,1,0,1,0,1,0,1,0,1,0,1,0,0,1,0,0,0,0,0
0,-1.2039956704904167,0.3280263808526422,-0.9054089124947773,0.47995301525667566,1,0,0,0,1,0,0,1,0,0,0,0,0,0,1,0,0,0,0,0,0,0,0,1,0,0,1,0
0,-1.2447808798291453,0.15838051196946543,-0.9464164015834918,0.25478688017763873,0,0,0,0,1,0,0,1,0,0,0,0,0,0,0,0,0,0,0,0,0,0,0,0,0,1,0,1
0,0.6721239590910992,-1.1538801796856977,-0.36937772107155803,-1.168149199545951,1,1,0,0,0,1,0,0,0,0,0,0,0,0,1,0,0,0,0,0,0,0,0,1,0,0,0,0
0,-1.1632104611516882,-0.6399529886572499,-0.926166334351948,-0.5678292758933224,0,0,0,0,1,0,0,0,0,0,0,0,0,0,0,0,0,0,0,0,0,0,0,0,0,0,1,1
0,1.5286133552044,-0.23579665396497546,0.7715966552730756,-0.23822631171128075,5,0,1,0,0,1,0,0,0,0,0,0,1,0,1,0,1,0,1,0,1,0,1,0,0,0,0,0
0,0.8352647964460137,-1.4981615018309686,-0.5518709740198827,-1.501102376412896,0,0,1,1,1,0,0,0,1,1,0,1,0,1,0,1,0,1,0,1,0,1,0,1,0,0,0,0
0,0.8352647964460137,-1.3085572954321238,-0.42099553950490504,-1.315537749105486,0,1,1,1,1,0,1,0,1,1,0,1,0,1,0,1,0,1,0,1,0,0,1,0,1,0,0,0
0,-1.285566089167874,0.338005549610476,-0.9773429748499672,0.3368412876849687,0,0,0,0,1,0,1,1,0,0,0,0,0,0,0,0,0,0,0,0,0,0,0,1,0,0,1,1
0,-0.4290766930545732,-1.3318420225337362,-0.792776185605602,-1.4077755639447118,0,1,0,0,1,0,1,0,1,1,0,1,0,1,0,1,0,1,0,1,0,0,0,1,1,0,0,0
1,0.7944795871072851,-0.5235293531491874,0.11494741633124875,-0.524953138326361,3,1,0,0,0,1,0,0,0,0,0,0,1,0,0,0,0,0,1,0,1,0,0,1,0,1,0,1
1,1.324687308510757,1.512221073448936,2.1863881171788786,1.5445903570655874,5,1,0,0,1,0,1,1,0,0,1,0,0,0,1,0,1,0,1,0,1,0,1,1,0,1,0,0
0,0.6313387497523706,-1.3418211912915703,-0.47929720365846745,-1.3197529352607886,0,0,0,0,1,0,1,0,1,1,0,1,0,1,0,1,0,1,0,1,0,1,0,0,0,0,0,0
0,-1.2447808798291453,-1.0041926483181887,-0.9829900524221625,-1.119417237470375,1,0,0,0,0,1,0,0,0,0,0,0,0,0,0,0,0,0,0,0,1,0,0,1,0,1,0,1
0,-1.2039956704904167,1.432387723386265,-0.872099978377532,1.31431096364771,4,1,0,0,1,0,1,1,0,0,0,0,1,0,1,0,0,0,1,0,1,0,0,0,0,0,1,0
0,0.5089831217361848,0.5492312883179613,0.6553683282109791,0.6305058159222016,1,1,1,0,1,0,1,1,0,0,0,0,1,0,0,0,0,0,0,0,0,0,0,0,0,0,0,0
0,-1.285566089167874,0.5026618341147361,-0.9751591440700949,0.500950102699629,1,1,1,1,1,0,0,1,0,0,0,0,0,0,0,0,0,0,0,0,1,0,0,0,0,1,0,1
0,1.1615464711558425,0.29642567978616796,1.0260460294733569,0.35749416057967703,4,0,1,1,1,0,0,0,0,0,0,0,0,0,1,0,1,0,1,0,1,0,1,1,0,0,0,0
0,-1.2039956704904167,-0.016254941292628517,-0.9241369158494402,0.01083387738648547,3,1,0,0,1,0,0,0,0,0,1,0,0,0,0,0,1,0,1,0,0,0,0,1,1,0,0,0
1,0.30505707504254176,1.2926793607765896,0.8373762854304433,1.3201680459344278,4,0,0,0,1,0,1,1,0,0,0,0,0,0,1,0,1,0,1,0,1,1,0,1,1,0,0,0
0,-1.285566089167874,0.2066131609656624,-0.9790856276945119,0.20588576863286595,0,0,0,0,1,0,0,1,0,0,0,0,0,0,0,0,0,0,0,0,0,0,0,0,0,0,1,0
0,-1.285566089167874,-0.49858143125460247,-0.9884385999234602,-0.49696410577335565,1,0,0,0,1,0,0,0,0,0,0,0,0,0,0,0,1,0,0,0,0,0,0,1,0,1,0,0
0,0.7536943777685564,-1.340157996498598,-0.45174564159724934,-1.3280717310308052,0,1,0,0,1,0,1,0,1,1,0,1,0,1,0,1,0,1,0,1,0,1,0,1,0,0,0,0
1,-1.2447808798291453,-0.5202029635632426,-0.9702620689879569,-0.6411809432104814,1,1,0,0,1,0,0,0,0,0,1,0,0,0,0,0,0,0,0,0,0,0,0,1,0,1,0,1
0,0.7944795871072851,-1.1572065692716424,-0.29424511868524167,-1.1162931768892879,1,1,0,0,0,1,0,0,0,0,0,0,1,0,0,0,0,0,0,0,0,1,0,0,0,0,1,0
0,0.7536943777685564,0.6157590800368543,0.8201924048494273,0.5460970910251118,1,1,0,0,1,0,1,1,0,0,0,0,0,0,0,0,0,0,0,0,1,0,0,0,0,0,0,0
0,-1.285566089167874,-1.4782031643153006,-1.0014312901188627,-1.4733286718706777,0,1,0,0,1,0,0,0,1,1,0,1,0,1,0,1,0,1,0,1,0,0,0,1,0,0,1,0
0,-0.06200980900601573,0.3446583287823654,0.023888290479600602,0.3560381155084496,4,1,1,1,1,0,1,0,0,0,1,0,1,0,0,0,1,0,0,0,1,1,0,1,0,0,0,0
0,0.590553540413642,-1.4748767747293563,-0.5635180715125354,-1.4367189684567045,0,1,0,1,1,0,0,0,1,1,0,1,0,1,0,1,0,1,0,1,0,1,0,0,1,0,0,0
0,-1.2039956704904167,0.33966874440344824,-0.8910265118030924,0.8402188313831355,0,0,0,0,1,0,1,1,0,0,0,0,0,0,0,0,0,0,0,0,0,0,0,1,1,0,0,1
1,-0.4290766930545732,-1.4915087226590795,-0.8264821798646423,-1.5229079190146846,0,0,0,0,1,0,0,0,1,1,0,1,0,1,0,1,0,1,0,1,0,1,0,1,0,0,1,0
0,-1.285566089167874,-1.4715503851434115,-1.001343054531797,-1.4666980126781664,0,0,1,0,1,0,0,0,1,1,0,1,0,1,0,1,0,1,0,1,0,0,0,1,0,0,1,0
0,1.6101837738818572,0.6739708977908856,1.7761146962208352,0.7570593140103865,5,1,1,0,1,0,1,0,0,0,0,0,1,0,1,0,1,0,1,0,1,0,1,1,0,0,0,0
0,-1.2039956704904167,-0.49026545728974086,-0.9362693090709535,-0.2930713356036261,1,1,1,1,1,0,0,0,0,0,0,0,0,0,1,0,0,0,0,0,0,0,0,1,0,1,0,1
1,0.590553540413642,0.6673181186189963,0.7622216241473608,0.6829758053195865,2,1,1,1,1,0,0,1,0,0,0,0,1,0,0,0,0,0,1,0,0,1,0,1,0,0,0,0
0,1.6101837738818572,0.053599240012208865,1.112318374726699,0.06424752088171731,3,1,1,1,1,0,1,0,0,0,1,0,0,0,1,0,1,0,0,0,0,0,1,1,1,0,0,0
0,1.3654725178494855,-0.05284522673801991,0.8379498167463694,-0.04673230014850113,2,1,1,1,1,0,1,0,0,0,0,0,0,0,1,0,0,0,1,0,0,0,1,1,0,0,0,0
0,0.1011310283488987,0.6074431060719927,0.24621991098802137,0.5468437366820836,1,1,0,0,1,0,1,1,0,0,0,0,0,0,0,0,0,0,1,0,0,0,0,0,0,1,0,0
0,-0.14358022768347295,0.665654923826024,0.09963854197537562,0.7252492981428634,1,1,0,0,1,0,1,1,0,0,0,0,0,0,0,0,0,0,0,0,1,0,0,1,0,1,0,0
0,-1.2447808798291453,-1.4748767747293563,-0.9956298002693027,-1.5943382021340133,0,0,0,0,1,0,0,0,1,1,0,1,0,1,0,1,0,1,0,1,0,0,0,1,0,0,1,0
0,-1.1632104611516882,-0.5202029635632426,-0.9184898382772452,-0.42361243845619695,1,1,0,0,1,0,0,0,0,0,0,0,1,0,0,0,0,0,0,0,0,0,0,0,0,0,1,0
0,-0.30672106503838736,0.497672249735819,-0.12132542693352917,0.5213062264206391,2,0,0,0,1,0,0,1,0,0,1,0,1,0,0,0,0,0,0,0,0,0,0,1,0,0,0,1
0,1.324687308510757,-0.17592164141797167,0.6394638636424137,-0.24382593983155024,3,0,0,0,1,0,0,0,0,0,1,0,1,0,0,0,1,0,0,0,0,0,1,1,0,0,1,0
1,-0.22515064636093016,1.3226168670500917,0.2971980214151433,1.4881815824735671,4,1,0,0,1,0,1,1,0,0,0,0,1,0,0,0,1,0,1,0,1,1,0,1,0,0,0,0
0,-0.14358022768347295,0.34632152357533763,-0.011891240075480087,0.4362440147175337,1,1,1,0,1,0,0,1,0,0,0,0,0,0,1,0,0,0,0,0,0,0,0,1,1,0,0,0
0,-0.14358022768347295,0.5059882237006805,-0.034656021538392076,0.3772540122462245,4,1,1,1,1,0,1,0,0,0,0,0,1,0,1,0,0,0,1,0,1,0,0,0,1,0,0,0
0,-1.285566089167874,-1.5081406705888027,-1.0018283502606575,-1.5031666382369797,0,1,0,0,1,0,0,0,1,1,0,1,0,1,0,1,0,1,0,1,0,0,0,0,0,0,1,1
0,-0.5106471117320305,0.5359257299741825,-0.2676420891849782,0.6396966463029328,2,0,1,0,1,0,0,1,0,0,0,0,0,0,1,0,1,0,0,0,0,0,0,1,0,0,1,0
0,1.0391908431396566,-1.3368316069126531,-0.34030409513345905,-1.2830401852166187,0,0,0,0,1,0,1,0,1,1,0,1,0,1,0,1,0,1,0,1,0,0,1,1,1,0,0,0
0,-0.7553583677644021,0.7022452092714149,-0.49690020327804485,0.6052645803532479,2,0,0,1,1,0,1,1,0,0,1,0,0,0,0,0,1,0,0,0,0,0,0,1,0,0,1,0
0,1.6101837738818572,-1.3135468798110408,-0.2556420493440633,-1.3635083789947056,0,1,1,0,1,0,1,0,1,1,0,1,0,1,0,1,0,1,0,1,0,0,1,0,0,0,1,0
0,0.5497683310749134,0.8070264812286715,0.8625896044344246,0.9085554620827698,2,1,0,0,1,0,1,1,0,0,1,0,0,0,0,0,0,0,1,0,0,0,0,1,1,0,0,0
0,1.5693985645431285,-0.22082790082822445,0.8186262231790138,-0.21539456400684512,5,0,1,0,0,1,0,0,0,0,0,0,1,0,1,0,1,0,1,0,1,0,1,0,0,0,0,0
0,-0.02122459966728712,0.6906028457206088,0.16497699419741593,0.6090091267275904,1,1,0,0,1,0,1,1,0,0,0,0,0,0,0,0,0,0,0,0,1,0,0,1,0,0,0,0
0,-0.2659358556996588,-0.48361267811785147,-0.4468485665151113,-0.5223391284523901,3,0,0,0,0,1,0,0,0,0,0,0,0,0,1,0,0,0,1,0,1,0,0,1,1,0,0,0
1,1.4470429365269428,0.5143041976655421,1.455422455031092,0.5737410892762448,1,1,1,0,1,0,1,1,0,0,0,0,0,0,1,0,0,0,0,0,0,0,0,1,1,0,0,0
0,-1.2447808798291453,-1.4865191382801624,-0.9951224456436757,-1.5752750569555425,0,1,1,1,1,0,0,0,1,1,0,1,0,1,0,1,0,1,0,1,0,1,0,0,0,0,1,0
0,1.1615464711558425,-1.4748767747293563,-0.43429705425503673,-1.4415341175459297,0,1,1,1,1,0,0,0,1,1,0,1,0,1,0,1,0,1,0,1,0,0,1,0,1,0,0,0
0,-1.1632104611516882,0.7005820144784427,-0.8422322321558431,1.009024363325825,1,0,1,1,1,0,1,1,0,0,0,0,0,0,0,0,0,0,0,0,1,0,0,1,0,1,0,1
0,-1.2039956704904167,-0.6499321574150838,-0.9480267010474381,-0.5875831147376799,0,1,0,0,1,0,0,0,0,0,0,0,0,0,0,0,0,0,0,0,0,0,0,1,0,1,0,1
1,0.01956060967144149,0.9849883240767099,0.35964675816078673,0.9686627371047414,2,1,1,0,1,0,1,1,0,0,0,0,0,0,0,0,0,0,1,0,1,0,0,1,0,1,0,1
1,-0.9592844144580451,-1.4515920476277435,-0.9202104322250233,-1.3978128310670745,0,1,1,0,1,0,0,0,1,1,0,1,0,1,0,1,0,1,0,1,0,0,0,1,0,0,1,0
0,-0.4290766930545732,-1.2852725683305113,-0.7431436678812299,-1.2382416641361784,0,0,0,0,1,0,1,0,1,1,0,1,0,1,0,1,0,1,0,1,0,0,1,0,0,0,1,0
0,-1.1224252518129596,0.5309361455952655,-0.8533499161261024,0.209864164148373,1,0,1,1,1,0,0,1,0,0,0,0,0,0,0,0,0,0,1,0,0,0,0,1,0,1,0,0
1,-0.10279501834474433,0.8918494156702599,0.20638154342792545,0.8967452009992962,3,0,0,0,1,0,1,1,0,0,1,0,1,0,1,0,0,0,0,0,0,0,0,0,1,0,0,1
0,1.324687308510757,0.30973123812994674,1.1096933660114985,0.29981160634832704,4,1,0,0,1,0,1,0,0,0,0,0,1,0,1,0,1,0,0,0,1,0,1,1,1,0,0,0
0,0.5089831217361848,0.7438250790957229,0.7285376887850867,0.7526941300419833,2,0,0,0,1,0,1,1,0,0,0,0,0,0,1,0,1,0,0,0,0,0,0,1,0,1,0,1
0,-1.1224252518129596,-1.4815295539012454,-0.9695341253946661,-1.5363199341995375,0,1,0,0,1,0,0,0,1,1,0,1,0,1,0,1,0,1,0,1,0,0,0,0,0,0,1,0
0,-0.30672106503838736,0.352974302747227,-0.17175206494149126,0.369729357279826,1,1,1,1,1,0,0,1,0,0,0,0,1,0,0,0,0,0,0,0,0,0,0,1,0,1,0,0
0,1.6101837738818572,0.47106113304826186,1.517805015086436,0.48745855309264363,1,0,1,1,1,0,1,1,0,0,1,0,0,0,0,0,0,0,0,0,0,0,1,0,0,0,0,0
0,-0.22515064636093016,0.8402903770881179,0.05869722957696031,0.8243789233121358,2,0,1,0,1,0,1,1,0,0,0,0,0,0,1,0,0,0,0,0,1,0,0,0,0,0,0,0
0,-0.02122459966728712,-0.47529670415298986,-0.2809877217286427,-0.43827241151464025,3,1,1,1,0,1,0,0,0,0,0,0,0,0,1,0,0,0,1,0,1,0,0,0,1,0,0,0
0,-0.10279501834474433,1.515547463034881,0.45736767083588387,1.525442203435931,5,0,0,0,1,0,1,1,0,0,0,0,1,0,1,0,1,0,1,0,1,1,0,0,1,0,0,0
0,1.5286133552044,1.2012036471631118,2.1155128818684754,1.2045104048764772,5,1,1,0,1,0,0,1,0,0,1,0,1,0,1,0,1,0,0,0,1,0,1,0,1,0,0,0
1,0.38662749371999894,0.48104030180609575,0.46488975463322196,0.48839921208523207,1,1,0,0,1,0,1,1,0,0,0,0,1,0,0,0,0,0,0,0,0,0,0,1,0,0,0,0
1,1.6101837738818572,0.8303112083302836,1.9442696662710084,0.9325645745121766,6,0,1,0,1,0,1,0,0,0,1,0,1,0,1,0,1,0,1,0,1,0,1,1,0,0,0,0
0,0.590553540413642,0.0037033962230391725,0.2600949570540793,-0.1198629989311575,3,0,0,0,1,0,1,0,0,0,1,0,0,0,1,0,1,0,0,0,0,0,1,1,0,0,1,0
0,-1.2447808798291453,0.5176305872514871,-0.9499678839628802,0.12134486392834408,2,0,0,0,1,0,0,1,0,0,1,0,0,0,1,0,0,0,0,0,0,0,0,1,0,1,0,0
0,-0.9184992051193165,1.1197071023074678,-0.5655033722215104,1.1923620899987681,3,1,0,0,1,0,1,1,0,0,1,0,0,0,0,0,0,0,1,0,1,0,0,0,0,1,0,1
0,1.1615464711558425,-1.3567899444283211,-0.3259216944417744,-1.308024164214745,0,0,1,1,1,0,1,0,1,1,0,1,0,1,0,1,0,1,0,1,0,0,1,1,0,0,1,0
0,-1.1224252518129596,-0.6931752220323644,-0.9212692592698098,-0.8109258185387764,0,0,0,0,1,0,0,0,0,0,0,0,0,0,0,0,0,0,0,0,0,0,0,1,1,0,0,0
1,1.6101837738818572,1.5271898265856871,2.4670214018408623,1.4781665243182114,5,0,1,0,1,0,1,1,0,0,0,0,1,0,1,0,1,0,1,0,1,0,1,1,1,0,0,0
1,1.6101837738818572,1.66523499440239,2.6056174502240754,1.6228208010770653,6,1,1,1,1,0,1,1,0,0,1,0,1,0,1,0,1,0,1,0,1,0,1,1,0,0,0,0
1,-1.2039956704904167,0.338005549610476,-0.9209383758183141,0.09095434262933323,1,0,0,0,1,0,0,1,0,0,0,0,0,0,1,0,0,0,0,0,0,0,0,0,0,0,1,0
0,0.6313387497523706,-1.5181198393466364,-0.633202126397554,-1.560701420605335,0,1,1,0,1,0,0,0,1,1,0,1,0,1,0,1,0,1,0,1,0,0,1,0,0,0,1,0
0,1.2431168898332998,0.8369639875021729,1.555878670905221,0.9098407529045063,3,0,0,0,1,0,0,1,0,0,0,0,0,0,1,0,1,0,1,0,0,1,0,1,1,0,0,0
0,-0.22515064636093016,-0.2723869394103664,-0.2812083106963066,-0.12165651647869843,2,0,0,0,1,0,0,0,0,0,1,0,1,0,0,0,0,0,0,0,0,0,0,1,0,0,1,0
0,1.5286133552044,0.5076514184936533,1.4602092356293979,0.5010211454766916,5,1,1,1,1,0,0,0,0,0,1,0,1,0,1,0,0,0,1,0,1,0,1,1,1,0,0,0
0,-1.0408548331355023,0.214929134930524,-0.7829158587510268,0.2913739103648898,4,1,1,1,1,0,0,0,0,0,1,0,0,0,1,0,1,0,0,0,1,0,0,1,1,0,0,0
0,-1.2447808798291453,0.8469431562600068,-0.9264089822163782,1.0065378661286328,3,0,1,0,1,0,0,1,0,0,1,0,1,0,0,0,0,0,1,0,0,0,0,0,0,1,0,0
1,-0.5106471117320305,1.1197071023074678,-0.19745067967433283,0.9034311156850787,3,1,0,0,1,0,1,1,0,0,0,0,0,0,1,0,0,0,1,0,1,0,0,1,0,1,0,1
0,1.3654725178494855,-1.5031510862098856,-0.4573044835823791,-1.521501415549606,0,1,0,0,1,0,0,0,1,1,0,1,0,1,0,1,0,1,0,1,0,0,1,0,0,0,0,0
0,-1.2039956704904167,-1.4981615018309686,-0.9852180009955678,-1.5191907312855493,0,0,0,0,1,0,0,0,1,1,0,1,0,1,0,1,0,1,0,1,0,0,0,0,0,0,1,0
0,-0.7145731584256735,0.6989188196854704,-0.45035593110096694,0.6546708849793547,2,0,0,1,1,0,0,1,0,0,0,0,1,0,0,0,0,0,0,0,1,0,0,1,0,0,0,1
0,1.6101837738818572,0.8469431562600068,1.8851738818338557,0.8708856301485012,3,0,1,1,1,0,1,1,0,0,1,0,1,0,0,0,1,0,0,0,0,0,1,1,0,0,0,0
0,-1.285566089167874,-1.4665608007644946,-1.0012768778414978,-1.4617250182837827,0,1,0,0,1,0,0,0,1,1,0,1,0,1,0,1,0,1,0,1,0,0,0,0,0,0,1,0
0,-0.4290766930545732,0.8103528708146159,-0.16875205498126256,0.7237553212479992,2,0,0,0,1,0,0,1,0,0,0,0,0,0,0,0,0,0,1,0,1,0,0,0,0,1,0,1
0,-1.2039956704904167,0.18000204427810534,-0.9183133671031141,0.15670837962173875,0,1,1,0,1,0,0,1,0,0,0,0,0,0,0,0,0,0,0,0,0,0,0,1,0,1,0,1
0,1.6101837738818572,0.06524160356301494,1.0890241797413935,0.039935103842508354,3,0,1,1,1,0,1,0,0,0,1,0,0,0,1,0,1,0,0,0,0,0,1,0,0,0,0,0
0,1.324687308510757,-1.4964983070379965,-0.44018677969166226,-1.4920220302864893,0,1,1,1,1,0,0,0,1,1,0,1,0,1,0,1,0,1,0,1,0,0,1,0,0,0,1,0
0,-0.877713995780588,-0.9676023628727977,-0.8502396116820418,-1.0568027171410903,1,0,0,0,0,1,0,0,0,0,0,0,0,0,0,0,0,0,1,0,0,0,0,1,0,0,1,0
0,-0.4290766930545732,0.4644083538763725,-0.30445838788807916,0.26021196497151156,1,1,0,0,1,0,1,1,0,0,0,0,1,0,0,0,0,0,0,0,0,0,0,1,0,0,1,0
0,-0.7553583677644021,-1.4798663591082732,-0.8888206221264537,-1.4984304530994714,0,1,0,0,1,0,0,0,1,1,0,1,0,1,0,1,0,1,0,1,0,1,0,0,0,0,0,0
0,0.34584228438127035,0.31139443292291896,0.3523893811246451,0.34658512223006194,1,1,0,0,1,0,0,1,0,0,0,0,0,0,0,0,1,0,0,0,0,0,0,1,0,1,0,0
0,-0.6330027397482163,-0.0029493829488502145,-0.4918045981250093,0.1413343511998859,3,1,1,0,1,0,0,0,0,0,1,0,1,0,0,0,0,0,0,0,1,1,0,0,0,0,1,0
0,-0.877713995780588,-1.4782031643153006,-0.9057618548430394,-1.4361065623127152,0,1,0,0,1,0,0,0,1,1,0,1,0,1,0,1,0,1,0,1,0,0,0,1,1,0,0,0
0,-0.7145731584256735,0.9467348438383462,-0.37310567462507743,1.0416803598489441,2,1,0,0,1,0,1,1,0,0,0,0,0,0,0,0,0,0,1,0,1,0,0,1,0,1,0,1
0,-1.285566089167874,-1.4964983070379965,-1.0016739379832929,-1.4915629846500846,0,0,0,0,1,0,0,0,1,1,0,1,0,1,0,1,0,1,0,1,0,0,0,0,0,0,1,1
0,-1.1224252518129596,0.7987105072638099,-0.8100924195672162,0.8600002979741281,3,0,1,0,1,0,0,1,0,0,1,0,0,0,1,0,0,0,0,0,1,0,0,1,0,0,1,1
0,0.01956060967144149,1.0282313886939902,0.32929371621023723,0.8995431382494694,3,1,1,0,1,0,0,1,0,0,0,0,0,0,1,0,0,0,1,0,1,1,0,1,0,1,0,1
0,1.6101837738818572,1.5222002422067704,2.5479334351799716,1.5626153365339484,5,0,1,0,1,0,1,1,0,0,1,0,1,0,1,0,0,0,1,0,1,0,1,1,1,0,0,0
0,-1.2039956704904167,-0.8179148315052885,-0.969644419878498,-1.129086948792788,2,0,1,1,0,1,0,0,0,0,0,0,1,0,0,0,0,0,0,0,1,0,0,0,0,0,1,0
0,-1.2447808798291453,0.5691896258336291,-0.9289898731380456,0.9095644754381519,1,1,0,0,1,0,1,1,0,0,0,0,1,0,0,0,0,0,0,0,0,0,0,1,0,1,0,1
0,1.0799760524783852,1.4007870223197907,1.7038056326206166,1.305788506211007,5,0,1,0,1,0,1,1,0,0,1,0,1,0,1,0,1,0,0,0,1,1,0,1,1,0,0,0
0,-1.2447808798291453,-0.6499321574150838,-0.9709679536844813,-0.6677035799805274,0,1,0,0,1,0,0,0,0,0,0,0,0,0,0,0,0,0,0,0,0,0,0,0,0,1,0,1
0,1.5693985645431285,0.28145692664941696,1.263598288750585,0.25556901779365676,4,1,1,1,1,0,0,0,0,0,0,0,1,0,0,0,1,0,1,0,1,0,1,1,1,0,0,0
0,-1.1224252518129596,-0.6682273001377795,-0.9131957030533121,-0.6895847553158155,0,0,1,1,1,0,0,0,0,0,0,0,0,0,0,0,0,0,0,0,0,0,0,0,0,0,1,0
0,-0.22515064636093016,-0.33725153633628707,-0.34414234317081055,-0.2968164301475448,2,1,1,1,1,0,0,0,0,0,1,0,1,0,0,0,0,0,0,0,0,0,0,1,1,0,0,0
0,-1.285566089167874,-0.42207447077787547,-0.9874238906722065,-0.42071152505947296,1,0,0,0,1,0,0,0,0,0,0,0,0,0,0,0,1,0,0,0,0,0,0,1,0,1,0,1
0,1.2431168898332998,-0.8079356627474544,0.1317342367704696,-0.7888972952214326,3,1,0,1,0,1,0,0,0,0,1,0,1,0,0,0,1,0,0,0,0,1,0,1,0,0,0,0
1,0.5497683310749134,1.50057870989813,1.1402008202394127,1.3620709291358,5,0,0,0,1,0,1,1,0,0,1,0,1,0,1,0,0,0,1,0,1,1,0,1,0,1,0,1
0,1.6101837738818572,-0.3189563936135916,0.7470230442753196,-0.3170153826876957,1,1,1,1,1,0,1,0,0,0,1,0,0,0,0,0,0,0,0,0,0,0,1,0,0,0,0,0
0,0.060345819010170096,-0.1343417715936636,-0.12650926767363027,-0.1976093451702617,2,0,1,0,1,0,1,0,0,0,1,0,0,0,0,0,1,0,0,0,0,0,0,1,0,0,0,0
0,-0.347506274377116,0.44943960073962197,-0.2020389302017414,0.379940572436294,4,0,1,1,1,0,1,0,0,0,1,0,1,0,0,0,0,0,1,0,1,1,0,0,0,1,0,0
0,1.6101837738818572,0.15838051196946543,1.154958222176126,0.10875121608701141,4,1,0,0,1,0,1,0,0,0,1,0,1,0,1,0,1,0,0,0,0,0,1,0,0,0,0,0
0,1.1207612618171139,-0.16760566745311006,0.5734636445173817,-0.16753085489207467,5,0,1,1,0,1,0,0,0,0,1,0,0,0,1,0,1,0,1,0,1,0,1,0,1,0,0,0
0,1.4470429365269428,0.3995437569504523,1.2055833902549857,0.297642390693945,4,1,0,0,1,0,1,0,0,0,1,0,1,0,1,0,0,0,0,0,1,1,0,1,1,0,0,0
0,-1.0000696237967737,-1.4981615018309686,-0.9457766935772667,-1.5437794257911126,0,0,1,1,1,0,0,0,1,1,0,1,0,1,0,1,0,1,0,1,0,0,1,1,0,0,1,0
0,0.060345819010170096,0.09185272025057249,0.02159416521589637,0.12973069761299139,4,0,0,1,1,0,0,0,0,0,1,0,0,0,1,0,1,0,1,0,0,0,1,0,1,0,0,0
0,-1.081640042474231,-0.6615745209658901,-0.8786735296139154,-0.5008319903023207,2,0,0,0,0,1,0,0,0,0,0,0,0,0,0,0,0,0,1,0,1,0,0,0,1,0,0,0
0,-1.2447808798291453,-0.022907720464517903,-0.9470781684864834,0.2299219082057205,3,1,1,0,1,0,0,0,0,0,0,0,1,0,0,0,1,0,0,0,1,0,0,1,0,0,1,0
0,-0.06200980900601573,0.5592104570757952,0.11395476597676131,0.5743686113392931,1,1,0,0,1,0,1,1,0,0,0,0,0,0,0,0,1,0,0,0,0,1,0,0,1,0,0,0
0,-0.5106471117320305,-1.3085572954321238,-0.7865996945110134,-1.3102144557348943,0,0,1,1,1,0,1,0,1,1,0,1,0,1,0,1,0,1,0,1,0,0,0,1,0,0,0,0
0,-1.285566089167874,-1.4931719174520517,-1.00162982018976,-1.4882476550538288,0,0,1,1,1,0,0,0,1,1,0,1,0,1,0,1,0,1,0,1,0,0,0,0,0,1,0,0
0,1.2023316804945712,1.0598320897604643,1.6919379461603,1.1241251206797043,3,1,0,0,1,0,1,1,0,0,0,0,0,0,1,0,0,0,1,0,1,1,0,1,0,1,0,1
1,1.5286133552044,0.3579638871261442,1.3769369003362846,0.41162565100622334,0,0,1,0,1,0,1,1,0,0,0,0,0,0,0,0,0,0,0,0,0,0,1,1,1,0,0,0
0,-0.9184992051193165,1.1180439075144957,-0.543576828835721,1.35713397093268,3,0,0,0,1,0,1,1,0,0,0,0,0,0,0,0,1,0,1,0,1,0,0,1,0,1,0,1
0,0.2642718657038131,-1.3667691131861552,-0.6117167609470924,-1.3830071924855047,0,1,1,1,1,0,1,0,1,1,0,1,0,1,0,1,0,1,0,1,0,0,1,1,0,0,1,0
0,0.5497683310749134,-0.022907720464517903,0.317271617472556,0.017704777854088073,3,0,1,0,1,0,0,0,0,0,0,0,1,0,0,0,1,0,1,0,0,0,1,1,1,0,0,0
0,-1.081640042474231,0.6806236769627745,-0.7945188384501466,0.5531665438406574,2,1,0,0,1,0,0,1,0,0,0,0,1,0,0,0,0,0,1,0,0,0,0,1,0,1,0,1
0,1.6101837738818572,0.39621736736450736,1.4021061015467329,0.3667022771734666,3,0,1,1,1,0,1,0,0,0,0,0,0,0,1,0,0,0,1,0,1,0,1,1,0,0,0,0
0,-0.5922175304094877,-0.32228278319953607,-0.5436430055260202,-0.20245232663930207,2,1,0,0,1,0,0,0,0,0,0,0,0,0,1,0,1,0,0,0,0,0,0,0,1,0,0,0
0,1.5693985645431285,1.4523460609019325,2.349557776559848,1.4049611024673976,5,1,1,0,1,0,1,1,0,0,1,0,0,0,1,0,1,0,1,0,1,0,1,1,1,0,0,0
0,0.30505707504254176,1.2111828159209457,0.8041555869002638,1.2577569662849137,3,1,1,0,1,0,1,1,0,0,0,0,1,0,0,0,0,0,1,0,1,0,0,1,0,1,0,1
0,-1.285566089167874,0.15505412238352048,-0.9797694534942698,0.1544981598909017,0,1,0,0,1,0,0,1,0,0,0,0,0,0,0,0,0,0,0,0,0,0,0,1,0,1,0,1
0,1.0391908431396566,1.2760474128468664,1.6444010236287345,1.2884266230930346,4,1,0,0,1,0,1,1,0,0,0,0,1,0,1,0,0,0,1,0,1,1,0,1,0,0,0,1
0,1.5286133552044,1.3009953347414513,2.1881528289201895,1.2824916931655501,4,1,0,0,1,0,1,1,0,0,1,0,0,0,0,0,1,0,1,0,1,0,1,1,1,0,0,1
0,0.38662749371999894,-1.3185364641899577,-0.5215399909660998,-1.2765401794072107,0,0,1,0,1,0,1,0,1,1,0,1,0,1,0,1,0,1,0,1,0,0,1,0,0,1,0,0
0,0.060345819010170096,-1.1472274005138086,-0.5963417099009202,-1.236038831503372,1,1,1,1,0,1,0,0,0,0,1,0,0,0,0,0,0,0,0,0,0,1,0,0,0,0,0,0
1,-1.1224252518129596,-1.4915087226590795,-0.9689164762852072,-1.5270370113300213,0,1,0,0,1,0,0,0,1,1,0,1,0,1,0,1,0,1,0,1,0,0,0,0,0,0,0,0
0,-0.30672106503838736,0.6556757550681896,-0.08925179103520145,0.6177160110797572,1,0,0,0,1,0,1,1,0,0,0,0,0,0,0,0,0,0,1,0,0,0,0,1,0,0,1,0
0,-1.2447808798291453,0.7088979884433043,-0.9316148818532458,0.8109334199495427,2,0,0,0,1,0,0,1,0,0,0,0,0,0,1,0,0,0,0,0,1,0,0,1,0,0,1,1
0,0.9168352151234709,1.2910161659836175,1.4851799067689488,1.2585029154440708,5,0,1,1,1,0,0,1,0,0,0,0,1,0,1,0,1,0,1,0,1,1,0,1,0,0,0,0
0,-0.46986190239330183,1.5404953849294658,0.011800015051620143,1.5067579530684607,5,1,1,0,1,0,1,1,0,0,0,0,1,0,1,0,1,0,1,0,1,0,0,1,0,1,0,1
0,1.5286133552044,0.7687730009903079,1.6306362720465086,0.6839799773386344,3,1,1,0,1,0,1,1,0,0,1,0,1,0,0,0,1,0,0,0,0,0,1,1,1,0,0,0
0,1.1615464711558425,1.3791654900111503,1.968093274778707,1.5180225682657313,4,0,1,0,1,0,1,1,0,0,0,0,0,0,1,0,1,0,1,0,1,0,0,1,0,1,0,0
0,0.4274127030587276,0.4743875226342068,0.5630518452436468,0.5985595740684616,5,1,1,1,1,0,0,0,0,0,1,0,0,0,1,0,1,0,1,0,1,0,1,1,1,0,0,0
0,0.590553540413642,1.2710578284679492,1.1465979003016653,1.297546211859551,4,1,0,0,1,0,1,1,0,0,0,0,1,0,1,0,0,0,1,0,1,1,0,1,0,1,0,0
0,-1.1224252518129596,-0.031223694429379518,-0.8701146776685571,-0.04210088516706479,3,1,0,0,1,0,0,0,0,0,0,0,0,0,1,0,1,0,1,0,0,0,0,1,1,0,0,0
0,1.2023316804945712,-1.3002413214672623,-0.32047314694047657,-1.315021683649465,0,0,0,0,1,0,1,0,1,1,0,1,0,1,0,1,0,1,0,1,0,0,1,1,1,0,0,0
0,-0.6737879490869448,0.8170056499865053,-0.3794586368937971,0.8122802725980218,3,0,1,1,1,0,0,1,0,0,0,0,1,0,1,0,0,0,1,0,0,0,0,1,1,0,0,1
1,-1.0408548331355023,1.0215786095221007,-0.7261803762678778,0.9004473190484483,2,1,1,0,1,0,1,1,0,0,0,0,0,0,0,0,0,0,1,0,1,0,0,1,0,0,0,1
0,-0.7553583677644021,-1.3085572954321238,-0.8461366568834937,-1.2693174970725107,0,0,1,1,1,0,1,0,1,1,0,1,0,1,0,1,0,1,0,1,0,0,0,0,0,0,1,0
0,1.1207612618171139,0.8669014937756749,1.39546637362005,0.8619894957318817,3,1,1,1,1,0,0,1,0,0,0,0,1,0,1,0,0,0,1,0,0,1,0,0,0,1,0,1
0,0.060345819010170096,-0.666564105344807,-0.3740100893924994,-0.7446387285524626,3,1,1,1,0,1,0,0,0,0,0,0,0,0,1,0,1,0,1,0,0,0,0,1,0,1,0,0
0,0.7129091684298279,1.4523460609019325,1.4648636628471057,1.5689503788374606,5,0,1,0,1,0,1,1,0,0,1,0,1,0,0,0,1,0,1,0,1,1,0,0,0,1,0,1
0,0.22348665636508452,-1.325189243361847,-0.5851799081371281,-1.3103104258021543,0,1,1,1,1,0,1,0,1,1,0,1,0,1,0,1,0,1,0,1,0,0,1,0,1,0,0,0
0,1.5286133552044,0.3064048485440018,1.2935101527658068,0.3220643900559434,5,0,1,1,1,0,0,0,0,0,1,0,1,0,1,0,1,0,0,0,1,1,0,0,1,0,0,0
0,0.18270144702635593,0.7953841176778649,0.4633235729628085,0.8419362318496644,2,0,1,1,1,0,1,1,0,0,0,0,1,0,0,0,0,0,1,0,0,0,0,1,0,1,0,0
1,-1.1632104611516882,0.4644083538763725,-0.8812764794323492,0.27550769015423726,1,0,0,0,1,0,0,1,0,0,0,0,0,0,0,0,0,0,1,0,0,0,0,1,0,1,0,1
1,1.1207612618171139,0.9434084542524017,1.5371506675505582,1.0394425123714714,3,1,1,1,1,0,1,1,0,0,1,0,1,0,0,0,0,0,0,0,1,0,0,1,0,1,0,0
0,1.2023316804945712,0.21659232972349673,0.9692443702999087,0.24818295751412914,4,1,1,1,1,0,0,0,0,0,1,0,0,0,1,0,1,0,0,0,1,1,0,0,1,0,0,0
0,-1.285566089167874,-0.681532858481558,-0.9908650785677628,-0.6793072335674226,0,1,0,0,1,0,0,0,0,0,0,0,0,0,0,0,0,0,0,0,0,0,0,0,0,0,1,1
0,0.14191623768762732,0.476050717427179,0.24908756756765177,0.4778809342590158,5,1,0,0,1,0,0,0,0,0,1,0,0,0,1,0,1,0,1,0,1,0,0,1,1,0,0,0
0,0.4681979123974562,-1.4798663591082732,-0.6109446995602689,-1.468996138875571,0,1,0,0,1,0,0,0,1,1,0,1,0,1,0,1,0,1,0,1,0,0,1,0,1,0,0,0
1,0.9168352151234709,1.1679397513036653,1.4201282202048717,1.1696219429044505,3,0,0,0,1,0,1,1,0,0,0,0,0,0,1,0,0,0,1,0,1,1,0,1,0,1,0,1
0,1.6101837738818572,1.3342592306008978,2.3379989146542606,1.3435042825925174,4,0,1,0,1,0,1,1,0,0,1,0,0,0,1,0,0,0,1,0,1,0,1,1,1,0,0,0
0,-0.8369287864418593,-1.499824696623941,-0.9091589249450631,-1.5169805115547121,0,0,1,1,1,0,0,0,1,1,0,1,0,1,0,1,0,1,0,1,0,1,0,0,0,0,0,1
0,-0.7961435771031307,-1.1322586473770575,-0.8365851545836479,-1.1462586559323689,1,0,0,0,0,1,0,0,0,0,1,0,0,0,0,0,0,0,0,0,0,0,0,1,0,0,0,0
0,-1.285566089167874,0.8319744031232563,-0.9707914825103501,0.8291677327289497,2,1,0,0,1,0,0,1,0,0,0,0,0,0,0,0,0,0,1,0,1,0,0,1,0,1,0,1
0,-0.7145731584256735,-1.4748767747293563,-0.8798867689360668,-1.4971990449637191,0,0,1,1,1,0,0,0,1,1,0,1,0,1,0,1,0,1,0,1,0,1,0,0,0,0,1,0
0,1.324687308510757,0.6639917290330513,1.3980252056449511,0.6331552459841663,6,0,0,0,1,0,0,0,0,0,1,0,1,0,1,0,1,0,1,0,1,0,1,1,0,0,0,0
0,-0.8369287864418593,-1.0557516869003307,-0.8142394921592971,-0.9225695426926892,2,0,1,1,0,1,0,0,0,0,1,0,0,0,0,0,1,0,0,0,0,1,0,0,1,0,0,0
0,1.6101837738818572,0.9018285844280937,1.9816815551868014,0.9716117897569662,6,1,1,0,1,0,1,0,0,0,1,0,1,0,1,0,1,0,1,0,1,0,1,1,1,0,0,0
0,1.6101837738818572,0.8286480135373113,1.8618135101582507,0.8465041437427037,6,0,1,1,1,0,1,0,0,0,1,0,1,0,1,0,1,0,1,0,1,0,1,0,1,0,0,0
0,1.6101837738818572,1.6935093058829194,2.729191389909379,1.7517963316202931,6,0,1,1,1,0,1,1,0,0,1,0,1,0,1,0,1,0,1,0,1,0,1,1,0,0,0,0
0,0.7944795871072851,0.6739708977908856,0.9580163918458174,0.6933986101284375,5,1,0,1,1,0,1,0,0,0,1,0,1,0,0,0,1,0,1,0,1,0,1,1,0,0,1,0
0,-1.2447808798291453,-1.3318420225337362,-0.9831003469059945,-1.1235613994656948,0,1,0,0,1,0,1,0,1,1,0,1,0,1,0,1,0,1,0,1,0,0,0,0,0,0,1,0
0,-1.1224252518129596,-0.017918136085601218,-0.8548719800029831,0.18698838993420833,3,0,0,0,1,0,0,0,0,0,1,0,0,0,0,0,1,0,1,0,0,0,0,1,0,1,0,0
0,1.4470429365269428,-1.4765399695223285,-0.38181893884780055,-1.4566057593483877,0,0,0,0,1,0,0,0,1,1,0,1,0,1,0,1,0,1,0,1,0,0,1,0,1,0,0,0
0,1.2023316804945712,1.1729293356825825,1.8191074860185246,1.278261210376595,3,0,0,1,1,0,1,1,0,0,0,0,0,0,1,0,0,0,1,0,1,1,0,1,0,1,0,1
0,1.6101837738818572,0.7039084040643871,1.7732249807444382,0.7540432850026817,5,1,0,0,1,0,1,0,0,0,1,0,1,0,0,0,1,0,1,0,1,0,1,0,1,0,0,0
0,-1.285566089167874,-0.4686439249811007,-0.9880415397816652,-0.46712613940705383,1,1,0,0,1,0,0,0,0,0,0,0,1,0,0,0,0,0,0,0,0,0,0,0,0,1,0,1
0,1.3654725178494855,0.8020368968497543,1.5918787904279659,0.811686903948692,3,0,1,0,1,0,1,1,0,0,1,0,1,0,0,0,1,0,0,0,0,1,0,0,0,1,0,0
0,1.6101837738818572,-0.0029493829488502145,1.0717961813668446,0.02195404540725979,6,1,1,1,0,1,0,0,0,0,1,0,1,0,1,0,1,0,1,0,1,0,1,1,1,0,0,0
0,-0.2659358556996588,-1.499824696623941,-0.8087027090709339,-1.5681981033943042,0,1,0,0,1,0,0,0,1,1,0,1,0,1,0,1,0,1,0,1,0,1,0,0,1,0,0,0
0,1.2839020991720282,0.9483980386313189,1.5582169139624582,0.8647557238637577,3,1,1,1,1,0,1,1,0,0,1,0,0,0,1,0,0,0,0,0,1,0,1,0,0,0,0,0
1,-0.5106471117320305,0.2914360954072513,-0.36478947054414934,0.2746788577551731,1,1,1,0,1,0,0,1,0,0,0,0,1,0,0,0,0,0,0,0,0,0,0,1,0,1,0,1
0,-1.2039956704904167,1.0049466615923774,-0.874835281576564,1.2457941519917568,3,0,0,0,1,0,0,1,0,0,0,0,1,0,0,0,0,0,1,0,1,0,0,1,0,1,0,1
0,-0.4290766930545732,0.9899779084556269,-0.08197235510229353,1.0201759265132309,2,1,0,0,1,0,1,1,0,0,0,0,0,0,0,0,0,0,1,0,1,0,0,1,1,0,0,1
0,-1.1632104611516882,0.5226201716304039,-0.8696514408364628,0.49390502730758534,2,1,1,0,1,0,0,1,0,0,0,0,0,0,1,0,1,0,0,0,0,0,0,1,0,0,1,1
0,1.2023316804945712,-0.8611578961225689,0.020777986035539864,-0.9014075799875568,2,1,1,0,0,1,0,0,0,0,0,0,0,0,0,0,1,0,1,0,0,0,1,1,0,0,0,0
0,-1.1224252518129596,-1.4765399695223285,-0.9644385202416305,-1.4597358205260291,0,0,0,0,1,0,0,0,1,1,0,1,0,1,0,1,0,1,0,1,0,0,0,1,0,0,1,0
0,1.0799760524783852,0.6872764561346639,1.2327820099679414,0.7058543293563517,1,1,1,0,1,0,1,1,0,0,0,0,0,0,0,0,0,0,0,0,1,1,0,0,0,1,0,1
0,-1.2039956704904167,-1.2802829839515943,-0.9569605542378251,-0.8113678624849439,0,1,0,1,1,0,1,0,1,1,0,1,0,1,0,1,0,1,0,1,0,0,1,1,0,0,1,0
0,1.6101837738818572,1.1080647387566618,2.0848068975696634,1.0792448860242971,4,0,1,0,1,0,1,1,0,0,1,0,0,0,1,0,1,0,1,0,0,0,1,1,0,0,0,0
0,0.9984056338009281,1.0864432064480214,1.4592607030684432,1.1046890712809418,4,1,1,1,1,0,0,1,0,0,0,0,1,0,1,0,0,0,1,0,1,1,0,1,1,0,0,0
0,1.3654725178494855,-1.4948351122450239,-0.4505544611718645,-1.513815878758286,0,1,0,1,1,0,0,0,1,1,0,1,0,1,0,1,0,1,0,1,0,0,1,0,1,0,0,0
0,1.1207612618171139,-0.4686439249811007,0.3251687025149228,-0.4785087710208651,3,0,0,0,0,1,0,0,0,0,0,0,1,0,0,0,0,0,1,0,1,0,0,1,0,1,0,1
0,0.5089831217361848,1.1579605825458315,1.0341195856898548,1.2629970288967733,3,1,0,1,1,0,1,1,0,0,0,0,0,0,1,0,0,0,1,0,1,0,1,0,0,0,0,0
0,-1.2039956704904167,-1.000866258732244,-0.9601811531657178,-0.8920408826605006,1,0,0,0,0,1,0,0,0,0,0,0,0,0,0,0,0,0,1,0,0,0,0,1,1,0,0,0
0,-0.7145731584256735,1.3375856201868421,-0.31217900175631486,1.3469117046775578,5,0,0,0,1,0,0,1,0,0,1,0,0,0,1,0,1,0,1,0,1,0,0,0,0,1,0,1
0,0.7536943777685564,-0.15762649869527623,0.3470511281071793,-0.1510647178973376,5,0,0,1,0,1,0,0,0,0,1,0,0,0,1,0,1,0,1,0,1,1,0,0,0,0,0,0
0,1.1207612618171139,-0.004612577741822443,0.771684890860141,0.08073207637421118,3,0,0,0,1,0,1,0,0,0,1,0,0,0,1,0,1,0,0,0,0,1,0,0,0,1,0,0
0,0.01956060967144149,-0.3405779259222318,-0.27580388098854164,-0.4783781671276794,1,1,0,0,1,0,1,0,0,0,0,0,1,0,0,0,0,0,0,0,0,0,0,1,0,0,0,0
0,-0.9184992051193165,1.5039050994840746,-0.5501724389688709,1.307569793468656,6,1,0,0,1,0,0,1,0,0,1,0,1,0,1,0,1,0,1,0,1,0,0,1,0,1,0,1
1,-0.2659358556996588,-1.5164566445536642,-0.7880114639040623,-1.5083946579849212,0,1,0,0,1,0,0,0,1,1,0,1,0,1,0,1,0,1,0,1,0,1,0,0,1,0,0,0
0,-1.081640042474231,0.6323910279665775,-0.7909452971739919,0.59792349339011,2,0,0,0,1,0,0,1,0,0,0,0,0,0,1,0,0,0,0,0,1,0,0,0,0,1,0,1
0,1.4062577271882142,1.5421585797224382,2.303520859008397,1.5656409871449588,5,0,1,0,1,0,1,1,0,0,1,0,0,0,1,0,1,0,1,0,1,1,0,1,0,1,0,0
0,0.6721239590910992,-0.9676023628727977,-0.2242742981422602,-0.9456161578707426,2,0,1,1,0,1,0,0,0,0,1,0,0,0,0,0,1,0,0,0,0,1,0,1,1,0,0,0
0,-1.285566089167874,-1.4915087226590795,-1.0016077612929937,-1.486589990255701,0,1,0,0,1,0,0,0,1,1,0,1,0,1,0,1,0,1,0,1,0,0,0,1,0,0,1,0
1,-1.0408548331355023,0.647359781103328,-0.7414892506237507,0.7361016947769128,2,0,0,0,1,0,0,1,0,0,0,0,0,0,1,0,0,0,1,0,0,0,0,1,0,1,0,0
1,-0.22515064636093016,1.5172106578278532,0.25025668909627036,1.357533038384081,5,0,0,0,1,0,1,1,0,0,1,0,1,0,1,0,0,0,1,0,1,1,0,1,0,0,0,0
0,0.18270144702635593,0.8752174677405367,0.42229402497732754,0.7586049744302626,2,1,1,1,1,0,0,1,0,0,0,0,0,0,0,0,0,0,1,0,1,1,0,0,1,0,0,0
0,1.2431168898332998,1.186234894026361,1.7316219014430314,1.119469569518552,4,0,1,1,1,0,1,1,0,0,1,0,1,0,1,0,0,0,1,0,0,0,0,1,0,1,0,1
0,-0.06200980900601573,0.8120160656075881,0.23499193253393016,0.8677752806079279,3,1,1,1,1,0,1,1,0,0,1,0,0,0,1,0,1,0,0,0,0,0,0,0,0,1,0,0
0,0.7129091684298279,1.2960057503625342,1.2033333827848138,1.175884901905377,4,1,1,1,1,0,1,1,0,0,0,0,1,0,1,0,0,0,1,0,1,0,0,1,0,0,0,1
1,-0.02122459966728712,0.5392521195601271,0.1451019282109006,0.5623355022553022,1,1,0,0,1,0,1,1,0,0,0,0,0,0,1,0,0,0,0,0,0,0,0,1,1,0,0,0
0,-1.285566089167874,-1.340157996498598,-0.9996004016872524,-1.3357424936260636,0,0,0,0,0,1,0,0,0,0,0,0,0,0,0,0,0,0,0,0,0,0,0,0,0,1,0,1
0,1.2431168898332998,0.542578509146072,1.180039187799509,0.4615345174996996,1,0,1,0,1,0,1,1,0,0,0,0,0,0,0,0,1,0,0,0,0,1,0,1,1,0,0,0
0,-0.10279501834474433,0.9783355449048204,0.17177113440146316,0.8100493320572076,3,1,0,0,1,0,1,1,0,0,1,0,1,0,0,0,0,0,0,0,1,0,0,1,1,0,0,0
0,1.5693985645431285,1.7034884746407533,2.655977911541738,1.7292797181123887,6,1,1,0,1,0,1,1,0,0,1,0,1,0,1,0,1,0,1,0,1,0,1,1,0,0,0,0
0,0.8352647964460137,1.3525543733235932,1.4964299441198066,1.4031263499071525,4,0,0,0,1,0,1,1,0,0,0,0,1,0,1,0,0,0,1,0,1,0,1,0,0,1,0,0
0,-0.8369287864418593,1.1313494658582746,-0.515914972290671,0.9456186847974335,4,0,0,0,1,0,0,1,0,0,1,0,0,0,0,0,1,0,1,0,1,0,0,1,0,0,0,1
0,0.7129091684298279,0.9816619344907653,1.1578920554460554,1.107589112222508,3,1,1,0,1,0,1,1,0,0,1,0,1,0,0,0,0,0,0,0,1,0,0,1,1,0,0,0
0,-1.2447808798291453,-1.509803865381775,-0.9982989267780354,-1.69462692242075,0,0,0,0,1,0,0,0,1,1,0,1,0,1,0,1,0,1,0,1,0,0,0,0,0,0,1,0
0,-0.9592844144580451,1.1113911283426063,-0.6030255556211357,1.250582961408571,3,0,0,0,1,0,1,1,0,0,0,0,0,0,1,0,0,0,1,0,1,0,0,0,1,0,0,1
0,-0.6330027397482163,0.9633667917680695,-0.29325246833075425,1.0190191069615957,3,1,0,0,1,0,0,1,0,0,1,0,0,0,0,0,0,0,1,0,1,0,0,0,0,1,0,1
0,0.9576204244621995,1.3542175681165654,1.6669010983304497,1.4414676675374356,5,0,1,0,1,0,0,1,0,0,1,0,1,0,1,0,0,0,1,0,1,1,0,1,1,0,0,0
0,1.4062577271882142,0.5475680935249887,1.3712898227640897,0.5200503597765656,5,1,1,1,1,0,0,0,0,0,1,0,1,0,1,0,0,0,1,0,1,0,1,0,1,0,0,0
1,-0.9592844144580451,1.1845716992333886,-0.6051873275042418,1.232532833606734,3,1,0,0,1,0,1,1,0,0,0,0,0,0,1,0,0,0,1,0,1,0,0,1,0,1,0,1
0,-1.1632104611516882,-0.28236610816820046,-0.9068427407845925,-0.20480068510331656,1,1,0,0,1,0,0,0,0,0,0,0,0,0,0,0,0,0,1,0,0,0,0,1,0,1,0,0
0,-0.551432321070759,0.015345759773845245,-0.46698833926282324,-0.0018458042272648128,3,1,0,0,1,0,0,0,0,0,0,0,1,0,0,0,1,0,0,0,1,1,0,1,0,0,0,0
0,-1.0000696237967737,-1.4948351122450239,-0.9350560697488022,-1.443076289304844,0,0,0,1,1,0,0,0,1,1,0,1,0,1,0,1,0,1,0,1,0,0,0,0,0,0,1,0
0,1.5693985645431285,1.5421585797224382,2.51197743345076,1.5768679462507154,5,0,0,0,1,0,1,1,0,0,0,0,1,0,1,0,1,0,1,0,1,0,1,1,0,1,0,0
1,-0.9184992051193165,0.26482497871969374,-0.7066361937328584,0.13178815215654965,1,1,0,0,1,0,0,1,0,0,0,0,1,0,0,0,0,0,0,0,0,0,0,1,0,1,0,1
1,-0.7145731584256735,0.8020368968497543,-0.4420838448135716,0.6961125049325517,2,0,0,0,1,0,1,1,0,0,0,0,1,0,0,0,0,0,1,0,0,0,0,0,1,0,0,0
0,1.6101837738818572,1.3708495160462886,2.4521316465235503,1.4626259168357625,4,1,1,1,1,0,1,1,0,0,1,0,0,0,1,0,0,0,1,0,1,1,0,1,0,0,0,0
0,-0.8369287864418593,-1.4915087226590795,-0.8926588701638052,-1.413652739138074,0,1,0,0,1,0,0,0,1,1,0,1,0,1,0,1,0,1,0,1,0,1,0,0,1,0,0,0
0,1.6101837738818572,-1.32019965898293,-0.2168183910352211,-1.3229876839293573,0,1,1,1,1,0,1,0,1,1,0,1,0,1,0,1,0,1,0,1,0,0,1,1,0,0,0,0
1,-1.285566089167874,0.28810970582130635,-0.9780047417529588,0.28711134374113223,0,1,1,0,1,0,1,1,0,0,0,0,0,0,0,0,0,0,0,0,0,0,0,1,0,1,0,1
1,-0.3882914837158446,0.3496479131612826,-0.2853553832883875,0.21777771174987057,1,0,0,0,1,0,0,1,0,0,1,0,0,0,0,0,0,0,0,0,0,0,0,1,0,0,0,0
0,1.6101837738818572,0.021998538945734634,1.1104874862950884,0.06233660173943054,6,1,0,0,0,1,0,0,0,0,1,0,1,0,1,0,1,0,1,0,1,0,1,1,0,0,0,0
0,-0.2659358556996588,0.5259465612163488,-0.042950166722553904,0.6450394274599754,1,0,0,0,1,0,1,1,0,0,0,0,0,0,1,0,0,0,0,0,0,0,0,1,0,1,0,0
0,-0.46986190239330183,1.3192904774641467,-0.022479510523346145,1.3840907580069979,5,0,0,0,1,0,0,1,0,0,0,0,1,0,1,0,1,0,1,0,1,1,0,1,0,0,1,0
0,1.1207612618171139,-1.355126749635349,-0.3460835260862526,-1.3192211011380557,0,1,1,0,1,0,1,0,1,1,0,1,0,1,0,1,0,1,0,1,0,1,0,0,0,0,0,0
0,-0.8369287864418593,-1.4782031643153006,-0.8977985931103736,-1.4458390639683905,0,1,0,0,1,0,0,0,1,1,0,1,0,1,0,1,0,1,0,1,0,0,0,0,0,0,1,0
0,-0.6737879490869448,0.3496479131612826,-0.48571634261748625,0.31321956431164666,0,1,1,0,1,0,1,1,0,0,0,0,0,0,0,0,0,0,0,0,0,0,0,1,0,1,0,0
0,1.2431168898332998,0.4926826653569023,1.1010903962726073,0.3673633696822441,4,0,1,0,1,0,1,0,0,0,1,0,1,0,0,0,0,0,1,0,1,1,0,1,1,0,0,0
1,-0.4290766930545732,0.5592104570757952,-0.20711247645801056,0.5927244537959817,2,0,0,0,1,0,0,1,0,0,1,0,1,0,0,0,0,0,0,0,0,0,0,0,0,1,0,0
0,-0.02122459966728712,0.37958541943478413,0.050204554321901074,0.33948319095698515,5,0,1,1,1,0,0,0,0,0,1,0,1,0,1,0,1,0,0,0,1,0,0,0,0,0,0,0
1,-1.2039956704904167,0.4827034965990684,-0.9199898432573593,0.11471420473583294,1,0,0,0,1,0,1,1,0,0,0,0,1,0,0,0,0,0,0,0,0,0,0,1,0,1,0,1
0,-0.7961435771031307,0.5409153143530997,-0.5903196310836964,0.2772928676291441,2,0,0,0,1,0,0,1,0,0,0,0,1,0,1,0,0,0,0,0,0,0,0,1,0,1,0,1
0,1.4470429365269428,1.2926793607765896,2.095196637946632,1.2807595031012877,4,0,1,1,1,0,1,1,0,0,0,0,1,0,0,0,1,0,1,0,1,0,1,1,1,0,0,0
0,-0.10279501834474433,0.7172139624081659,0.10927827986228718,0.6535105196206653,2,0,1,1,1,0,0,1,0,0,0,0,0,0,1,0,0,0,0,0,1,1,0,0,0,1,0,0
0,-0.6737879490869448,0.33966874440344824,-0.47537072003405056,0.3618098637067698,1,0,0,0,1,0,0,1,0,0,0,0,1,0,0,0,0,0,0,0,0,0,0,0,0,0,0,0
0,0.01956060967144149,0.5226201716304039,0.15915344545108948,0.5121016658870345,2,1,0,0,1,0,0,1,0,0,0,0,1,0,0,0,1,0,0,0,0,0,1,0,0,0,0,0
0,1.6101837738818572,-1.5164566445536642,-0.4348044088806637,-1.5505021774724093,0,1,1,0,1,0,0,0,1,1,0,1,0,1,0,1,0,1,0,1,0,0,1,0,1,0,0,0
1,-1.1632104611516882,0.6556757550681896,-0.8515852043847915,0.8333118947242695,1,0,0,0,1,0,1,1,0,0,0,0,0,0,0,0,0,0,0,0,1,0,0,1,0,1,0,1
0,-0.8369287864418593,-1.0407829337635797,-0.8183424469578453,-0.9482633470636713,2,0,0,0,0,1,0,0,0,0,1,0,0,0,0,0,1,0,0,0,0,1,0,1,0,0,1,0
1,-1.1632104611516882,0.6107694956579371,-0.8745485159186009,0.4019046310114882,1,0,1,0,1,0,1,1,0,0,0,0,0,0,0,0,0,0,1,0,0,0,0,1,0,1,0,0
0,-1.081640042474231,0.47106113304826186,-0.8187615659964066,0.2495376083169005,1,0,0,0,1,0,1,1,0,0,1,0,0,0,0,0,0,0,0,0,0,0,0,1,0,1,0,1
0,1.324687308510757,1.4357141129722093,2.130248224908422,1.4796864045850417,5,0,1,0,1,0,1,1,0,0,0,0,1,0,1,0,1,0,1,0,1,1,0,1,1,0,0,0
0,-0.7145731584256735,-1.4964983070379965,-0.8690779095205368,-1.4430486615582085,0,0,0,0,1,0,0,0,1,1,0,1,0,1,0,1,0,1,0,1,0,0,0,0,0,0,1,0
0,-0.347506274377116,-1.458244826799633,-0.7759452473728483,-1.4170371381009188,0,0,0,1,1,0,0,0,1,1,0,1,0,1,0,1,0,1,0,1,0,1,0,0,0,0,0,0
0,-0.7961435771031307,-1.15554337447867,-0.8418351720140481,-1.1766066730057871,1,0,0,1,0,1,0,0,0,0,0,0,1,0,0,0,0,0,0,0,0,0,0,0,0,1,0,0
0,-0.347506274377116,0.497672249735819,-0.12765633030548237,0.6128424765732611,1,1,0,0,1,0,0,1,0,0,0,0,0,0,0,0,0,0,0,0,1,0,0,1,1,0,0,0
0,1.6101837738818572,0.020335344152762405,1.1600097095356288,0.114023511069946,6,0,1,0,0,1,0,0,0,0,1,0,1,0,1,0,1,0,1,0,1,0,1,0,0,0,0,0
0,0.8760500057847422,1.3043217243273957,1.48034900837711,1.314924913572942,4,0,1,1,1,0,1,1,0,0,1,0,1,0,0,0,0,0,1,0,1,0,0,1,0,0,0,0
0,-1.2039956704904167,0.31638401730183613,-0.915247180452586,0.23351351526833095,0,0,0,0,1,0,1,1,0,0,0,0,0,0,0,0,0,0,0,0,0,0,0,0,0,0,0,1
0,-1.1632104611516882,-1.4765399695223285,-0.9762179711148815,-1.5081396326313634,0,1,1,1,1,0,0,0,1,1,0,1,0,1,0,1,0,1,0,1,0,0,0,1,0,0,1,0
1,-0.02122459966728712,0.8802070521194533,0.26744056967728647,0.8496295325808408,2,0,1,1,1,0,1,1,0,0,0,0,0,0,1,0,0,0,1,0,0,0,0,1,0,0,1,0
1,0.1011310283488987,1.136339050237191,0.4876986538896669,1.0653139236851101,3,1,0,0,1,0,1,1,0,0,0,0,0,0,1,0,0,0,1,0,1,0,0,1,0,1,0,1
0,0.1011310283488987,-1.4765399695223285,-0.6754449137051863,-1.4320291374716059,0,1,1,1,1,0,0,0,1,1,0,1,0,1,0,1,0,1,0,1,0,0,1,0,0,0,0,0
1,-1.2447808798291453,-0.6632377157588624,-0.972887077703157,-0.7398119986990902,0,1,0,0,1,0,0,0,0,0,0,0,0,0,0,0,0,0,0,0,0,0,0,0,0,0,1,1
0,-1.0000696237967737,0.3563006923331715,-0.7741805356315373,0.0680923822884858,1,0,0,0,1,0,0,1,0,0,0,0,1,0,0,0,0,0,0,0,0,0,0,0,0,1,0,0
0,-0.4290766930545732,-0.3256091727854808,-0.45759124924034206,-0.2628566272377496,2,1,0,0,1,0,0,0,0,0,1,0,0,0,0,0,1,0,0,0,0,0,0,0,0,0,1,0
0,-0.7145731584256735,-0.19754317372661184,-0.5890622739680123,-0.04022219839585349,3,0,0,0,1,0,0,0,0,0,1,0,0,0,1,0,1,0,0,0,0,0,0,0,0,1,0,0
0,-0.4290766930545732,1.0049466615923774,-0.05636197595651762,1.1076554188144336,2,1,0,0,1,0,1,1,0,0,0,0,0,0,0,0,0,0,1,0,1,0,0,1,0,1,0,0
0,-1.285566089167874,-0.671553689723724,-0.9907327251871646,-0.6693612447786552,0,1,1,0,1,0,0,0,0,0,0,0,0,0,0,0,0,0,0,0,0,0,0,0,1,0,0,1
0,1.5693985645431285,-1.3118836850180684,-0.21044336986973516,-1.3045737259429548,0,0,1,1,1,0,1,0,1,1,0,1,0,1,0,1,0,1,0,1,0,0,1,0,0,0,0,0
0,-1.1632104611516882,-0.2707237446173941,-0.9022986080507165,-0.11943094799973057,2,1,0,0,1,0,0,0,0,0,1,0,0,0,1,0,0,0,0,0,0,0,0,0,0,1,0,0
0,-0.30672106503838736,0.5608736518687675,-0.11539158370337088,0.5391426996484955,5,1,0,0,1,0,1,0,0,0,1,0,1,0,1,0,1,0,0,0,1,0,0,0,0,0,0,0
0,-0.02122459966728712,0.7055715988573593,0.19120502245265072,0.6706017343830294,2,0,1,1,1,0,0,1,0,0,0,0,1,0,0,0,0,0,1,0,0,0,0,1,0,1,0,0
1,-1.0408548331355023,-1.1671857380294763,-0.9131957030533121,-1.1072215607412914,1,1,1,0,0,1,0,0,0,0,1,0,0,0,0,0,0,0,0,0,0,0,0,0,0,0,0,0
0,-0.6330027397482163,-1.4765399695223285,-0.8490704901534233,-1.4379326529459473,0,1,0,0,1,0,0,0,1,1,0,1,0,1,0,1,0,1,0,1,0,1,0,1,0,0,1,0
1,-1.0000696237967737,-0.13267857680069137,-0.766945217492162,0.13605663901172932,2,1,1,0,1,0,0,0,0,0,1,0,0,0,0,0,0,0,1,0,0,0,0,0,0,0,0,0
1,0.9576204244621995,0.2781305370634725,0.7781702065094589,0.24886664875575337,4,0,0,0,1,0,1,0,0,0,1,0,0,0,1,0,1,0,0,0,1,0,1,0,0,0,0,0
1,-1.0000696237967737,1.1779189200614992,-0.6432389244262604,1.2980796624993742,4,1,0,0,1,0,0,1,0,0,1,0,0,0,0,0,1,0,1,0,1,0,0,0,1,0,0,1
0,-1.0408548331355023,-1.5181198393466364,-0.9609090967590084,-1.6194399833628068,0,1,0,0,1,0,0,0,1,1,0,1,0,1,0,1,0,1,0,1,0,0,0,0,0,1,0,1
0,-1.2039956704904167,-1.4648976059715222,-0.9836959371186869,-1.4810644409286078,0,1,0,1,1,0,0,0,1,1,0,1,0,1,0,1,0,1,0,1,0,0,0,0,0,0,1,0
0,1.5693985645431285,0.4145125100872028,1.438128279966244,0.44029357952306253,5,0,0,0,1,0,0,0,0,0,1,0,1,0,1,0,1,0,1,0,0,0,1,0,1,0,0,0
0,-1.2447808798291453,1.0348841678658796,-0.9333354758010239,0.7462844928225557,2,0,0,0,1,0,1,1,0,0,0,0,0,0,0,0,0,0,1,0,1,0,0,1,0,1,0,1
0,-1.285566089167874,0.8535959354318963,-0.970504716852387,0.850717375104612,2,0,0,0,1,0,0,1,0,0,0,0,0,0,0,0,0,0,1,0,1,0,0,0,0,1,0,1
0,0.6721239590910992,0.9633667917680695,1.0776859068034703,1.0510918363150497,3,1,1,0,1,0,1,1,0,0,1,0,1,0,0,0,0,0,1,0,0,0,0,1,0,0,0,0
0,1.0391908431396566,0.17334926510621596,0.7758540223489883,0.1631008685846344,4,1,0,0,1,0,0,0,0,0,0,0,1,0,1,0,1,0,1,0,0,0,1,0,0,0,0,0
1,0.4681979123974562,-1.1488905953067807,-0.41058374023117,-1.1268013806620356,1,1,1,0,0,1,0,0,0,0,0,0,1,0,0,0,0,0,0,0,0,0,0,1,0,1,0,1
0,1.0799760524783852,0.367943055883978,0.9935312156397016,0.40112496663609776,4,0,1,1,1,0,0,0,0,0,0,0,1,0,0,0,1,0,1,0,1,0,1,1,1,0,0,0
0,1.5693985645431285,1.4357141129722093,2.312565006682616,1.365807526883447,5,1,0,0,1,0,1,1,0,0,1,0,0,0,1,0,1,0,1,0,1,0,1,1,0,1,0,1
0,-1.285566089167874,0.16669648593432704,-0.9796150412169051,0.16610181347779715,0,1,0,0,1,0,0,1,0,0,0,0,0,0,0,0,0,0,0,0,0,0,0,1,0,1,0,1
0,-0.877713995780588,0.3446583287823654,-0.6184006066673078,0.5270206490701855,0,0,0,0,1,0,1,1,0,0,0,0,0,0,0,0,0,0,0,0,0,0,0,0,0,1,0,0
1,1.2023316804945712,1.2926793607765896,1.805739794578094,1.2620588738013456,4,1,1,0,1,0,1,1,0,0,0,0,1,0,1,0,0,0,1,0,1,1,0,1,0,1,0,1
0,0.1011310283488987,-0.3305987571643977,-0.16515645480834135,-0.3364074296118266,2,0,1,1,1,0,0,0,0,0,1,0,0,0,0,0,1,0,0,0,0,1,0,1,0,0,0,0
0,-0.5106471117320305,-1.509803865381775,-0.8282468916059533,-1.4666980126781664,0,0,0,0,1,0,0,0,1,1,0,1,0,1,0,1,0,1,0,1,0,0,0,1,0,0,0,0
0,0.30505707504254176,-1.5064774757958301,-0.6535624881129297,-1.4808296050822063,0,1,1,1,1,0,0,0,1,1,0,1,0,1,0,1,0,1,0,1,0,0,1,0,0,0,1,0
0,0.2642718657038131,-0.5667724177664676,-0.17821532169404278,-0.5477141511314244,1,0,0,0,1,0,0,0,0,0,1,0,0,0,0,0,0,0,0,0,0,1,0,1,0,1,0,0
0,-1.285566089167874,0.7222035467870825,-0.9722473696969318,0.7197618560525092,1,1,0,0,1,0,1,1,0,0,0,0,0,0,0,0,0,0,0,0,1,0,0,1,0,1,0,1
0,1.6101837738818572,-1.3684323079791274,-0.26960533099718675,-1.3780820153449131,0,0,1,1,1,0,1,0,1,1,0,1,0,1,0,1,0,1,0,1,0,0,1,0,0,0,0,0
1,0.01956060967144149,0.5226201716304039,0.16153580630185937,0.5175267506809078,1,0,1,0,1,0,1,1,0,0,0,0,1,0,0,0,0,0,0,0,0,0,0,1,0,0,0,1
0,-0.8369287864418593,-0.701491195997226,-0.7717981747807674,-0.6567906200595186,0,0,0,0,1,0,0,0,0,0,0,0,0,0,0,0,0,0,0,0,0,0,0,0,0,0,0,0
0,-1.285566089167874,-1.5014878914169132,-1.001740114673592,-1.4965359790444681,0,1,0,0,1,0,0,0,1,1,0,1,0,1,0,1,0,1,0,1,0,0,0,0,0,0,0,0
0,-0.22515064636093016,-1.5214462289325812,-0.7733864153479474,-1.4915015896575612,0,1,0,1,1,0,0,0,1,1,0,1,0,1,0,1,0,1,0,1,0,0,0,0,0,0,1,0
0,0.060345819010170096,-1.5064774757958301,-0.7109817963958367,-1.489417771381919,0,1,1,1,1,0,0,0,1,1,0,1,0,1,0,1,0,1,0,1,0,1,0,0,1,0,0,0
0,0.9576204244621995,0.51264100287257,0.9808694088957948,0.5208716814342729,2,0,1,0,1,0,0,1,0,0,1,0,0,0,1,0,0,0,0,0,0,0,1,0,0,0,0,0
0,1.0391908431396566,-1.3484739704634594,-0.38228217567989475,-1.3374287388517456,0,0,0,0,1,0,1,0,1,1,0,1,0,1,0,1,0,1,0,1,0,0,1,0,1,0,0,0
0,-0.4290766930545732,-1.3185364641899577,-0.7654231536152813,-1.3143435480502308,0,0,1,1,1,0,1,0,1,1,0,1,0,1,0,1,0,1,0,1,0,0,1,0,1,0,0,0
0,-0.9184992051193165,-1.2902621527094282,-0.9109456955831404,-1.403540983869494,0,0,1,1,1,0,1,0,1,1,0,1,0,1,0,1,0,1,0,1,0,0,1,0,1,0,0,0
0,-0.7961435771031307,-1.4931719174520517,-0.8920191621575799,-1.4666980126781664,0,1,0,0,1,0,0,0,1,1,0,1,0,1,0,1,0,1,0,1,0,0,1,0,1,0,0,0
0,0.1011310283488987,0.6789604821698023,0.2766832474224028,0.6122504534310726,2,0,0,0,1,0,1,1,0,0,0,0,1,0,0,0,1,0,0,0,0,0,0,0,1,0,0,1
0,0.060345819010170096,0.17002287552027148,0.05547663064906764,0.20461814261076836,0,0,0,0,1,0,0,1,0,0,0,0,0,0,0,0,0,0,0,0,0,0,0,1,1,0,0,1
1,-1.1632104611516882,0.9783355449048204,-0.8231954042464505,1.366665543521915,2,0,0,0,1,0,1,1,0,0,0,0,0,0,0,0,0,0,1,0,1,0,0,1,0,1,0,1
0,1.6101837738818572,-1.4698871903504391,-0.35217178159377566,-1.4642575617253668,0,1,1,0,1,0,0,0,1,1,0,1,0,1,0,1,0,1,0,1,0,0,1,0,0,0,0,0
0,-1.2447808798291453,0.18000204427810534,-0.9520414202589206,0.04343461841633384,3,1,0,0,1,0,0,0,0,0,0,0,0,0,0,0,1,0,1,0,1,0,0,0,0,1,0,0
0,-1.0408548331355023,1.0132626355572392,-0.7188788814382034,0.9788311830742096,3,0,0,0,1,0,0,1,0,0,0,0,0,0,1,0,0,0,1,0,1,0,0,1,0,1,0,1
1,-0.22515064636093016,0.352974302747227,-0.17488442828231826,0.17426734748338996,0,1,1,0,1,0,1,1,0,0,0,0,0,0,0,0,0,0,0,0,0,0,0,1,0,1,0,1
0,-1.1632104611516882,0.15505412238352048,-0.8847617851214383,0.21002993062818565,0,1,1,1,1,0,0,1,0,0,0,0,0,0,0,0,0,0,0,0,0,0,0,1,0,0,1,0
0,0.18270144702635593,-1.4981615018309686,-0.6644595831155252,-1.4485981051526617,0,0,0,0,1,0,0,0,1,1,0,1,0,1,0,1,0,1,0,1,0,0,1,0,0,0,1,0
0,-0.46986190239330183,-1.4931719174520517,-0.8261733553099129,-1.4918787303259182,0,1,0,0,1,0,0,0,1,1,0,1,0,1,0,1,0,1,0,1,0,0,0,0,0,0,1,0
1,0.8352647964460137,1.0298945834869624,1.2026054391915233,0.9865207817738809,2,0,1,0,1,0,1,1,0,0,0,0,0,0,0,0,0,0,1,0,1,1,0,1,1,0,0,0
0,-0.5922175304094877,0.8386271822951452,-0.2989436636964823,0.8191296514513976,2,0,0,0,1,0,1,1,0,0,0,0,0,0,0,0,1,0,0,0,1,0,0,1,0,1,0,1
0,-1.2447808798291453,0.1350957848678528,-0.9576223211408167,-0.16625997854684327,0,0,0,0,1,0,0,1,0,0,0,0,0,0,0,0,0,0,0,0,0,0,0,0,0,1,0,1
0,-0.02122459966728712,1.1529709981669143,0.40336749155176693,1.168833610270341,3,1,1,1,1,0,1,1,0,0,1,0,0,0,0,0,0,0,1,0,1,0,0,1,1,0,0,1
1,-0.3882914837158446,-1.4682239955574667,-0.7963938446752896,-1.4519231742600702,0,1,1,0,1,0,0,0,1,1,0,1,0,1,0,1,0,1,0,1,0,1,0,1,0,1,0,0
0,-1.2039956704904167,-0.49026545728974086,-0.9394899079988461,-0.3737443557791831,1,1,0,0,1,0,0,0,0,0,1,0,0,0,0,0,0,0,0,0,0,0,0,1,0,0,1,0
0,1.5693985645431285,-0.20752234248444593,0.8183394575210509,-0.21569808009664312,5,0,1,1,0,1,0,0,0,0,1,0,1,0,0,0,1,0,1,0,1,0,1,0,0,0,1,0
0,-0.9592844144580451,1.031557778279935,-0.6454006963093663,0.8967636194970534,3,1,0,0,1,0,0,1,0,0,0,0,0,0,0,0,1,0,1,0,1,0,0,1,0,0,0,0
0,-1.285566089167874,-0.511886989598381,-0.9886150710975914,-0.5102254241583787,1,0,0,0,1,0,0,0,0,0,0,0,1,0,0,0,0,0,0,0,0,0,0,0,0,1,0,0
0,-0.5922175304094877,-0.24743901751578154,-0.5733122216768116,-0.32631672405496864,2,1,1,1,1,0,0,0,0,0,0,0,0,0,1,0,0,0,0,0,1,0,0,0,0,1,0,1
0,-0.8369287864418593,-0.37384182178167824,-0.7032391236308347,-0.2274554373443975,1,1,1,1,1,0,0,0,0,0,0,0,0,0,0,0,0,0,0,0,1,1,0,0,1,0,0,1
0,1.5693985645431285,0.5059882237006805,1.4537018610833135,0.45677683793824914,5,1,1,0,1,0,1,0,0,0,1,0,1,0,1,0,1,0,0,0,1,0,1,1,0,0,1,0
0,1.2839020991720282,-1.3468107756704872,-0.3040392688495178,-1.3218595509417428,0,0,0,0,1,0,1,0,1,1,0,1,0,1,0,1,0,1,0,1,0,1,0,1,0,0,0,0
0,-1.1632104611516882,-0.8262308054701502,-0.9387840233023218,-0.8048753420256097,2,1,0,0,0,1,0,0,0,0,0,0,0,0,0,0,1,0,0,0,1,0,0,1,0,1,0,0
0,-0.3882914837158446,-1.509803865381775,-0.8030115137052058,-1.4735448890182596,0,0,0,0,1,0,0,0,1,1,0,1,0,1,0,1,0,1,0,1,0,0,0,1,0,0,1,0
0,0.2642718657038131,-0.4603279510162391,-0.09897976450917846,-0.3950389728012875,1,0,1,1,1,0,0,0,0,0,1,0,0,0,0,0,0,0,0,0,0,0,0,0,1,0,0,0
0,-0.18436543702220157,-0.35055709468006563,-0.38113511304804254,-0.4623307519553266,2,1,1,0,1,0,0,0,0,0,1,0,0,0,0,0,1,0,0,0,0,1,0,0,0,0,1,0
1,-1.1224252518129596,0.6590021446541346,-0.8372910392801722,0.4512201587557926,2,0,0,0,1,0,0,1,0,0,0,0,1,0,0,0,0,0,1,0,0,0,0,1,0,1,0,0
1,0.5089831217361848,0.7055715988573593,0.6931331594750346,0.693570752242089,2,0,1,0,1,0,0,1,0,0,0,0,0,0,1,0,0,0,0,0,1,0,0,1,0,1,0,0
0,0.18270144702635593,0.18166523907107757,0.11582977220190425,0.1361742436088935,0,1,0,0,1,0,0,1,0,0,0,0,0,0,0,0,0,0,0,0,0,0,0,1,0,0,1,0
1,1.1207612618171139,1.50057870989813,1.9314755061465037,1.5333161112270381,6,0,1,0,1,0,0,1,0,0,1,0,1,0,1,0,1,0,1,0,1,0,1,1,0,0,0,0
1,-1.0000696237967737,1.1878980888193331,-0.6489521786887547,1.2444127646599838,3,1,0,0,1,0,1,1,0,0,0,0,0,0,1,0,0,0,1,0,1,0,0,1,0,1,0,1
0,0.590553540413642,0.9982938824204887,1.0256930871250947,1.1042342808268077,3,0,0,0,1,0,1,1,0,0,1,0,0,0,1,0,0,0,1,0,0,1,0,0,1,0,0,0
0,-0.2659358556996588,0.6274014435876604,-0.09695034600667085,0.4889639110823968,1,1,1,1,1,0,1,1,0,0,0,0,0,0,0,0,0,0,1,0,0,0,0,1,0,1,0,1
1,-1.2039956704904167,0.7787521697481417,-0.8896809191003429,0.8739246822784024,3,0,1,1,1,0,0,1,0,0,1,0,0,0,0,0,1,0,1,0,0,0,0,1,0,0,1,1
0,0.7129091684298279,0.16170690155540987,0.5591253616192299,0.20767604661484412,0,0,1,1,1,0,0,1,0,0,0,0,0,0,0,0,0,0,0,0,0,0,0,1,0,0,0,0
0,-0.22515064636093016,0.22324510889538565,-0.14702404166637076,0.2518092230402609,3,1,1,1,1,0,1,0,0,0,0,0,0,0,0,0,1,0,1,0,1,0,0,0,0,0,0,0
1,-1.0000696237967737,0.9051549740140381,-0.6884155450038222,0.8737174741786365,3,0,0,0,1,0,0,1,0,0,0,0,0,0,1,0,0,0,1,0,1,0,0,1,0,1,0,1
0,1.2023316804945712,-1.3717586975650722,-0.38541453902072176,-1.3937340250315373,0,0,1,0,1,0,1,0,1,1,0,1,0,1,0,1,0,1,0,1,0,0,1,0,0,0,0,0
0,1.5693985645431285,0.5642000414547119,1.6032611811594215,0.6150721524637006,5,0,1,0,1,0,0,0,0,0,1,0,0,0,1,0,1,0,1,0,1,0,1,0,0,0,0,0
0,1.3654725178494855,-1.3235260485688747,-0.26146559809038966,-1.2985203840681014,0,1,0,0,1,0,1,0,1,1,0,1,0,1,0,1,0,1,0,1,0,0,1,0,0,0,1,0
0,1.4470429365269428,1.6569190204375286,2.452727236736243,1.6758687832197687,6,1,1,1,1,0,1,1,0,0,1,0,1,0,1,0,1,0,1,0,1,0,1,1,0,0,0,0
0,-0.7961435771031307,-0.5235293531491874,-0.7239524276944725,-0.4951789282984488,3,0,0,0,0,1,0,0,0,0,0,0,0,0,1,0,0,0,1,0,1,0,0,0,0,1,0,0
0,0.9576204244621995,0.5325993403882381,1.0002150613599168,0.54683189621924,1,1,1,0,1,0,0,1,0,0,0,0,0,0,0,0,0,0,0,0,1,1,0,1,0,1,0,0
0,0.22348665636508452,0.48436669139204064,0.3188377991429696,0.4774374362209205,2,1,1,0,1,0,0,1,0,0,1,0,1,0,0,0,0,0,0,0,0,0,0,1,0,1,0,1
1,-0.7553583677644021,0.8502695458459517,-0.4518779949778477,0.8469284269946054,2,1,0,0,1,0,0,1,0,0,0,0,0,0,0,0,0,0,1,0,1,0,0,0,1,0,0,1
0,-0.6737879490869448,-1.5164566445536642,-0.8514749099009595,-1.4046391867982537,0,0,0,1,1,0,0,0,1,1,0,1,0,1,0,1,0,1,0,1,0,1,0,1,0,0,0,0
0,-0.7553583677644021,0.17667565469216087,-0.5487606695758221,0.3268952988962015,0,0,1,1,1,0,0,1,0,0,0,0,0,0,0,0,0,0,0,0,0,0,0,0,0,1,0,0
0,-0.02122459966728712,0.16170690155540987,0.025388295459715,0.28120591289780184,0,1,1,1,1,0,0,1,0,0,0,0,0,0,0,0,0,0,0,0,0,0,0,1,0,0,0,1
0,-1.0000696237967737,-0.3538834842660103,-0.8129159583533139,-0.29576504090058403,2,0,0,0,1,0,0,0,0,0,1,0,0,0,0,0,1,0,0,0,0,1,0,0,0,0,0,0
0,0.4274127030587276,1.1446550242020528,0.8468836699367563,1.0945868521501227,3,0,1,1,1,0,1,1,0,0,0,0,0,0,1,0,0,0,1,0,1,0,0,1,0,0,0,0
0,0.7944795871072851,0.30307845895805735,0.7002802420273444,0.32093408125678013,4,0,0,0,1,0,1,0,0,0,1,0,0,0,1,0,1,0,1,0,0,1,0,0,1,0,0,0
0,-1.2039956704904167,-0.48693906770379614,-0.9432619793458983,-0.4682312492724721,1,1,0,0,1,0,0,0,0,0,0,0,0,0,0,0,1,0,0,0,0,0,0,1,0,0,1,0
0,-0.14358022768347295,-1.499824696623941,-0.7580113643017751,-1.4971647484506545,0,1,0,0,1,0,0,0,1,1,0,1,0,1,0,1,0,1,0,1,0,1,0,1,0,0,1,0
0,-1.285566089167874,-1.504814281002858,-1.0017842324671247,-1.499851308640724,0,0,0,0,1,0,0,0,1,1,0,1,0,1,0,1,0,1,0,1,0,0,0,0,0,0,1,1
1,-0.8369287864418593,-0.7064807803761428,-0.7779746658753559,-0.6954694653491694,3,1,0,0,0,1,0,0,0,0,0,0,0,0,1,0,1,0,0,0,1,0,0,1,0,1,0,1
0,-0.6737879490869448,-0.9775815316306314,-0.7666143340406663,-1.0060744068983811,1,0,1,1,0,1,0,0,0,0,0,0,0,0,0,0,0,0,0,0,1,0,0,1,1,0,0,0
0,0.30505707504254176,0.5276097560093209,0.405132203293078,0.5081195029515322,4,0,0,0,1,0,1,0,0,0,0,0,0,0,1,0,1,0,1,0,1,1,0,1,0,0,1,0
0,-1.1224252518129596,-0.8445259481928457,-0.9174751290259913,-0.7539021494831774,2,0,0,0,0,1,0,0,0,0,0,0,0,0,1,0,0,0,0,0,1,0,0,0,0,1,0,1
0,0.30505707504254176,1.0714744533112706,0.6249711684668969,0.9211266874050937,2,1,1,0,1,0,1,1,0,0,0,0,0,0,0,0,0,0,1,0,1,0,0,1,0,0,0,1
0,0.14191623768762732,-1.5081406705888027,-0.7365921755416127,-1.5796494501728244,0,0,0,0,1,0,0,0,1,1,0,1,0,1,0,1,0,1,0,1,0,1,0,0,0,0,1,0
0,-1.1224252518129596,0.5026618341147361,-0.8284674805736172,0.5838333426060232,1,0,0,0,1,0,0,1,0,0,0,0,0,0,0,0,0,0,0,0,1,0,0,1,0,1,0,1
0,-0.9184992051193165,0.6590021446541346,-0.6433712778068587,0.6072064162596261,2,0,0,0,1,0,0,1,0,0,1,0,0,0,0,0,0,0,1,0,0,0,0,1,0,0,1,1
0,-1.2447808798291453,0.8203320395724497,-0.9285928129962505,0.924483458621303,2,1,1,1,1,0,0,1,0,0,0,0,0,0,0,0,0,0,1,0,1,0,0,1,0,0,0,1
0,-0.3882914837158446,0.8552591302248684,-0.15315641496742646,0.6497075002359746,2,1,0,0,1,0,1,1,0,0,0,0,0,0,0,0,1,0,1,0,0,0,0,1,0,1,0,1
0,-0.2659358556996588,-1.4915087226590795,-0.7872614614140051,-1.5062269424796775,0,1,1,1,1,0,0,0,1,1,0,1,0,1,0,1,0,1,0,1,0,1,0,1,0,0,0,0
1,1.6101837738818572,1.5804120599608018,2.5396392899958102,1.5539586425881695,5,0,1,0,1,0,1,1,0,0,1,0,1,0,1,0,0,0,1,0,1,0,1,1,0,1,0,0
0,0.060345819010170096,-0.4886022624967684,-0.20958307289584605,-0.3812200989864265,1,0,1,0,1,0,0,0,0,0,0,0,0,0,0,0,1,0,0,0,0,0,0,0,0,0,0,0
0,-0.9184992051193165,-0.0877723173904386,-0.7400333634371692,-0.11918229828001137,3,1,0,0,1,0,0,0,0,0,1,0,0,0,0,0,1,0,1,0,0,0,0,0,0,0,0,0
0,-0.7553583677644021,-0.30565083526981285,-0.6596507436204526,-0.26832476826014573,2,0,0,0,1,0,0,0,0,0,1,0,0,0,0,0,1,0,0,0,0,1,0,0,0,0,1,0
0,-0.3882914837158446,0.8369639875021729,-0.05318549482215768,0.9763395378496948,2,0,0,0,1,0,1,1,0,0,1,0,0,0,0,0,0,0,1,0,0,0,0,1,0,0,0,1
0,0.590553540413642,-1.504814281002858,-0.5811431300288792,-1.4648992700248784,0,1,1,0,1,0,0,0,1,1,0,1,0,1,0,1,0,1,0,1,0,0,1,0,0,0,1,0
0,-0.347506274377116,0.8103528708146159,-0.03536190623491664,0.9018287063802213,3,1,1,0,1,0,0,1,0,0,1,0,0,0,0,0,1,0,0,0,1,0,0,1,0,1,0,0
0,0.6721239590910992,1.136339050237191,1.1309140247007636,1.132723370149388,3,1,1,0,1,0,1,1,0,0,0,0,1,0,0,0,0,0,1,0,1,0,0,1,0,0,0,1
1,-0.5106471117320305,-0.3621994582308719,-0.5446135969837412,-0.40098531396175124,2,1,0,0,1,0,0,0,0,0,1,0,0,0,0,0,1,0,0,0,0,1,0,0,0,0,1,0
0,-1.2447808798291453,0.16170690155540987,-0.9466811083446884,0.24484089138887152,0,0,0,0,1,0,0,1,0,0,0,0,0,0,0,0,0,0,0,0,0,0,0,0,0,0,0,1
0,-1.2447808798291453,-0.526855742735132,-0.9702620689879569,-0.6411809432104814,1,0,0,0,1,0,0,0,0,0,0,0,1,0,0,0,0,0,0,0,0,0,0,1,1,0,0,1
0,-0.4290766930545732,-0.2707237446173941,-0.4347823499838973,-0.18494638172573957,4,1,0,0,0,1,0,0,0,0,0,0,0,0,1,0,1,0,1,0,1,0,1,0,0,0,0,0
0,-1.0408548331355023,1.1030751543777446,-0.6958935110076275,1.2255864287383889,3,1,0,0,1,0,1,1,0,0,0,0,0,0,1,0,0,0,1,0,1,0,0,1,0,0,0,1
0,-1.285566089167874,-1.4565816320066605,-1.0011445244608996,-1.4517790294950152,0,1,0,0,1,0,0,0,1,1,0,1,0,1,0,1,0,1,0,1,0,0,0,0,0,0,1,0
0,1.0799760524783852,1.05650570017452,1.451672442580806,0.9846510715906394,3,0,1,1,1,0,1,1,0,0,0,0,1,0,0,0,1,0,0,0,1,0,0,1,0,0,0,0
0,1.0391908431396566,-1.3434843860845427,-0.3496129495688746,-1.2951011256443765,0,0,1,1,1,0,1,0,1,1,0,1,0,1,0,1,0,1,0,1,0,1,0,1,1,0,0,0
0,0.34584228438127035,1.650266241265639,0.9869576644033178,1.5096593477848121,6,0,0,0,1,0,1,1,0,0,1,0,1,0,1,0,1,0,1,0,1,0,0,1,0,0,0,1
1,1.0799760524783852,0.476050717427179,1.0147077565354337,0.4280971396225852,1,0,0,0,1,0,1,1,0,0,0,0,1,0,0,0,0,0,0,0,0,0,1,1,1,0,0,0
0,-1.2039956704904167,0.15505412238352048,-0.9221295562436992,0.06111637626303118,0,0,1,1,1,0,0,1,0,0,0,0,0,0,0,0,0,0,0,0,0,0,0,1,0,1,0,0
0,-0.02122459966728712,-1.4915087226590795,-0.7393715965341776,-1.5147184897989332,0,1,0,0,1,0,0,0,1,1,0,1,0,1,0,1,0,1,0,1,0,0,1,1,0,0,0,0
1,0.5497683310749134,1.1296862710653017,1.003479778081342,1.1387186156836993,3,1,1,0,1,0,1,1,0,0,0,0,0,0,1,0,0,0,1,0,1,0,0,1,0,1,0,0
0,-1.2447808798291453,0.5342625351812104,-0.9349457752649702,0.6857797276908879,1,1,0,0,1,0,0,1,0,0,0,0,0,0,0,0,0,0,0,0,1,0,0,1,0,1,0,1
0,0.7944795871072851,-1.5064774757958301,-0.5638048371704985,-1.5058444044493402,0,0,1,1,1,0,0,0,1,1,0,1,0,1,0,1,0,1,0,1,0,1,0,0,1,0,0,0
1,-0.7961435771031307,0.3130576277158912,-0.5955917074108631,0.24681733787894705,1,0,0,0,1,0,0,1,0,0,0,0,0,0,1,0,0,0,0,0,0,0,0,1,0,1,0,1
1,-0.877713995780588,0.8253216239513669,-0.5482312560534288,1.0063871693288031,2,0,0,0,1,0,0,1,0,0,0,0,0,0,0,0,0,0,1,0,1,0,0,0,0,0,0,1
0,-0.02122459966728712,0.7571306374395017,0.2100212613943794,0.7147888616581258,2,1,0,0,1,0,1,1,0,0,1,0,0,0,0,0,1,0,0,0,0,0,0,0,0,0,0,0
1,-0.6330027397482163,1.1829085044404164,-0.29466423772380307,1.0127784865451144,3,1,1,0,1,0,1,1,0,0,0,0,0,0,1,0,0,0,1,0,1,0,0,1,1,0,0,1
0,-0.6737879490869448,0.3280263808526422,-0.5122090776339179,0.18879110040217217,0,0,0,0,1,0,1,1,0,0,0,0,0,0,0,0,0,0,0,0,0,0,0,1,1,0,0,0
0,0.7536943777685564,1.4157557754565417,1.4958343539071137,1.5416385636105798,5,0,0,0,1,0,1,1,0,0,1,0,1,0,1,0,0,0,1,0,1,1,0,0,0,0,0,0
0,-0.14358022768347295,0.34798471836830985,-0.02049420981437126,0.4139512812254692,4,1,0,0,1,0,0,0,0,0,0,0,0,0,1,0,1,0,1,0,1,1,0,1,0,0,0,0
0,1.5286133552044,0.002040201430066944,0.9851047170749413,-0.009018631981569786,4,1,1,0,1,0,0,0,0,0,1,0,1,0,1,0,1,0,0,0,0,0,1,0,1,0,0,0
0,1.5693985645431285,1.1829085044404164,2.148248284669794,1.1918928074291575,4,0,1,1,1,0,1,1,0,0,1,0,0,0,1,0,1,0,0,0,1,0,1,0,0,1,0,0
0,0.34584228438127035,0.1201270317311018,0.24246989853773548,0.14511820298442205,3,1,1,1,1,0,1,0,0,0,0,0,1,0,1,0,0,0,1,0,0,1,0,0,0,0,0,0
0,-1.285566089167874,0.5209569768374316,-0.9749164962056646,0.5191844154790356,1,1,0,0,1,0,0,1,0,0,0,0,0,0,0,0,0,0,1,0,0,0,0,1,0,1,0,0
0,-1.0408548331355023,0.5442417039390443,-0.754526058612686,0.5961474239635448,5,0,1,0,1,0,0,0,0,0,1,0,0,0,1,0,1,0,1,0,1,0,0,0,0,0,0,0
0,-0.30672106503838736,0.8486063510529795,-0.04930312899127358,0.7377972490561404,2,1,1,1,1,0,0,1,0,0,0,0,0,0,0,0,0,0,1,0,1,1,0,1,0,1,0,1
0,1.4062577271882142,0.8203320395724497,1.6536216424770847,0.836713818750278,3,1,1,1,1,0,1,1,0,0,1,0,1,0,0,0,1,0,0,0,0,1,0,0,0,1,0,0
0,-1.1224252518129596,-0.30565083526981285,-0.896011822472296,-0.43132057976749166,1,1,1,1,1,0,1,0,0,0,0,0,0,0,0,0,1,0,0,0,0,0,0,1,0,0,1,0
0,-0.7145731584256735,-1.3335052173267088,-0.8674455511598241,-1.434870848554111,0,1,0,1,1,0,1,0,1,1,0,1,0,1,0,1,0,1,0,1,0,0,0,1,0,1,0,0
0,-0.5106471117320305,-1.4931719174520517,-0.8261954142066792,-1.4589898713668716,0,0,1,1,1,0,0,0,1,1,0,1,0,1,0,1,0,1,0,1,0,0,0,0,0,1,0,0
0,-1.2039956704904167,-0.29068208213306207,-0.9362693090709535,-0.2930713356036261,2,1,1,1,1,0,0,0,0,0,0,0,1,0,1,0,0,0,0,0,0,0,0,1,0,0,1,1
0,0.8760500057847422,1.3409120097727871,1.4768416437912544,1.3100440116673437,4,1,1,1,1,0,1,1,0,0,0,0,1,0,0,0,1,0,1,0,1,1,0,1,0,1,0,0
0,0.38662749371999894,-1.5081406705888027,-0.6401286199821996,-1.4887212735675797,0,1,0,0,1,0,0,0,1,1,0,1,0,1,0,1,0,1,0,1,0,1,0,1,0,0,1,0
0,-0.9592844144580451,0.4943458601498745,-0.6711434288357407,0.6818197506731382,1,0,1,0,1,0,0,1,0,0,0,0,0,0,0,0,0,0,0,0,1,0,0,1,0,1,0,0
0,1.2431168898332998,1.083116816862077,1.7482322507081212,1.1392826106771274,3,0,0,0,1,0,1,1,0,0,0,0,1,0,0,0,0,0,1,0,1,0,1,0,0,0,0,0
0,1.4878281458656715,-1.3518003600494042,-0.2861274446752111,-1.3624573234161825,0,0,1,0,1,0,1,0,1,1,0,1,0,1,0,1,0,1,0,1,0,0,1,0,0,0,0,0
0,1.4878281458656715,-1.340157996498598,-0.2701347445195801,-1.3450398309720855,0,0,0,0,1,0,1,0,1,1,0,1,0,1,0,1,0,1,0,1,0,0,1,0,1,0,0,0
0,0.30505707504254176,-0.49026545728974086,-0.10228859902413662,-0.4451620808318594,1,1,1,0,1,0,0,0,0,0,0,0,1,0,0,0,0,0,0,0,0,0,0,1,0,0,1,0
0,1.1207612618171139,-0.841199558606901,0.0591825253058208,-0.8116441399512985,3,1,0,0,0,1,0,0,0,0,1,0,1,0,1,0,0,0,0,0,0,0,1,0,0,0,0,0
0,-1.1632104611516882,0.9816619344907653,-0.8396292823374093,1.057925474870597,4,0,0,0,1,0,0,1,0,0,1,0,0,0,1,0,1,0,0,0,1,0,0,1,0,0,0,1
1,1.5693985645431285,0.8303112083302836,1.7660778981921288,0.7873992492944314,6,0,0,0,1,0,1,0,0,0,1,0,1,0,1,0,1,0,1,0,1,0,1,0,0,0,1,0
0,0.18270144702635593,0.4677347434623174,0.2423375451571373,0.3931122873187151,1,0,1,0,1,0,1,1,0,0,0,0,0,0,1,0,0,0,0,0,0,0,0,1,1,0,0,1
0,-0.02122459966728712,1.1296862710653017,0.3774482878512615,1.1079662309640828,3,1,1,0,1,0,1,1,0,0,0,0,1,0,0,0,0,0,1,0,1,0,0,1,1,0,0,0
0,0.2642718657038131,-0.36718904260978885,-0.03955309662053029,-0.2805325890536848,1,1,0,0,1,0,1,0,0,0,0,0,0,0,0,0,1,0,0,0,0,0,1,1,1,0,0,0
0,0.22348665636508452,-1.3518003600494042,-0.6070402748326182,-1.3535405788270154,0,0,0,0,1,0,1,0,1,1,0,1,0,1,0,1,0,1,0,1,0,1,0,1,0,1,0,0
0,0.7944795871072851,0.8170056499865053,1.0091489145503039,0.7672922063219066,2,1,0,0,1,0,1,1,0,0,0,0,0,0,1,0,0,0,0,0,1,0,1,1,1,0,0,0
0,0.6313387497523706,1.3425752045657593,1.194333352904128,1.3004280209633883,4,0,1,1,1,0,1,1,0,0,1,0,1,0,0,0,0,0,1,0,1,0,0,1,1,0,0,0
0,1.5286133552044,-0.17924803100391637,0.8181409274501534,-0.18825955851056883,5,1,1,1,0,1,0,0,0,0,1,0,0,0,1,0,1,0,1,0,1,0,1,0,0,0,0,0
0,-0.5106471117320305,0.18831801824296696,-0.3515320735875504,0.3244916849389159,0,1,0,0,1,0,0,1,0,0,0,0,0,0,0,0,0,0,0,0,0,0,0,0,1,0,0,0
0,0.7129091684298279,0.5858215737633523,0.8332733306318955,0.6197052088375107,5,0,0,0,1,0,1,0,0,0,1,0,0,0,1,0,1,0,1,0,1,1,0,1,1,0,0,0
0,-0.551432321070759,-0.666564105344807,-0.6162388347842019,-0.5921489633921725,2,0,0,0,0,1,0,0,0,0,0,0,0,0,0,0,0,0,1,0,1,1,0,1,1,0,0,1
0,-0.30672106503838736,-0.10939384969907875,-0.29971572508330585,-0.01491518247776776,3,1,1,1,1,0,0,0,0,0,1,0,1,0,1,0,0,0,0,0,0,1,0,1,0,0,0,0
0,-0.8369287864418593,-0.526855742735132,-0.7488128043501915,-0.512850060088748,1,1,0,0,1,0,0,0,0,0,0,0,1,0,0,0,0,0,0,0,0,0,0,1,0,0,0,0
1,0.2642718657038131,1.3558807629095382,0.8799058383960389,1.4911285421146838,4,1,1,0,1,0,1,1,0,0,0,0,1,0,1,0,0,0,1,0,1,0,0,1,0,1,0,1
0,-1.0408548331355023,0.32469999126669774,-0.7702099342135875,0.4277760423251264,1,1,0,0,1,0,0,1,0,0,0,0,0,0,1,0,0,0,0,0,0,0,0,0,0,0,1,1
0,-0.3882914837158446,0.045283266047347254,-0.3337746616906084,0.05957883210244888,4,0,1,1,1,0,0,0,0,0,1,0,1,0,1,0,1,0,0,0,0,1,0,1,0,0,1,0
0,-0.22515064636093016,-1.5131302549677197,-0.7767173087596718,-1.500772233528573,0,1,0,0,1,0,0,0,1,1,0,1,0,1,0,1,0,1,0,1,0,0,0,1,0,1,0,0
1,0.590553540413642,0.7039084040643871,0.6949640479066449,0.575439210224014,1,1,0,0,1,0,1,1,0,0,0,0,0,0,0,0,0,0,1,0,0,0,0,1,1,0,0,0
0,-0.2659358556996588,-1.5214462289325812,-0.7829158587510268,-1.4936669438169392,0,1,1,1,1,0,0,0,1,1,0,1,0,1,0,1,0,1,0,1,0,0,1,1,1,0,0,0
0,-0.7553583677644021,-0.006275772534794672,-0.5953049417529,0.07706153289264199,2,0,1,0,1,0,1,0,0,0,1,0,0,0,0,0,0,0,1,0,0,0,0,1,0,0,0,1
1,-0.877713995780588,1.3026585295344235,-0.5103120125120084,1.265434968236242,4,0,1,0,1,0,1,1,0,0,0,0,0,0,1,0,1,0,1,0,1,0,0,1,0,0,0,1
0,-1.2447808798291453,-1.5181198393466364,-0.9891224257232183,-1.3498326444101507,0,1,0,1,1,0,0,0,1,1,0,1,0,1,0,1,0,1,0,1,0,0,0,0,0,0,1,0
0,-0.2659358556996588,0.5675264310406568,-0.09719299387110099,0.4882625913601122,2,0,1,1,1,0,0,1,0,0,1,0,1,0,0,0,0,0,0,0,0,0,0,0,0,1,0,0
1,1.6101837738818572,1.6552558256445562,2.6663014752284084,1.6861574102388683,6,0,1,0,1,0,1,1,0,0,1,0,1,0,1,0,1,0,1,0,1,0,1,1,0,0,0,0
0,1.2431168898332998,-1.4931719174520517,-0.4769589606012304,-1.5149544768014447,0,0,1,1,1,0,0,0,1,1,0,1,0,1,0,1,0,1,0,1,0,0,1,0,1,0,0,0
0,1.5693985645431285,-1.499824696623941,-0.3944586866949407,-1.4993376660272195,0,1,1,1,1,0,0,0,1,1,0,1,0,1,0,1,0,1,0,1,0,0,1,0,0,0,1,0
0,-0.877713995780588,0.008692980601956331,-0.6913273193769853,0.028817028832842623,2,1,1,1,1,0,1,0,0,0,1,0,0,0,0,0,0,0,1,0,0,0,0,1,0,0,0,0
1,-0.7553583677644021,-1.504814281002858,-0.9095780439836244,-1.6098492084593528,0,1,1,0,1,0,0,0,1,1,0,1,0,1,0,1,0,1,0,1,0,1,0,0,0,0,1,0
0,-0.7961435771031307,0.800373702056782,-0.49791491252929865,0.8114434706566591,6,0,0,1,1,0,1,0,0,0,1,0,1,0,1,0,1,0,1,0,1,0,1,0,1,0,0,0
0,-1.081640042474231,-1.4865191382801624,-0.9670635289568307,-1.6078757979853908,0,1,0,1,1,0,0,0,1,1,0,1,0,1,0,1,0,1,0,1,0,0,0,1,0,0,1,0
1,-0.877713995780588,0.3429951339893932,-0.6684081256367086,0.1853910038560124,0,1,1,1,1,0,1,1,0,0,0,0,0,0,0,0,0,0,0,0,0,0,0,1,1,0,0,0
0,-0.5922175304094877,-0.2690605498244219,-0.5363415106963458,-0.1719697128515058,1,1,1,0,1,0,1,0,0,0,0,0,1,0,0,0,0,0,0,0,0,0,0,0,1,0,0,0
0,-1.285566089167874,-0.9759183368376593,-0.9947695032954135,-0.9727139028360577,1,1,0,0,0,1,0,0,0,0,0,0,0,0,0,0,0,0,0,0,1,0,0,1,0,1,0,1
0,-0.02122459966728712,0.352974302747227,0.01515296736011102,0.2571697733249473,1,0,1,0,1,0,0,1,0,0,1,0,0,0,0,0,0,0,0,0,0,0,0,1,0,0,0,0
0,-0.14358022768347295,-0.9742551420446868,-0.5372459254637678,-0.925098910531212,2,1,0,0,0,1,0,0,0,0,1,0,0,0,0,0,1,0,0,0,0,1,0,0,0,0,1,0
0,-1.2039956704904167,-0.15430010910933153,-0.9352325409229333,-0.2671012537662893,1,0,0,0,1,0,1,0,0,0,0,0,0,0,0,0,0,0,1,0,0,0,0,1,0,1,0,0
0,-1.2447808798291453,1.0066098563853503,-0.9235854434302806,1.1126284132088173,2,0,0,0,1,0,1,1,0,0,0,0,0,0,0,0,0,0,1,0,1,0,0,1,0,1,0,1
0,-0.7961435771031307,1.05650570017452,-0.4974296168004382,0.8142487495457983,3,1,1,1,1,0,0,1,0,0,0,0,0,0,1,0,0,0,1,0,1,0,0,1,0,0,1,1
0,0.34584228438127035,-0.8162516367123162,-0.27022298010664564,-0.7945755833104127,2,0,0,0,0,1,0,0,0,0,0,0,1,0,0,0,0,0,0,0,1,0,0,1,0,1,0,0
0,-1.285566089167874,-1.531425397690415,-1.002137174815387,-1.5263739454107699,0,0,0,0,1,0,0,0,1,1,0,1,0,1,0,1,0,1,0,1,0,0,0,0,0,1,0,0
0,-1.0408548331355023,-0.3339251467503424,-0.8470410716509156,-0.397030599371932,1,1,0,0,1,0,0,0,0,0,0,0,0,0,0,0,0,0,1,0,0,0,0,0,0,0,1,0
0,0.7944795871072851,-0.019581330878573448,0.4942280873325175,0.023160102808461685,3,0,1,0,1,0,0,0,0,0,1,0,0,0,1,0,0,0,1,0,0,1,0,1,0,0,1,0
0,0.5089831217361848,-1.3384948017056257,-0.5080399461450706,-1.3123141644791896,0,0,1,1,1,0,1,0,1,1,0,1,0,1,0,1,0,1,0,1,0,0,1,1,0,0,0,0
0,1.5286133552044,0.37293264026289474,1.3120175671528058,0.3419326867077899,4,1,1,0,1,0,1,0,0,0,0,0,1,0,1,0,1,0,1,0,0,0,1,0,1,0,0,0
0,0.8352647964460137,-1.536414982069332,-0.5667607293371945,-1.522214145068298,0,0,0,0,1,0,0,0,1,1,0,1,0,1,0,1,0,1,0,1,0,0,1,0,0,0,1,0
1,1.2023316804945712,1.0997487647918003,1.608621493073654,1.0231412506389137,3,0,1,0,1,0,1,1,0,0,0,0,1,0,1,0,0,0,1,0,0,1,0,1,1,0,0,0
0,1.1207612618171139,0.9716827657329311,1.4053928771649247,0.8744219817178408,3,0,1,0,1,0,1,1,0,0,1,0,1,0,0,0,0,0,0,0,1,0,0,1,1,0,0,0
1,-1.2039956704904167,0.5159673924585149,-0.9116074624861321,0.32468507916536443,1,0,1,0,1,0,0,1,0,0,0,0,0,0,0,0,0,0,1,0,0,0,0,1,0,1,0,1
1,-0.3882914837158446,1.0049466615923774,0.015748557572803648,1.2015657332475047,3,0,1,0,1,0,0,1,0,0,1,0,0,0,0,0,0,0,1,0,1,0,0,1,0,1,0,0
0,-1.285566089167874,-1.1156266994473343,-0.9966224506237901,-1.1119577458787997,1,1,0,1,0,1,0,0,0,0,0,0,1,0,0,0,0,0,0,0,0,0,0,1,0,0,1,1
0,1.4062577271882142,0.2481930307899705,1.1916862852921615,0.31860697490556206,4,0,0,0,1,0,0,0,0,0,1,0,0,0,1,0,1,0,0,0,1,1,0,1,0,0,0,0
0,-0.8369287864418593,0.8269848187443392,-0.5461577197573884,0.7562304816113229,2,0,0,0,1,0,1,1,0,0,0,0,1,0,0,0,0,0,1,0,0,0,0,1,0,0,0,1
1,1.5693985645431285,0.5924743529352416,1.562143397586875,0.5715526146649628,5,0,1,0,1,0,1,0,0,0,1,0,1,0,1,0,1,0,0,0,1,0,1,1,0,0,0,0
0,-0.30672106503838736,-1.4964983070379965,-0.7850996895308991,-1.4739254311980037,0,1,0,0,1,0,0,0,1,1,0,1,0,1,0,1,0,1,0,1,0,1,0,0,1,0,0,0
0,-1.1224252518129596,-0.3688522374027613,-0.8851809041599997,-0.2685378965913336,1,0,0,0,1,0,1,0,0,0,1,0,0,0,0,0,0,0,0,0,0,0,0,1,0,1,0,0
0,-0.2659358556996588,-0.44369600308651586,-0.4389514814727445,-0.4995143593089369,0,1,0,0,1,0,1,0,0,0,0,0,0,0,0,0,0,0,0,0,0,1,0,1,1,0,0,0
0,-1.285566089167874,-1.504814281002858,-1.0017842324671247,-1.499851308640724,0,1,1,1,1,0,0,0,1,1,0,1,0,1,0,1,0,1,0,1,0,1,0,0,0,0,1,0
1,1.5286133552044,-0.6931752220323644,0.31822015003351073,-0.7249403773673144,3,1,0,0,0,1,0,0,0,0,0,0,1,0,1,0,0,0,1,0,0,1,0,1,1,0,0,0
0,1.6101837738818572,1.6336342933359158,2.560065828401485,1.5752780537418696,6,1,1,1,1,0,1,1,0,0,1,0,1,0,1,0,1,0,1,0,1,0,1,1,0,1,0,0
0,1.1207612618171139,0.9816619344907653,1.4646651327762084,0.9486577369273342,3,1,1,0,1,0,0,1,0,0,0,0,1,0,0,0,0,0,1,0,1,1,0,1,0,1,0,1
1,-0.02122459966728712,1.1812453096474442,0.4091028047110277,1.1823021367551299,3,0,1,1,1,0,1,1,0,0,0,0,1,0,0,0,0,0,1,0,1,0,0,1,0,1,0,0
0,-1.285566089167874,-1.4981615018309686,-1.0016959968800592,-1.4932206494482123,0,1,0,0,1,0,0,0,1,1,0,1,0,1,0,1,0,1,0,1,0,0,0,1,0,1,0,1
0,-0.7553583677644021,-0.3538834842660103,-0.6693345993008969,-0.32030440014429834,1,0,0,0,1,0,1,0,0,0,0,0,1,0,0,0,0,0,0,0,0,1,0,1,0,0,1,0
0,-0.7961435771031307,0.5026618341147361,-0.5563268711666931,0.47378990254568754,1,0,0,0,1,0,1,1,0,0,1,0,0,0,0,0,0,0,0,0,0,0,0,1,1,0,0,0
0,-1.081640042474231,1.4972523203121855,-0.7151068100911512,1.5477654227173863,5,0,0,0,1,0,1,1,0,0,0,0,1,0,1,0,1,0,1,0,1,0,0,1,1,0,0,1
0,0.5497683310749134,0.476050717427179,0.5750518850845618,0.43882370896109735,4,0,0,0,1,0,1,0,0,0,1,0,0,0,1,0,0,0,1,0,1,0,1,0,0,0,1,0
0,-0.7145731584256735,1.2128460107139178,-0.3248849262937541,1.283257376429447,4,1,0,0,1,0,0,1,0,0,0,0,0,0,1,0,1,0,1,0,1,0,0,1,0,1,0,1
1,0.4274127030587276,0.9783355449048204,0.7335891761445896,0.8965922846341974,3,1,1,0,1,0,1,1,0,0,0,0,1,0,0,0,1,0,1,0,0,0,0,1,0,1,0,0
0,0.2642718657038131,-0.5019078208405472,-0.14082549167501576,-0.4756694887512512,1,1,0,0,1,0,0,0,0,0,0,0,0,0,0,0,1,0,0,0,0,0,1,1,0,0,0,0
1,-0.46986190239330183,-0.16095288828122092,-0.46509127414091384,-0.19976848839471378,2,1,0,0,1,0,0,0,0,0,0,0,0,0,1,0,0,0,1,0,0,0,0,1,0,0,0,1
0,0.9984056338009281,-0.3705154321957335,0.39955130241118186,-0.29240245331666226,4,1,0,0,0,1,0,0,0,0,1,0,0,0,1,0,0,0,1,0,1,0,0,1,0,1,0,0
0,0.8352647964460137,0.9500612334242912,1.1390537576075606,0.8964126254831939,3,0,1,0,1,0,0,1,0,0,0,0,0,0,0,0,1,0,1,0,1,1,0,1,0,1,0,0
0,-0.5922175304094877,0.7654466114043633,-0.3484658869370225,0.6123820141293367,3,1,1,1,1,0,0,1,0,0,1,0,0,0,1,0,0,0,1,0,0,0,0,1,0,0,1,0
0,-1.285566089167874,-0.15762649869527623,-0.9839165260863507,-0.15714282215713996,1,0,0,0,1,0,1,0,0,0,0,0,0,0,0,0,0,0,0,0,1,0,0,1,0,1,0,1
0,1.0391908431396566,-0.12768899242177445,0.5242943636251038,-0.16283032724037172,2,0,1,0,1,0,1,0,0,0,1,0,0,0,0,0,1,0,0,0,0,1,0,1,0,0,0,0
1,1.5693985645431285,1.3026585295344235,2.260241303552744,1.3104275141910624,3,0,0,0,1,0,1,1,0,0,0,0,0,0,1,0,0,0,1,0,1,0,1,0,0,0,0,0
0,0.1011310283488987,1.1429918294090806,0.5477870886813067,1.1943276068308342,4,0,0,0,1,0,0,1,0,0,0,0,0,0,1,0,1,0,1,0,1,1,0,1,0,1,0,0
0,-1.2039956704904167,0.6922660405135811,-0.8971809440009146,0.6860560051572423,2,1,0,0,1,0,0,1,0,0,0,0,0,0,1,0,0,0,0,0,1,0,0,0,1,0,0,0
0,0.22348665636508452,1.3292696462219806,0.7045155502064907,1.2401377343911277,4,1,0,0,1,0,1,1,0,0,1,0,1,0,0,0,0,0,1,0,1,1,0,1,0,1,0,0
0,0.1011310283488987,0.14174856403974218,0.08814585676008779,0.20744870972824372,4,1,1,1,1,0,1,0,0,0,1,0,1,0,1,0,1,0,0,0,0,0,1,1,1,0,0,0
0,-1.0408548331355023,0.8502695458459517,-0.7486363331760604,0.6593754955492798,2,1,0,0,1,0,1,1,0,0,0,0,0,0,1,0,0,0,1,0,0,0,0,1,0,1,0,1
0,0.590553540413642,0.31804721209480835,0.5382135274846945,0.3248144005325944,4,0,0,0,1,0,0,0,0,0,0,0,0,0,1,0,1,0,1,0,1,0,1,0,0,0,1,0
0,-0.7553583677644021,-0.48028628853190675,-0.6727537282996869,-0.3386571175521428,1,0,0,0,1,0,0,0,0,0,0,0,1,0,0,0,0,0,0,0,0,0,0,0,0,1,0,0
1,-0.5106471117320305,-0.16261608307419315,-0.45485594604131,-0.06373341078263399,2,0,1,0,1,0,0,0,0,0,0,0,1,0,0,0,0,0,0,0,1,0,0,1,0,1,0,0
0,1.3654725178494855,0.67729728737683,1.432944439226143,0.6307251634863984,5,1,1,0,1,0,1,0,0,0,1,0,1,0,0,0,1,0,1,0,1,0,1,0,0,1,0,0
0,-0.7145731584256735,-1.511467060174747,-0.8600778796398507,-1.39796017904913,0,1,1,0,1,0,0,0,1,1,0,1,0,1,0,1,0,1,0,1,0,0,0,1,1,0,0,0
0,0.38662749371999894,-1.4682239955574667,-0.6379006714087945,-1.4847349844101767,0,0,0,0,1,0,0,0,1,1,0,1,0,1,0,1,0,1,0,1,0,0,1,1,0,0,0,0
0,-0.6330027397482163,0.4660715486693452,-0.41532640303594337,0.4794004603239669,1,0,1,0,1,0,1,1,0,0,1,0,0,0,0,0,0,0,0,0,0,0,0,0,0,1,0,0
0,0.18270144702635593,1.3176272826711746,0.6563168607719337,1.2339067539799573,4,1,0,0,1,0,1,1,0,0,0,0,1,0,0,0,1,0,1,0,1,1,0,1,1,0,0,0
0,-0.8369287864418593,-0.5152133791843257,-0.7406068947530953,-0.46146245134678354,1,0,0,0,1,0,0,0,0,0,0,0,1,0,0,0,0,0,0,0,0,0,0,1,0,1,0,0
0,0.8352647964460137,0.9766723501118483,1.1371787513824174,0.8937541064673284,3,1,1,0,1,0,0,1,0,0,0,0,1,0,0,0,0,0,1,0,1,1,0,1,0,0,0,1
0,1.1207612618171139,-1.3268524381548195,-0.34645852733128124,-1.319690772830859,0,0,0,0,1,0,1,0,1,1,0,1,0,1,0,1,0,1,0,1,0,0,1,0,0,0,1,0
0,-0.5922175304094877,-1.3085572954321238,-0.8040482818532262,-1.2896041567448375,0,1,1,1,0,1,0,0,0,0,0,0,0,0,0,0,0,0,0,0,0,0,0,0,1,0,0,0
0,-1.285566089167874,0.33301596523155935,-0.9774091515402664,0.3318682932905853,0,1,0,0,1,0,1,1,0,0,0,0,0,0,0,0,0,0,0,0,0,0,0,1,0,1,0,1
0,-1.2039956704904167,0.17501245989918865,-0.9247766238556656,-0.005190215662084083,0,0,0,0,1,0,0,1,0,0,0,0,0,0,0,0,0,0,0,0,0,0,0,1,0,1,0,0
0,-0.9592844144580451,0.1500645380046038,-0.758342247753271,-0.046263465660141535,3,0,0,1,1,0,0,0,0,0,0,0,0,0,0,0,1,0,1,0,1,0,0,1,1,0,0,0
0,-1.285566089167874,0.5109778080795977,-0.9750488495862629,0.5092384266902684,1,0,0,0,1,0,0,1,0,0,0,0,0,0,0,0,0,0,1,0,0,0,0,1,0,1,0,1
0,0.9576204244621995,0.9400820646664573,1.30747343441893,0.959146413596441,3,1,1,0,1,0,1,1,0,0,1,0,1,0,1,0,0,0,0,0,0,1,0,1,0,1,0,0
0,-0.6330027397482163,0.13675897966082504,-0.5032531655467645,0.09072682000998208,0,1,1,1,1,0,0,1,0,0,0,0,0,0,0,0,0,0,0,0,0,0,0,1,0,1,0,1
0,-0.877713995780588,0.04860965563329171,-0.6836287644055161,0.08141021197344515,2,0,1,1,1,0,1,0,0,0,0,0,0,0,0,0,1,0,0,0,1,0,0,1,0,1,0,1
0,-1.0408548331355023,0.15505412238352048,-0.7804452623131913,0.3178965471349358,0,1,0,0,1,0,0,1,0,0,0,0,0,0,0,0,0,0,0,0,0,0,0,1,0,1,0,0
0,1.4878281458656715,-1.4865191382801624,-0.3872233685555655,-1.4725598997903866,0,0,1,1,1,0,0,0,1,1,0,1,0,1,0,1,0,1,0,1,0,0,1,0,0,0,0,0
0,-0.551432321070759,0.7022452092714149,-0.3343702519033008,0.5226742361066734,1,1,0,0,1,0,1,1,0,0,0,0,0,0,0,0,0,0,0,0,1,0,0,1,0,0,0,1
0,-1.2039956704904167,0.51264100287257,-0.9001368361676106,0.6120136441741973,1,0,1,1,1,0,0,1,0,0,0,0,0,0,0,0,0,0,0,0,1,0,0,1,0,1,0,1
0,0.8760500057847422,-1.4798663591082732,-0.5293047226278683,-1.4817397858463637,0,1,1,1,1,0,0,0,1,1,0,1,0,1,0,1,0,1,0,1,0,0,1,0,1,0,0,0
0,1.2023316804945712,-1.3684323079791274,-0.3721571420641228,-1.3776653711012978,0,1,1,0,1,0,1,0,1,1,0,1,0,1,0,1,0,1,0,1,0,1,0,1,1,0,0,0
0,-0.347506274377116,0.8535959354318963,-0.003442682613953586,1.0017720798340153,2,1,0,0,1,0,1,1,0,0,0,0,1,0,0,0,0,0,1,0,0,0,0,1,1,0,0,1
0,1.2023316804945712,0.18499162865702248,0.886810273083918,0.14826854863342112,2,0,1,1,1,0,1,0,0,0,0,0,0,0,0,0,0,0,1,0,1,0,0,1,1,0,0,0
0,-0.6330027397482163,0.02865131811762402,-0.5202164571601166,0.01574186531819768,2,1,0,0,1,0,1,0,0,0,1,0,0,0,0,0,0,0,0,0,1,0,0,0,0,0,0,0
0,-0.9592844144580451,-1.340157996498598,-0.9265854533905094,-1.4510422895847364,0,1,0,0,0,1,0,0,0,0,0,0,0,0,0,0,0,0,0,0,0,0,0,1,0,0,1,0
0,1.2839020991720282,0.14507495362568665,0.9517957829576961,0.15271099003042019,4,1,1,1,1,0,0,0,0,0,1,0,0,0,1,0,1,0,1,0,0,0,1,0,0,0,1,0
0,-1.2447808798291453,0.3662798610910058,-0.9472105218670819,0.22494891381133666,0,0,0,0,1,0,1,1,0,0,0,0,0,0,0,0,0,0,0,0,0,0,0,1,0,1,0,1
0,-1.285566089167874,-0.6333002094853606,-0.9902253705615377,-0.631234954421714,0,1,1,1,1,0,0,0,0,0,0,0,0,0,0,0,0,0,0,0,0,0,0,1,0,0,1,1
0,-0.6737879490869448,-0.49691823646163,-0.6530110156937701,-0.4725135500009693,3,0,1,0,0,1,0,0,0,0,0,0,0,0,0,0,1,0,1,0,1,0,0,1,0,1,0,1
0,1.6101837738818572,-1.3384948017056257,-0.2030756983497617,-1.3086442788011121,0,0,1,0,1,0,1,0,1,1,0,1,0,1,0,1,0,1,0,1,0,0,1,0,0,0,0,0
0,-0.10279501834474433,0.8486063510529795,0.23395516438591,0.9658145675879583,3,1,0,0,1,0,1,1,0,0,1,0,1,0,1,0,0,0,0,0,0,1,0,0,0,0,0,0
0,0.6721239590910992,1.1962140627841946,1.128090485914666,1.1283931437379524,3,0,1,0,1,0,1,1,0,0,1,0,0,0,0,0,0,0,1,0,1,0,0,1,0,0,1,0
0,1.1615464711558425,0.34798471836830985,1.0760094306492247,0.4190451567724579,4,1,1,0,1,0,1,0,0,0,1,0,0,0,1,0,1,0,0,0,1,0,1,0,1,0,0,0
0,0.590553540413642,0.7421618843027508,0.761956917386164,0.6825525717541067,2,1,1,1,1,0,1,1,0,0,0,0,1,0,0,0,0,0,1,0,0,0,0,0,0,1,0,0
0,-0.5106471117320305,-0.016254941292628517,-0.3934219185469205,0.16709641235667347,3,1,0,0,1,0,0,0,0,0,1,0,0,0,1,0,0,0,0,0,1,0,0,0,1,0,0,0
0,0.060345819010170096,0.446113211153677,0.12085920066464068,0.34912750912991664,1,1,1,1,1,0,0,1,0,0,0,0,0,0,0,0,0,0,1,0,0,0,0,0,0,1,0,1
0,1.5286133552044,-1.3368316069126531,-0.2666714977272571,-1.3528401219724684,0,0,1,1,1,0,1,0,1,1,0,1,0,1,0,1,0,1,0,1,0,0,1,0,0,0,0,0
0,0.8760500057847422,1.362533542081427,1.5601360379811338,1.4259577575512483,5,1,0,1,1,0,0,1,0,0,1,0,1,0,0,0,1,0,1,0,1,1,0,1,0,1,0,0
1,1.1615464711558425,1.1113911283426063,1.665974624666262,1.1458360588368877,4,1,1,0,1,0,1,1,0,0,0,0,1,0,1,0,1,0,1,0,0,1,0,1,0,0,1,0
0,-1.2039956704904167,0.4012069517434245,-0.9096883384674564,0.3727573583110731,0,1,0,0,1,0,1,1,0,0,0,0,0,0,0,0,0,0,0,0,0,0,0,1,0,1,0,1
0,-0.7961435771031307,-1.511467060174747,-0.8912471007707563,-1.462235068990899,0,1,0,0,1,0,0,0,1,1,0,1,0,1,0,1,0,1,0,1,0,1,0,0,0,0,1,0
1,-0.6737879490869448,1.0398737522447967,-0.335804080193116,1.0173126873164642,2,0,0,0,1,0,1,1,0,0,0,0,0,0,0,0,0,0,1,0,1,0,0,1,0,1,0,1
0,-1.2039956704904167,-0.20585914769147345,-0.9360707790000561,-0.2880983412092427,2,0,1,1,1,0,0,0,0,0,0,0,1,0,0,0,0,0,1,0,0,0,0,1,1,0,0,0
0,-0.30672106503838736,-1.4881823330731347,-0.7738275932832751,-1.44004276272427,0,1,0,0,1,0,0,0,1,1,0,1,0,1,0,1,0,1,0,1,0,0,0,1,0,0,1,0
0,-0.10279501834474433,-0.012928551706684058,-0.1773109069266209,-0.06436884895524934,2,1,0,0,1,0,1,0,0,0,1,0,0,0,0,0,0,0,0,0,1,0,0,1,0,0,1,0
0,-0.46986190239330183,-1.2104288026467567,-0.7327980452977941,-1.1577408688747124,1,0,1,0,0,1,0,0,0,0,1,0,0,0,0,0,0,0,0,0,0,0,0,0,0,1,0,0
0,-1.285566089167874,-0.6515953522080562,-0.9904680184259679,-0.6494692672011209,0,1,0,0,1,0,0,0,0,0,0,0,0,0,0,0,0,0,0,0,0,0,0,0,0,1,0,1
0,-0.7145731584256735,-1.5131302549677197,-0.8828206022059963,-1.5118970061737864,0,0,0,0,1,0,0,0,1,1,0,1,0,1,0,1,0,1,0,1,0,0,0,0,0,0,0,1
1,-0.3882914837158446,0.8502695458459517,-0.07636939532363116,0.900591463813503,2,1,1,0,1,0,0,1,0,0,0,0,0,0,0,0,0,0,1,0,1,0,0,1,0,1,0,0
0,0.5089831217361848,1.339248814979815,1.076715315345749,1.3341292672342158,4,0,1,1,1,0,1,1,0,0,1,0,1,0,0,0,0,0,1,0,1,0,0,1,0,1,0,0
0,-0.347506274377116,0.6074431060719927,-0.11351657747822794,0.657115940556593,2,0,1,1,1,0,1,1,0,0,0,0,1,0,1,0,0,0,0,0,0,1,0,0,0,0,0,0
0,-0.877713995780588,0.8402903770881179,-0.574591637689262,0.8263044935321832,2,0,0,0,1,0,1,1,0,0,0,0,0,0,0,0,1,0,1,0,0,0,0,0,0,1,0,1
0,-1.285566089167874,-0.6599113261729178,-0.9905783129097998,-0.6577575911917602,0,1,0,0,1,0,0,0,0,0,0,0,0,0,0,0,0,0,0,0,0,0,0,0,0,0,1,1
0,0.9576204244621995,1.2743842180538942,1.52382709390366,1.249474562525696,4,0,1,0,1,0,1,1,0,0,0,0,0,0,1,0,1,0,1,0,1,0,1,0,0,0,0,0
0,-1.285566089167874,0.36295347150506085,-0.9770120913984713,0.3617062596568869,1,0,0,0,1,0,0,1,0,0,0,0,1,0,0,0,0,0,0,0,0,0,0,0,0,1,0,1
0,-1.285566089167874,-1.511467060174747,-1.0018724680541904,-1.5064819678332353,0,1,0,0,1,0,0,0,1,1,0,1,0,1,0,1,0,1,0,1,0,0,0,0,0,1,0,0
0,-1.0408548331355023,0.4793771070131235,-0.7796511420296014,0.32642168038245045,1,0,0,0,1,0,0,1,0,0,0,0,0,0,0,0,0,0,0,0,1,0,0,1,0,1,0,1
1,0.9168352151234709,0.7953841176778649,1.109538953734134,0.745259754583713,3,0,1,0,1,0,0,1,0,0,0,0,0,0,1,0,1,0,1,0,0,0,1,0,1,0,0,0
0,-1.2447808798291453,-1.1305954525840853,-0.9844018218152112,-1.1724625110104674,1,0,0,0,0,1,0,0,0,0,0,0,0,0,0,0,1,0,0,0,0,0,0,1,0,1,0,1
0,1.6101837738818572,0.6989188196854704,1.6854746894077484,0.6624573049061162,5,0,1,1,1,0,1,0,0,0,1,0,0,0,1,0,1,0,1,0,1,0,1,1,1,0,0,0
1,0.5089831217361848,-1.0208245962479119,-0.3060686873520255,-0.9750346335534368,1,0,0,0,0,1,0,0,0,0,0,0,0,0,0,0,0,0,0,0,1,1,0,0,0,1,0,0
0,0.590553540413642,-1.4881823330731347,-0.5488930229564204,-1.4133353139639646,0,0,0,0,1,0,0,0,1,1,0,1,0,1,0,1,0,1,0,1,0,0,1,0,0,0,1,0
1,0.5497683310749134,1.0099362459712946,0.9414060425807274,1.0373127734677894,3,0,0,0,1,0,0,1,0,0,0,0,1,0,0,0,0,0,1,0,1,1,0,0,1,0,0,1
0,-1.2447808798291453,-0.4852758729108239,-0.9695341253946661,-0.6138294740413712,1,1,0,0,1,0,0,0,0,0,0,0,1,0,0,0,0,0,0,0,0,0,0,1,0,0,1,0
0,-1.2447808798291453,0.5076514184936533,-0.9246222115783008,1.0736732904528123,2,0,1,0,1,0,0,1,0,0,1,0,0,0,0,0,1,0,0,0,0,0,0,1,0,1,0,0
0,-0.8369287864418593,-0.4536751718443497,-0.7404083646821978,-0.4602192027481876,1,0,1,0,1,0,0,0,0,0,0,0,1,0,0,0,0,0,0,0,0,0,0,1,0,1,0,0
1,1.4470429365269428,0.821995234365422,1.6929085376180213,0.8361884306974916,2,0,1,0,1,0,1,1,0,0,0,0,1,0,0,0,0,0,0,0,1,0,0,1,0,0,0,1
0,1.4878281458656715,1.0082730511783224,1.9329534522298508,1.0543218557442324,3,1,1,1,1,0,0,1,0,0,0,0,0,0,0,0,1,0,1,0,1,0,1,1,1,0,0,0
1,0.9576204244621995,0.9949674928345437,1.3120396260495724,0.9652738531180927,3,1,0,1,1,0,0,1,0,0,1,0,0,0,0,0,0,0,1,0,1,1,0,0,1,0,0,0
1,-1.1632104611516882,0.5109778080795977,-0.8764676399372766,0.3658504216522066,1,0,0,0,1,0,1,1,0,0,1,0,0,0,0,0,0,0,0,0,0,0,0,1,0,1,0,0
0,1.2839020991720282,0.37293264026289474,1.1154948558610587,0.3449224035758423,4,1,1,0,1,0,1,0,0,0,0,0,1,0,1,0,1,0,1,0,0,0,1,1,0,0,0,0
0,1.0799760524783852,1.5055682942770472,1.8342840069937991,1.471976426226709,5,1,1,0,1,0,1,1,0,0,1,0,1,0,1,0,0,0,1,0,1,1,0,1,0,1,0,1
0,1.2023316804945712,1.6851933319180579,2.1479615190118313,1.6768493847393444,6,1,1,1,1,0,1,1,0,0,1,0,1,0,1,0,1,0,1,0,1,0,1,0,0,0,0,0
0,1.2431168898332998,-1.3384948017056257,-0.3158187197227688,-1.3227442966375689,0,1,1,1,1,0,1,0,1,1,0,1,0,1,0,1,0,1,0,1,0,0,1,0,1,0,0,0
0,0.8352647964460137,-0.37550501657465046,0.2597861324993498,-0.35027640948619043,5,0,0,0,0,1,0,0,0,0,1,0,1,0,1,0,1,0,1,0,0,1,0,1,0,1,0,0
0,-1.1224252518129596,-1.511467060174747,-0.9724900175613619,-1.5807453507893645,0,1,1,1,1,0,0,0,1,1,0,1,0,1,0,1,0,1,0,1,0,0,0,0,0,0,1,0
1,0.6721239590910992,0.7754257801621972,0.8246041842027049,0.6629614642962497,3,1,1,0,1,0,1,1,0,0,1,0,1,0,1,0,0,0,0,0,0,0,0,1,0,1,0,0
0,1.2023316804945712,1.206193231542029,1.918240168086671,1.3984151717118647,3,0,1,1,1,0,1,1,0,0,1,0,0,0,0,0,0,0,1,0,1,0,1,1,0,0,0,0
0,0.9168352151234709,-0.2690605498244219,0.3625144147404171,-0.2754096706635727,3,0,1,0,1,0,0,0,0,0,1,0,1,0,0,0,1,0,0,0,0,0,1,0,0,0,1,0
1,1.5693985645431285,1.1479814137879978,2.152020356016847,1.1958852113795784,5,0,1,0,1,0,0,1,0,0,1,0,1,0,1,0,1,0,1,0,0,0,1,1,0,1,0,0
0,1.6101837738818572,-1.489845527866107,-0.4253411421678834,-1.5406252580502307,0,0,1,1,1,0,0,0,1,1,0,1,0,1,0,1,0,1,0,1,0,0,1,1,1,0,0,0
0,0.14191623768762732,-0.13933135597258053,-0.024619223509685706,-0.09346086616239359,5,1,1,1,0,1,0,0,0,0,1,0,0,0,1,0,1,0,1,0,1,1,0,0,1,0,0,0
0,-0.30672106503838736,-1.4615712163855774,-0.7920041242187784,-1.494679394470565,0,1,1,0,1,0,0,0,1,1,0,1,0,1,0,1,0,1,0,1,0,1,0,1,0,0,0,0
1,1.6101837738818572,1.661908604816445,2.659242628263164,1.6787900111360776,6,0,1,0,1,0,1,1,0,0,1,0,1,0,1,0,1,0,1,0,1,0,1,1,0,0,0,0
0,0.14191623768762732,-1.5181198393466364,-0.710540618460509,-1.5252688355453514,0,0,0,0,1,0,0,0,1,1,0,1,0,1,0,1,0,1,0,1,0,1,0,1,0,0,0,0
0,-1.285566089167874,-0.06947717466774314,-0.9827474045577321,-0.0692865878563623,2,1,0,0,1,0,0,0,0,0,0,0,0,0,0,0,0,0,1,0,1,0,0,1,0,0,1,0
0,1.6101837738818572,1.350891178530621,2.31779296521625,1.3224151026607789,4,0,1,0,1,0,1,1,0,0,1,0,0,0,1,0,0,0,1,0,1,0,1,1,0,1,0,0
0,1.0799760524783852,-1.4981615018309686,-0.4862236972431132,-1.4836118128217763,0,1,1,1,1,0,0,0,1,1,0,1,0,1,0,1,0,1,0,1,0,0,1,0,0,0,1,0
1,-1.0408548331355023,0.8186688447794775,-0.711908270060025,1.05366290824684,2,1,1,0,1,0,0,1,0,0,0,0,0,0,0,0,0,0,1,0,1,0,0,1,0,1,0,1
0,-1.285566089167874,0.3064048485440018,-0.9777620938885286,0.30534565652053886,4,0,0,0,1,0,0,0,0,0,0,0,0,0,1,0,1,0,1,0,1,1,0,0,1,0,0,0
0,-0.10279501834474433,1.417418970249514,0.42006607640392235,1.432005164314789,5,0,1,1,1,0,1,1,0,0,0,0,1,0,1,0,1,0,1,0,1,0,0,1,0,1,0,0
0,1.2839020991720282,-1.5081406705888027,-0.4633265623996028,-1.508890761993015,0,1,0,0,1,0,0,0,1,1,0,1,0,1,0,1,0,1,0,1,0,0,1,0,0,0,1,0
0,1.2431168898332998,0.13010620048893565,0.8033835255134403,0.012254732927737993,4,1,0,0,1,0,1,0,0,0,1,0,1,0,1,0,1,0,0,0,0,1,0,0,0,0,0,0
1,1.6101837738818572,0.6506861706892729,1.5924302628471256,0.565345775482458,5,1,1,0,1,0,1,0,0,0,1,0,1,0,1,0,0,0,1,0,1,0,1,0,1,0,0,0
0,-1.0000696237967737,0.3363423548175038,-0.7312098047306141,0.4717337606326253,1,1,1,0,1,0,0,1,0,0,1,0,0,0,0,0,0,0,0,0,0,0,0,0,0,1,0,1
0,1.2023316804945712,0.6523493654822452,1.280671874847769,0.6256492739652492,5,0,0,0,1,0,1,0,0,0,0,0,1,0,1,0,1,0,1,0,1,0,1,0,0,0,0,0
0,1.4062577271882142,1.5404953849294658,2.3119694164699234,1.5751168918864964,5,1,1,1,1,0,1,1,0,0,0,0,1,0,1,0,1,0,1,0,1,0,1,1,0,0,0,0
0,-1.081640042474231,-0.6698904949307517,-0.8909162173192605,-0.6541659841291497,0,1,0,0,1,0,0,0,0,0,0,0,0,0,0,0,0,0,0,0,0,0,0,0,0,1,0,1
0,1.5286133552044,0.5226201716304039,1.3984663835802789,0.4347382344772638,4,0,1,1,1,0,1,0,0,0,1,0,0,0,0,0,1,0,1,0,1,0,1,1,0,0,0,0
1,-0.5106471117320305,0.5259465612163488,-0.298303955690257,0.5244889428330453,1,0,0,0,1,0,0,1,0,0,0,0,0,0,0,0,0,0,1,0,0,0,0,0,0,0,0,0
0,-1.1224252518129596,0.3563006923331715,-0.8328792599268947,0.5175267506809078,0,0,0,0,1,0,1,1,0,0,0,0,0,0,0,0,0,0,0,0,0,0,0,0,0,1,0,0
0,-0.347506274377116,-0.2424494331368646,-0.40703225785178165,-0.26192105127213966,5,0,1,1,0,1,0,0,0,0,1,0,1,0,1,0,0,0,1,0,1,1,0,0,0,1,0,0
0,-0.877713995780588,-0.6931752220323644,-0.7970556115782812,-0.6934727327514246,0,0,1,0,1,0,0,0,0,0,0,0,0,0,0,0,0,0,0,0,0,0,0,1,0,1,0,1
0,1.6101837738818572,1.5205370474137978,2.5022935777703155,1.514980496709968,5,1,1,0,1,0,1,1,0,0,0,0,1,0,1,0,1,0,1,0,1,0,1,1,1,0,0,0
0,1.3654725178494855,-0.22249109562119668,0.6707874970506842,-0.2370623583335477,3,0,1,1,1,0,0,0,0,0,1,0,1,0,0,0,1,0,0,0,0,0,1,1,1,0,0,0
0,0.5089831217361848,0.5359257299741825,0.5484929733778311,0.45203057265709945,5,0,1,1,1,0,0,0,0,0,1,0,0,0,1,0,1,0,1,0,1,0,1,1,0,0,1,0
0,1.4878281458656715,-1.5031510862098856,-0.3941719210369776,-1.480127499955753,0,0,1,1,1,0,0,0,1,1,0,1,0,1,0,1,0,1,0,1,0,0,1,0,0,0,0,0
1,-0.7145731584256735,0.6889396509276361,-0.41682640801605775,0.8226475845229799,1,1,1,0,1,0,1,1,0,0,0,0,0,0,0,0,0,0,0,0,1,0,0,1,0,0,0,1
0,-0.18436543702220157,-0.17758483621094415,-0.284075967275937,-0.20184056939237388,2,0,0,0,1,0,0,0,0,0,0,0,0,0,1,0,0,0,1,0,0,0,0,1,0,0,0,0
0,1.5286133552044,1.6851933319180579,2.5752644082735263,1.6980682580562103,6,0,0,0,1,0,1,1,0,0,1,0,1,0,1,0,1,0,1,0,1,1,0,0,1,0,0,1
0,0.14191623768762732,0.35463749754019924,0.17196966447236076,0.316903263863042,5,0,0,0,1,0,0,0,0,0,1,0,1,0,1,0,1,0,0,0,1,1,0,1,0,0,1,0
1,-0.6737879490869448,0.7222035467870825,-0.44530444374146416,0.5030221836972889,1,1,0,0,1,0,1,1,0,0,0,0,0,0,0,0,0,0,1,0,0,0,0,1,0,1,0,1
0,-0.5922175304094877,0.6756340925838579,-0.32490698519052047,0.7107367921515911,1,0,0,0,1,0,1,1,0,0,0,0,0,0,0,0,0,0,1,0,0,0,0,1,0,1,0,1
0,0.060345819010170096,1.0897695960339664,0.40464690756421745,0.9763586158333049,2,0,1,0,1,0,1,1,0,0,0,0,0,0,0,0,0,0,1,0,1,0,0,1,0,1,0,1
0,0.38662749371999894,-0.6582481313799454,-0.1064577305129838,-0.5338668816364405,3,1,1,1,0,1,0,0,0,0,0,0,1,0,1,0,0,0,0,0,1,1,0,1,1,0,0,0
0,0.6313387497523706,0.20162357658674573,0.5906695839951641,0.35535187793073014,3,1,0,0,1,0,1,0,0,0,1,0,0,0,0,0,1,0,0,0,1,1,0,1,0,0,0,0
0,0.590553540413642,1.485609956761379,1.250385009587519,1.463489038991289,5,1,1,0,1,0,1,1,0,0,0,0,1,0,1,0,1,0,1,0,1,0,0,1,0,1,0,1
0,0.2642718657038131,0.8203320395724497,0.5223972985031945,0.8022625579285659,3,0,1,1,1,0,1,1,0,0,0,0,1,0,1,0,1,0,0,0,0,1,0,1,0,1,0,1
0,-0.877713995780588,-1.4632344111785498,-0.9212030825795107,-1.5415943221935806,0,0,1,1,1,0,0,0,1,1,0,1,0,1,0,1,0,1,0,1,0,0,1,0,1,0,0,0
0,-1.0408548331355023,-1.4948351122450239,-0.9453796334354716,-1.4527262665225171,0,1,0,0,1,0,0,0,1,1,0,1,0,1,0,1,0,1,0,1,0,0,0,1,0,0,1,0
0,-1.2039956704904167,-1.340157996498598,-0.9723576641807637,-1.197051205516031,0,0,0,0,1,0,1,0,1,1,0,1,0,1,0,1,0,1,0,1,0,0,0,0,0,0,1,0
0,-1.0000696237967737,0.060252019184098254,-0.7550113543415464,0.2481562209851271,3,1,0,0,1,0,0,0,0,0,1,0,0,0,1,0,0,0,0,0,1,0,0,1,0,1,0,0
0,-1.285566089167874,-1.511467060174747,-1.0018724680541904,-1.5064819678332353,0,1,0,1,1,0,0,0,1,1,0,1,0,1,0,1,0,1,0,1,0,0,0,1,0,0,1,1
0,-0.02122459966728712,0.9949674928345437,0.37111738447930825,1.0930990498058735,4,1,1,1,1,0,0,1,0,0,1,0,1,0,1,0,0,0,0,0,1,1,0,0,0,0,1,0
0,1.1207612618171139,0.031977707703568475,0.7226259044516951,0.019287967856937514,4,1,1,1,1,0,0,0,0,0,1,0,1,0,1,0,1,0,0,0,0,1,0,1,0,0,0,0
0,-0.9184992051193165,-1.4948351122450239,-0.9276222215385296,-1.528860442607962,0,0,1,0,1,0,0,0,1,1,0,1,0,1,0,1,0,1,0,1,0,0,0,1,0,0,0,0
0,1.5693985645431285,-1.3384948017056257,-0.25597293279555916,-1.352762742046278,0,0,1,0,1,0,1,0,1,1,0,1,0,1,0,1,0,1,0,1,0,0,1,1,0,0,0,0
0,-1.1632104611516882,-1.4815295539012454,-0.9767694435340413,-1.5185000376196627,0,0,1,1,1,0,0,0,1,1,0,1,0,1,0,1,0,1,0,1,0,0,0,0,0,0,1,1
1,-1.285566089167874,0.14507495362568665,-0.9799018068748683,0.1445521711021345,0,0,0,0,1,0,0,1,0,0,0,0,0,0,0,0,0,0,0,0,0,0,0,1,0,1,0,1
0,0.4274127030587276,-0.4536751718443497,-0.06121493324512289,-0.49241516516453965,4,0,1,1,0,1,0,0,0,0,1,0,1,0,0,0,1,0,1,0,0,1,0,1,0,0,0,0
0,1.0799760524783852,1.1513078033739421,1.6194524113859503,1.1983493504814986,3,1,1,0,1,0,1,1,0,0,0,0,0,0,1,0,0,0,1,0,1,1,0,1,0,0,0,1
0,-0.3882914837158446,-0.3538834842660103,-0.47153247199669907,-0.3905131967805347,2,0,1,0,1,0,0,0,0,0,0,0,0,0,1,0,1,0,0,0,0,0,0,0,0,1,0,0
0,1.6101837738818572,-1.5131302549677197,-0.3502526575750999,-1.4622545500942956,0,0,1,0,1,0,0,0,1,1,0,1,0,1,0,1,0,1,0,1,0,0,1,0,0,0,0,0
0,-0.4290766930545732,-0.2873556925471174,-0.4403632508657933,-0.20400952690420984,2,1,1,0,1,0,0,0,0,0,1,0,0,0,0,0,1,0,0,0,0,1,0,1,1,0,0,0
0,-1.285566089167874,-1.3218628537759025,-0.9993577538228221,-1.317508180846657,0,0,0,0,0,1,0,0,0,0,0,0,0,0,0,0,0,0,0,0,0,0,0,1,0,0,1,0
0,1.4878281458656715,-1.361779528807238,-0.2546714578863424,-1.3281989175882065,0,1,0,0,1,0,1,0,1,1,0,1,0,1,0,1,0,1,0,1,0,0,1,0,0,0,0,0
0,0.7129091684298279,-0.9809079212165762,-0.23887728780160875,-0.9916775881266405,2,1,0,0,0,1,0,0,0,0,1,0,0,0,0,0,1,0,0,0,0,1,0,1,0,0,1,0
1,-1.285566089167874,-1.32019965898293,-0.9993356949260558,-1.315850516048529,0,0,0,0,0,1,0,0,0,0,0,0,0,0,0,0,0,0,0,0,0,0,0,1,0,1,0,1
0,-1.2447808798291453,-0.6615745209658901,-0.9679017670339535,-0.5524958765106396,0,1,0,0,1,0,0,0,0,0,0,0,0,0,0,0,0,0,0,0,0,0,0,1,0,0,1,1
0,-0.7145731584256735,0.34798471836830985,-0.5187385110767686,0.3120868266995922,1,0,1,0,1,0,0,1,0,0,0,0,1,0,0,0,0,0,0,0,0,0,0,0,0,0,0,0
0,-0.06200980900601573,-1.4798663591082732,-0.7417318984881811,-1.499904781698728,0,1,0,0,1,0,0,0,1,1,0,1,0,1,0,1,0,1,0,1,0,0,1,0,0,0,0,0
0,1.3654725178494855,1.3342592306008978,2.1365791282803754,1.4318795836482643,4,1,1,0,1,0,1,1,0,0,0,0,1,0,1,0,0,0,1,0,1,0,0,1,1,0,0,1
0,-1.2039956704904167,-0.3389147311292593,-0.9356957777550275,-0.27870490735318476,1,1,0,1,1,0,0,0,0,0,0,0,0,0,0,0,0,0,1,0,0,0,0,1,1,0,0,1
0,-1.0000696237967737,-1.4931719174520517,-0.9479825832539054,-1.5645002357677111,0,0,0,0,1,0,0,0,1,1,0,1,0,1,0,1,0,1,0,1,0,0,1,0,0,0,1,0
0,1.2839020991720282,0.2714777578915831,1.0580755475781514,0.2775020681144846,4,1,1,1,1,0,0,0,0,0,1,0,0,0,1,0,0,0,1,0,1,1,0,1,1,0,0,0
0,-0.18436543702220157,-1.4765399695223285,-0.762048142410024,-1.4846363138864787,0,0,1,0,1,0,0,0,1,1,0,1,0,1,0,1,0,1,0,1,0,0,0,0,0,0,1,0
0,0.9984056338009281,1.1928876731982503,1.6299965640402836,1.3297825017635698,3,0,1,0,1,0,1,1,0,0,0,0,0,0,1,0,0,0,1,0,1,1,0,1,1,0,0,0
0,-0.7553583677644021,0.7438250790957229,-0.45518682949280587,0.8291677327289493,2,0,1,1,1,0,1,1,0,0,0,0,0,0,1,0,0,0,0,0,1,0,0,1,0,1,0,1
0,-0.551432321070759,-1.4948351122450239,-0.8456734200513996,-1.499589572093651,0,1,0,0,1,0,0,0,1,1,0,1,0,1,0,1,0,1,0,1,0,0,1,1,0,0,1,0
0,-0.9184992051193165,0.5009986393217639,-0.6322756527333656,0.6905869556054587,1,1,1,0,1,0,0,1,0,0,0,0,0,0,0,0,0,0,1,0,0,0,0,1,0,1,0,1
0,0.7536943777685564,-0.5068974052194641,0.11602830227280167,-0.49147105967759863,3,0,1,0,0,1,0,0,0,0,0,0,1,0,0,0,0,0,1,0,1,0,0,1,0,1,0,0
0,1.4062577271882142,0.02532492853167956,0.8966926588352598,-0.01225797054763421,3,0,1,0,1,0,1,0,0,0,1,0,1,0,1,0,0,0,0,0,0,0,1,0,0,0,1,0
0,-0.877713995780588,-1.4782031643153006,-0.8998059527161149,-1.3954184263586675,0,1,1,1,1,0,0,0,1,1,0,1,0,1,0,1,0,1,0,1,0,0,0,1,0,1,0,0
0,1.6101837738818572,-0.13101538200771892,0.9964871078063974,-0.05664689377063691,5,1,1,1,0,1,0,0,0,0,1,0,0,0,1,0,1,0,1,0,1,0,1,0,0,0,0,0
0,1.3654725178494855,-1.4815295539012454,-0.4106719758182356,-1.4684059097429043,0,1,1,1,1,0,0,0,1,1,0,1,0,1,0,1,0,1,0,1,0,1,0,1,0,1,0,0
0,-0.5922175304094877,0.7804153645411139,-0.28723038951353047,0.8680307629961699,2,0,0,0,1,0,1,1,0,0,0,0,0,0,0,0,1,0,1,0,0,0,0,1,0,1,0,1
0,-0.9592844144580451,-1.509803865381775,-0.9315487051629466,-1.4924839095379334,0,0,0,0,1,0,0,0,1,1,0,1,0,1,0,1,0,1,0,1,0,0,0,1,0,1,0,0
0,-0.9592844144580451,0.3429951339893932,-0.7308127445888192,0.1835993863469246,0,0,0,0,1,0,1,1,0,0,0,0,0,0,0,0,0,0,0,0,0,0,0,1,1,0,0,0
0,0.6313387497523706,1.5488113588943275,1.3344514651642223,1.5197923292489783,5,1,1,0,1,0,1,1,0,0,1,0,1,0,1,0,0,0,1,0,1,0,0,1,0,0,0,0
0,-0.9184992051193165,0.17501245989918865,-0.6859670074627532,0.28711134374113223,0,1,0,0,1,0,0,1,0,0,0,0,0,0,0,0,0,0,0,0,0,0,0,0,0,0,1,0
0,-0.9592844144580451,0.9933042980415715,-0.6178491342481481,1.1268106564816893,2,0,0,0,1,0,1,1,0,0,0,0,0,0,0,0,0,0,1,0,1,0,0,1,0,1,0,1
1,-0.7961435771031307,1.0032834667994053,-0.4413338423235144,1.138513486594968,2,0,0,0,1,0,1,1,0,0,0,0,0,0,0,0,0,0,1,0,1,0,0,1,0,1,0,1
0,-1.1632104611516882,0.4511027955325942,-0.8648426013413905,0.5842477588055551,1,1,0,0,1,0,1,1,0,0,0,0,1,0,0,0,0,0,0,0,0,0,0,0,0,1,0,1
0,-1.1632104611516882,0.17667565469216087,-0.9054750891850765,-0.17910688073233444,0,1,0,0,1,0,0,1,0,0,0,0,0,0,0,0,0,0,0,0,0,0,0,1,0,1,0,1
0,1.6101837738818572,0.9018285844280937,1.8459090455896856,0.8299044726392285,6,0,1,0,1,0,1,0,0,0,1,0,1,0,1,0,1,0,1,0,1,0,1,0,0,0,0,0
0,0.7536943777685564,0.6856132613416916,0.9404133922262399,0.7232397018054443,6,0,1,1,1,0,0,0,0,0,1,0,1,0,1,0,1,0,1,0,1,0,1,0,1,0,0,0
0,1.0799760524783852,-0.7929669096107037,0.07162374308206333,-0.7730917267225221,2,1,1,0,0,1,0,0,0,0,0,0,1,0,0,0,0,0,0,0,1,0,0,1,0,0,0,1
0,-0.9184992051193165,0.6889396509276361,-0.6514007162298238,0.5468674176077715,1,1,1,0,1,0,1,1,0,0,0,0,0,0,0,0,0,0,1,0,0,0,0,1,0,1,0,1
1,1.1615464711558425,0.5741792102125463,1.153458217196012,0.5144559945794582,1,1,1,0,1,0,1,1,0,0,0,0,1,0,0,0,0,0,0,0,0,0,0,1,0,1,0,0
0,0.8760500057847422,0.6490229758963008,0.9678105420100935,0.6016685879340287,3,1,0,0,1,0,0,1,0,0,1,0,0,0,1,0,1,0,0,0,0,1,0,0,0,1,0,0
0,0.01956060967144149,-0.13267857680069137,-0.11316363512996575,-0.1080156654126229,2,0,0,0,1,0,1,0,0,0,1,0,1,0,0,0,0,0,0,0,0,0,0,1,0,0,1,0
0,-0.22515064636093016,-1.48485594348719,-0.7730114141029187,-1.4904578747846657,0,0,0,0,1,0,0,0,1,1,0,1,0,1,0,1,0,1,0,1,0,0,1,1,0,0,0,0
1,-1.285566089167874,0.476050717427179,-0.9755120864183572,0.474427465929583,1,0,0,0,1,0,0,1,0,0,0,0,0,0,0,0,0,0,1,0,0,0,0,1,0,1,0,1
0,-0.3882914837158446,1.011599440764267,-0.04299428451608664,1.009636978577307,3,1,0,0,1,0,0,1,0,0,0,0,1,0,0,0,0,0,1,0,1,0,0,0,0,0,1,0
0,-1.285566089167874,-1.4981615018309686,-1.0016959968800592,-1.4932206494482123,0,1,0,1,1,0,0,0,1,1,0,1,0,1,0,1,0,1,0,1,0,0,0,0,0,0,1,0
0,0.5089831217361848,0.647359781103328,0.6916331544949205,0.6910658365471403,6,1,1,1,1,0,0,0,0,0,1,0,1,0,1,0,1,0,1,0,1,0,1,1,0,0,1,0
0,0.2642718657038131,-1.4981615018309686,-0.6333344797781523,-1.424661333566667,0,0,1,1,1,0,0,0,1,1,0,1,0,1,0,1,0,1,0,1,0,0,1,1,0,0,0,0
0,-1.1224252518129596,0.17002287552027148,-0.8571881641634539,0.15217742917352242,3,1,0,0,1,0,0,0,0,0,0,0,0,0,1,0,0,0,1,0,1,1,0,1,0,0,1,1
0,1.6101837738818572,0.5791687945914629,1.5550624917248645,0.5263446064820602,5,1,1,1,1,0,1,0,0,0,1,0,1,0,1,0,1,0,1,0,0,0,1,0,0,0,0,0
0,1.0391908431396566,0.06357840877004271,0.7411994955289934,0.11820101689741212,2,0,1,1,1,0,1,0,0,0,0,0,1,0,0,0,0,0,1,0,0,0,0,1,0,0,0,0
0,1.5286133552044,-0.6748800793096686,0.3387349240262512,-0.702917116477901,4,0,0,0,0,1,0,0,0,0,1,0,1,0,1,0,1,0,0,0,0,0,1,1,0,0,0,0
0,1.1615464711558425,1.1163807127215235,1.7006732692797895,1.1885820707623818,4,1,1,1,1,0,0,1,0,0,0,0,1,0,0,0,1,0,1,0,1,1,0,1,0,0,0,0
0,-1.2447808798291453,0.1933076026218841,-0.9534531896519696,-0.009610655123758654,0,1,0,0,1,0,0,1,0,0,0,0,0,0,0,0,0,0,0,0,0,0,0,0,0,0,1,0
0,0.5497683310749134,-1.3285156329477916,-0.4960840240976884,-1.3110216664192,0,0,1,1,1,0,1,0,1,1,0,1,0,1,0,1,0,1,0,1,0,1,0,0,0,0,1,0
0,-1.285566089167874,-0.49691823646163,-0.988416541026694,-0.49530644097522764,0,0,0,0,1,0,1,0,0,0,0,0,0,0,0,0,0,0,0,0,0,0,0,1,0,0,0,1
0,-0.4290766930545732,0.14507495362568665,-0.3248628673969877,0.1905146950502259,0,0,1,0,1,0,0,1,0,0,0,0,0,0,0,0,0,0,0,0,0,0,0,1,0,1,0,1
0,0.6313387497523706,1.2510994909522815,1.153193510434815,1.2360208366194614,5,0,0,0,1,0,0,1,0,0,1,0,0,0,1,0,1,0,1,0,1,0,1,1,1,0,0,0
0,1.2839020991720282,0.7205403519941104,1.4745034007340172,0.7664613815372684,5,1,0,0,1,0,1,0,0,0,0,0,1,0,1,0,1,0,1,0,1,0,1,0,1,0,0,0
0,1.6101837738818572,-1.350137165256432,-0.2854877366689858,-1.394658663326192,0,1,1,1,1,0,1,0,1,1,0,1,0,1,0,1,0,1,0,1,0,0,1,0,0,0,0,0
0,-0.8369287864418593,-0.21750151124227976,-0.683739058889348,-0.10534079721564367,2,0,1,1,1,0,0,0,0,0,0,0,0,0,1,0,0,0,1,0,0,0,0,1,1,0,0,0
1,0.060345819010170096,0.9766723501118483,0.409058686917495,0.9861095852340571,3,0,1,0,1,0,1,1,0,0,0,0,1,0,1,0,0,0,0,0,1,0,0,1,0,1,0,1
0,1.6101837738818572,0.1284430056959634,1.1461126045728045,0.09951894408632704,4,0,1,1,1,0,0,0,0,0,1,0,1,0,1,0,0,0,0,0,1,0,1,0,1,0,0,0
0,-0.14358022768347295,0.6955924300995255,0.0661310777872329,0.6384219592340277,2,1,1,0,1,0,1,1,0,0,0,0,1,0,1,0,0,0,0,0,0,0,0,1,0,1,0,0
0,0.01956060967144149,-1.489845527866107,-0.7366804111286783,-1.527880913409068,0,1,1,1,1,0,0,0,1,1,0,1,0,1,0,1,0,1,0,1,0,1,0,0,1,0,0,0
0,-1.285566089167874,-1.4815295539012454,-1.0014754079123953,-1.4766440014669335,0,0,0,0,1,0,0,0,1,1,0,1,0,1,0,1,0,1,0,1,0,0,0,0,0,0,1,0
0,1.2023316804945712,1.5271898265856871,2.007622817784073,1.5067515872282218,5,0,1,1,1,0,1,1,0,0,0,0,1,0,1,0,1,0,1,0,1,1,0,1,0,1,0,0
0,0.34584228438127035,0.2698145630986109,0.31360984060933556,0.27550769015423676,3,1,1,0,1,0,1,0,0,0,0,0,0,0,1,0,0,0,1,0,1,1,0,1,0,1,0,1
0,1.2839020991720282,1.1696029460966375,1.7487616642305144,1.08848866958608,3,0,0,0,1,0,1,1,0,0,0,0,0,0,1,0,0,0,1,0,1,1,0,1,1,0,0,1
0,-1.1632104611516882,0.5974639373141584,-0.8694529107655654,0.49763477310337345,2,0,0,0,1,0,0,1,0,0,0,0,0,0,1,0,0,0,0,0,1,0,0,1,1,0,0,0
0,-0.347506274377116,0.647359781103328,-0.1554284813343644,0.5258841440381359,2,0,0,0,1,0,1,1,0,0,1,0,0,0,0,0,1,0,0,0,0,0,0,1,0,1,0,0
0,-0.7553583677644021,-1.5081406705888027,-0.880526476942292,-1.4539103128068942,0,0,1,1,1,0,0,0,1,1,0,1,0,1,0,1,0,1,0,1,0,1,0,0,0,0,1,0
0,-1.2039956704904167,-1.4948351122450239,-0.9847327052667071,-1.5070345227659445,0,1,0,1,1,0,0,0,1,1,0,1,0,1,0,1,0,1,0,1,0,0,0,0,0,0,1,0
1,-1.1632104611516882,1.161286972131776,-0.8150777302364199,1.5191707049496803,4,0,0,0,1,0,0,1,0,0,0,0,1,0,1,0,0,0,1,0,1,0,0,1,1,0,0,1
0,-0.5922175304094877,-0.9942134795603548,-0.766481980660068,-1.132770648344183,1,0,0,1,0,1,0,0,0,0,0,0,0,0,0,0,0,0,0,0,1,0,0,1,0,1,0,1
0,-1.0000696237967737,0.045283266047347254,-0.7693716961364647,0.11326374803747094,2,1,0,0,1,0,0,0,0,0,0,0,0,0,0,0,0,0,1,0,1,0,0,1,0,1,0,0
0,0.1011310283488987,-1.3834010611158785,-0.6587904466465636,-1.396270939683419,0,0,0,0,1,0,1,0,1,1,0,1,0,1,0,1,0,1,0,1,0,0,1,0,0,0,0,0
0,-1.285566089167874,0.36960625067695024,-0.976923855811406,0.3683369188493985,0,0,0,0,1,0,1,1,0,0,0,0,0,0,0,0,0,0,0,0,0,0,0,0,0,1,0,1
0,1.3654725178494855,-1.3168732693969856,-0.272009750744723,-1.3105258957878758,0,1,0,1,1,0,1,0,1,1,0,1,0,1,0,1,0,1,0,1,0,0,1,1,1,0,0,0
0,-1.0000696237967737,-0.6765432741026411,-0.8589308170079984,-0.7280011370124292,3,1,0,1,0,1,0,0,0,0,1,0,0,0,0,0,1,0,0,0,1,0,1,1,0,0,1,0
0,1.5693985645431285,1.3043217243273957,2.2596677722368184,1.3098204820114665,4,0,1,0,1,0,1,1,0,0,1,0,0,0,1,0,0,0,1,0,1,1,0,1,1,0,0,0
0,0.4274127030587276,0.9201237271507892,0.7714643018924772,0.9627832255268853,2,0,1,1,1,0,1,1,0,0,0,0,0,0,1,0,0,0,0,0,1,0,0,1,0,0,0,0
1,-1.2447808798291453,0.9633667917680695,-0.9350781286455686,0.6808067332965041,2,0,0,0,1,0,1,1,0,0,0,0,0,0,0,0,0,0,1,0,1,0,0,1,0,1,0,1
1,-0.14358022768347295,1.2161724002998628,0.29040388121109584,1.2195763731156195,4,1,0,0,1,0,0,1,0,0,0,0,1,0,1,0,0,0,1,0,1,0,0,1,0,0,0,0
0,-0.7145731584256735,0.6456965863103559,-0.4332161683134837,0.7405379215223791,2,0,1,0,1,0,0,1,0,0,0,0,0,0,1,0,0,0,1,0,0,0,0,1,0,1,0,1
0,1.324687308510757,0.986651518869682,1.6713569954772602,0.9491571615780525,4,1,1,1,1,0,1,1,0,0,1,0,1,0,1,0,1,0,0,0,0,0,1,0,1,0,0,0
0,0.1011310283488987,1.0182522199361563,0.49758103964100836,1.0865320331011468,3,1,0,0,1,0,1,1,0,0,0,0,0,0,1,0,1,0,1,0,0,0,0,0,0,1,0,0
0,1.2839020991720282,1.1779189200614992,1.9029974704210966,1.2695885487815513,4,1,0,0,1,0,0,1,0,0,1,0,1,0,0,0,0,0,1,0,1,1,0,1,1,0,0,0
0,1.0391908431396566,-0.31230361444170224,0.38671302449314426,-0.34108645389422687,4,0,1,1,0,1,0,0,0,0,0,0,0,0,1,0,1,0,1,0,1,0,1,1,1,0,0,0
1,-0.5922175304094877,-0.5002446260475747,-0.6285035813863133,-0.5567321309947443,1,0,0,0,1,0,0,0,0,0,0,0,1,0,0,0,0,0,0,0,0,0,0,1,1,0,0,0
0,1.4062577271882142,0.8203320395724497,1.8012177207409845,1.0022576271722732,2,1,1,1,1,0,1,1,0,0,0,0,1,0,0,0,0,0,0,0,1,0,0,1,0,0,0,0
0,1.2431168898332998,-1.5214462289325812,-0.49116489011878406,-1.5318994947378628,0,1,1,1,1,0,0,0,1,1,0,1,0,1,0,1,0,1,0,1,0,0,1,1,0,0,1,0
0,1.1207612618171139,1.161286972131776,1.6303274474917793,1.1561421141596744,3,0,1,0,1,0,1,1,0,0,0,0,1,0,0,0,0,0,1,0,1,0,0,1,0,1,0,0
1,-0.9592844144580451,0.6490229758963008,-0.6872905412687365,0.5469963470920701,1,1,0,0,1,0,1,1,0,0,0,0,0,0,0,0,0,0,0,0,1,0,0,1,1,0,0,1
0,1.5286133552044,1.6020335922694415,2.4611978530945353,1.5756141913259347,6,0,1,1,1,0,1,1,0,0,1,0,1,0,1,0,1,0,1,0,1,0,1,1,1,0,0,0
0,-0.7145731584256735,1.2045300367490563,-0.346899705266609,1.172967411860672,3,1,1,0,1,0,1,1,0,0,0,0,0,0,1,0,0,0,1,0,1,0,0,1,0,1,0,1
0,0.6313387497523706,-1.4948351122450239,-0.5972020068748093,-1.504340817468987,0,0,0,1,1,0,0,0,1,1,0,1,0,1,0,1,0,1,0,1,0,1,0,0,0,0,1,0
0,-0.8369287864418593,0.3080680433369745,-0.6833640576443194,-0.10299243875162918,4,1,1,0,1,0,0,0,0,0,0,0,0,0,1,0,1,0,1,0,1,0,0,1,0,1,0,0
1,1.5693985645431285,0.9018285844280937,1.8947915608240002,0.923631278830716,4,1,1,0,1,0,1,1,0,0,1,0,1,0,1,0,1,0,0,0,0,1,0,1,0,1,0,0
1,0.4681979123974562,0.2980888745791402,0.3670806063710593,0.20136486463797207,1,1,0,0,1,0,0,1,0,0,0,0,0,0,1,0,0,0,0,0,0,0,0,0,0,1,0,0
0,-1.285566089167874,-0.48028628853190675,-0.9881959520590301,-0.47872979299394885,0,1,0,0,1,0,1,0,0,0,0,0,0,0,0,0,0,0,0,0,0,0,0,1,0,1,0,1
0,0.5089831217361848,-1.3451475808775148,-0.5303414907758884,-1.3495563669437958,0,1,1,1,1,0,1,0,1,1,0,1,0,1,0,1,0,1,0,1,0,0,1,0,0,0,1,0
0,-0.3882914837158446,-1.3335052173267088,-0.7389745363923826,-1.2643187625415102,0,0,0,0,1,0,1,0,1,1,0,1,0,1,0,1,0,1,0,1,0,1,0,0,1,0,0,0
0,0.4274127030587276,-0.0012861881558779858,0.2725802926238546,0.09092864239990452,2,0,1,0,1,0,1,0,0,0,0,0,0,0,0,0,1,0,1,0,0,1,0,1,0,0,0,0
0,0.1011310283488987,-1.4682239955574667,-0.684025824547311,-1.450452897656513,0,1,0,0,1,0,0,0,1,1,0,1,0,1,0,1,0,1,0,1,0,0,0,0,0,0,0,0
0,-0.9592844144580451,0.1350957848678528,-0.7484598620019294,0.036251404291112954,4,1,1,0,1,0,0,0,0,0,1,0,1,0,0,0,1,0,1,0,0,0,0,1,0,0,1,0
0,-0.8369287864418593,1.1662765565106932,-0.5107090726538035,0.9782194258272814,3,1,0,0,1,0,1,1,0,0,0,0,0,0,0,0,1,0,1,0,1,0,0,1,0,0,1,1
1,1.324687308510757,1.4806203723824622,2.1781380897882494,1.535052408842513,5,0,1,0,1,0,1,1,0,0,1,0,1,0,1,0,0,0,1,0,1,0,0,1,1,0,0,0
0,-1.2447808798291453,0.881870246912426,-0.9250413306168622,1.057925474870597,2,0,0,0,1,0,1,1,0,0,0,0,0,0,1,0,0,0,1,0,0,0,0,1,0,1,0,1
0,-0.22515064636093016,-0.5285189375281042,-0.44073825211082196,-0.5656651024068778,0,1,0,0,1,0,1,0,0,0,0,0,0,0,0,0,0,0,0,0,0,0,0,0,0,0,1,0
0,0.30505707504254176,-0.48693906770379614,-0.11770776786384159,-0.4741297731791441,1,0,0,0,1,0,0,0,0,0,0,0,0,0,1,0,0,0,0,0,0,1,0,1,0,0,1,0
1,-1.1224252518129596,0.35463749754019924,-0.8561955138089664,0.16709641235667347,1,0,0,0,1,0,0,1,0,0,0,0,0,0,1,0,0,0,0,0,0,0,0,1,1,0,0,1
0,-1.0000696237967737,-1.4964983070379965,-0.9425340357526076,-1.513319835125513,0,1,1,1,1,0,0,0,1,1,0,1,0,1,0,1,0,1,0,1,0,1,0,0,1,0,0,0
1,1.0391908431396566,1.0947591804128831,1.3978487344708201,0.9689831843227701,3,0,1,0,1,0,1,1,0,0,0,0,1,0,0,0,0,0,1,0,1,1,0,1,0,0,0,0
0,0.7944795871072851,1.1779189200614992,1.3032822440333163,1.1923557143649293,4,0,1,1,1,0,0,1,0,0,1,0,0,0,1,0,0,0,1,0,1,1,0,0,0,1,0,0
0,-1.2039956704904167,-0.3023244456838684,-0.9422693289914109,-0.4433662773005539,2,1,1,0,1,0,0,0,0,0,0,0,0,0,1,0,1,0,0,0,0,0,0,1,0,0,1,0
0,0.34584228438127035,1.5388321901364936,0.9780017523161644,1.4932444231984725,6,1,0,1,1,0,0,1,0,0,1,0,1,0,1,0,1,0,1,0,1,0,1,1,0,1,0,0
0,-0.5106471117320305,1.1197071023074678,-0.11400187320708842,1.2169784122509673,3,1,0,0,1,0,1,1,0,0,0,0,0,0,0,0,1,0,1,0,1,0,0,1,0,0,1,0
0,-1.285566089167874,-0.4935918468756855,-0.988372423233161,-0.49199111137897206,0,1,0,1,1,0,1,0,0,0,0,0,0,0,0,0,0,0,0,0,0,0,0,1,0,1,0,0
0,-1.1632104611516882,0.5292729508022932,-0.8637837742966038,0.6041397363830896,1,1,0,1,1,0,1,1,0,0,0,0,0,0,0,0,1,0,0,0,0,0,0,0,1,0,0,1
0,-0.3882914837158446,-1.4648976059715222,-0.8013791553444931,-1.4682115327112397,0,1,0,0,1,0,0,0,1,1,0,1,0,1,0,1,0,1,0,1,0,0,0,0,0,1,0,0
1,-1.081640042474231,-1.509803865381775,-0.963335575403311,-1.5611849061714556,0,0,0,0,1,0,0,0,1,1,0,1,0,1,0,1,0,1,0,1,0,0,0,0,0,0,0,0
0,-1.0000696237967737,-1.5147934497606919,-0.9431296259653001,-1.5189144538191945,0,1,1,1,1,0,0,0,1,1,0,1,0,1,0,1,0,1,0,1,0,0,0,1,0,0,1,0
0,-0.5922175304094877,0.15339092759054826,-0.48130456326420873,0.0578010466667756,3,1,0,0,1,0,1,0,0,0,1,0,0,0,1,0,0,0,1,0,0,0,0,0,0,0,1,0
1,0.7944795871072851,-0.5351717166999936,0.11677830476285897,-0.5223072502831952,3,1,0,0,0,1,0,0,0,0,1,0,0,0,0,0,0,0,1,0,1,0,0,1,1,0,0,0
0,-0.06200980900601573,0.9849883240767099,0.303903926032125,1.0348251138128148,3,1,0,0,1,0,0,1,0,0,0,0,1,0,0,0,0,0,1,0,1,0,0,1,0,1,0,0
0,-0.14358022768347295,-1.4715503851434115,-0.7215480079469364,-1.4026778549573653,0,1,1,1,1,0,0,0,1,1,0,1,0,1,0,1,0,1,0,1,0,0,0,1,0,0,1,0
0,0.14191623768762732,1.3691863212533164,0.6811992963244191,1.379880815662546,5,0,1,0,1,0,1,1,0,0,1,0,1,0,1,0,1,0,0,0,1,0,1,1,1,0,0,0
0,-0.6737879490869448,1.1679397513036653,-0.333355542652047,1.0288127368534763,3,0,1,0,1,0,1,1,0,0,0,0,1,0,0,0,0,0,1,0,1,0,0,1,0,1,0,1
0,0.38662749371999894,1.444030086937071,1.0128548092070568,1.4688290037589153,4,1,1,0,1,0,1,1,0,0,0,0,0,0,1,0,1,0,1,0,1,1,0,1,0,1,0,0
0,-1.285566089167874,-1.4748767747293563,-1.0013871723253298,-1.4700133422744222,0,1,0,0,1,0,0,0,1,1,0,1,0,1,0,1,0,1,0,1,0,0,0,0,0,1,0,1
0,1.1207612618171139,1.1562973877528593,1.610606793782629,1.1314429086675688,4,0,0,0,1,0,0,1,0,0,0,0,1,0,1,0,0,0,1,0,1,0,1,1,0,1,0,0
0,-1.1224252518129596,0.6789604821698023,-0.8233277576270488,0.6610805221987823,2,1,0,0,1,0,1,1,0,0,0,0,1,0,1,0,0,0,0,0,0,0,0,1,0,1,0,1
0,-0.4290766930545732,1.031557778279935,-0.024442752335554766,1.216684553491299,3,1,1,0,1,0,1,1,0,0,1,0,0,0,0,0,1,0,1,0,0,0,0,0,1,0,0,0
0,0.14191623768762732,-1.4931719174520517,-0.7162979905165361,-1.5372869053317788,0,1,1,0,1,0,0,0,1,1,0,1,0,1,0,1,0,1,0,1,0,1,0,0,0,0,1,0
0,-1.1632104611516882,0.18332843386405026,-0.8864823790692167,0.17770546706469215,0,0,0,0,1,0,0,1,0,0,0,0,0,0,0,0,0,0,0,0,0,0,0,0,0,1,0,1
0,-0.9592844144580451,0.002040201430066944,-0.7687761059237723,-0.13338296005064051,3,1,0,0,1,0,0,0,0,0,1,0,0,0,0,0,1,0,0,0,1,0,0,0,0,0,1,0
0,-1.285566089167874,0.323036796473725,-0.9775415049208648,0.32192230450181764,1,1,1,1,1,0,0,1,0,0,0,0,1,0,0,0,0,0,0,0,0,0,0,0,1,0,0,0
0,-0.8369287864418593,-0.5218661583562149,-0.7584746011338692,-0.5733548252204156,1,1,1,1,1,0,0,0,0,0,1,0,0,0,0,0,0,0,0,0,0,0,0,1,0,1,0,0
0,-0.3882914837158446,0.29476248499319574,-0.23548021769958513,0.38073336864409374,3,0,0,0,1,0,1,0,0,0,0,0,0,0,0,0,1,0,1,0,1,1,0,1,0,0,1,0
0,1.2023316804945712,0.9118077531859275,1.5181358985379318,0.9134680086724528,3,1,0,0,1,0,1,1,0,0,1,0,1,0,0,0,0,0,0,0,1,1,0,1,0,0,0,0
0,0.18270144702635593,1.1280230762723296,0.5228825942320551,0.9629009603616993,3,1,0,0,1,0,1,1,0,0,0,0,0,0,0,0,1,0,1,0,1,0,0,0,0,0,0,1
0,-1.0000696237967737,-1.5197830341396088,-0.9412546197401571,-1.5013017653390857,0,0,0,0,1,0,0,0,1,1,0,1,0,1,0,1,0,1,0,1,0,0,0,0,0,0,1,0
0,-0.06200980900601573,0.7903945332989483,0.1733152571751103,0.7182646104283936,2,1,1,0,1,0,1,1,0,0,0,0,0,0,1,0,0,0,1,0,0,0,0,0,1,0,0,0
0,-0.7961435771031307,0.31638401730183613,-0.6148270653911531,0.13562628372759963,0,1,1,1,1,0,1,1,0,0,0,0,0,0,0,0,0,0,0,0,0,0,0,1,1,0,0,1
0,-0.347506274377116,1.1263598814793574,0.051594264818183536,1.1741001494727266,3,0,0,0,1,0,1,1,0,0,0,0,0,0,1,0,0,0,1,0,1,0,0,1,0,1,0,1
0,0.5089831217361848,1.0332209730729074,0.9557222665821129,1.1320783468401843,3,1,1,1,1,0,1,1,0,0,0,0,1,0,1,0,0,0,0,0,1,0,0,1,0,0,0,0
1,1.4878281458656715,1.3475647889446765,2.077328931565858,1.2115597702912901,4,0,1,0,1,0,1,1,0,0,0,0,1,0,0,0,1,0,1,0,1,0,1,0,1,0,0,0
0,-1.2447808798291453,-1.48485594348719,-0.9942180308762537,-1.541292928593921,0,1,0,0,1,0,0,0,1,1,0,1,0,1,0,1,0,1,0,1,0,0,0,0,0,0,1,0
0,1.1615464711558425,1.3675231264603442,1.8782473882492097,1.4073394744497498,4,1,1,1,1,0,1,1,0,0,1,0,1,0,0,0,0,0,1,0,1,1,0,1,0,1,0,1
0,0.34584228438127035,1.324280061843064,0.9070823992122281,1.3632592445160057,4,1,0,0,1,0,1,1,0,0,0,0,1,0,1,0,0,0,1,0,1,0,0,1,0,1,0,1
0,0.4681979123974562,-0.526855742735132,-0.011185355378955722,-0.4446723162324125,3,0,0,0,0,1,0,0,0,0,0,0,0,0,1,0,0,0,1,0,1,1,0,1,0,1,0,0
0,0.2642718657038131,-0.9759183368376593,-0.4328852848619879,-1.0384254356028706,2,1,0,0,0,1,0,0,0,0,0,0,0,0,1,0,1,0,0,0,0,1,0,0,0,0,1,0
0,1.6101837738818572,0.00702978580898363,1.0870388790324186,0.0378630228448485,6,1,1,1,0,1,0,0,0,0,1,0,1,0,1,0,1,0,1,0,1,0,1,1,1,0,0,0
1,-0.7961435771031307,1.0631584793464088,-0.46535598090211056,0.9996521815825631,3,0,0,0,1,0,0,1,0,0,0,0,0,0,1,0,0,0,1,0,1,0,0,1,0,1,0,0
0,0.7536943777685564,0.16170690155540987,0.5612430157088031,0.16454165837367682,4,0,1,1,1,0,0,0,0,0,1,0,1,0,0,0,1,0,0,0,1,1,0,1,1,0,0,0
1,1.5693985645431285,1.1413286346161082,2.1720939520742597,1.2171313376654425,4,0,1,0,1,0,0,1,0,0,0,0,1,0,1,0,0,0,1,0,1,0,1,1,0,1,0,0
1,-0.4290766930545732,1.0581688949674921,-0.09150179850537314,0.9876254177499918,2,1,0,0,1,0,1,1,0,0,0,0,0,0,0,0,0,0,1,0,1,0,0,1,0,1,0,1
0,-1.2447808798291453,-0.32727236757845324,-0.9651223460413886,-0.44806299422858314,2,0,0,0,1,0,0,0,0,0,0,0,1,0,0,0,1,0,0,0,0,0,0,1,1,0,0,1
0,0.9576204244621995,1.3941342431479014,1.598849401806144,1.3501480978548552,4,0,0,0,1,0,1,1,0,0,0,0,1,0,1,0,0,0,1,0,1,1,0,1,0,1,0,0
0,-1.285566089167874,-0.4536751718443497,-0.9878430097107678,-0.45220715622390284,1,1,0,0,1,0,0,0,0,0,1,0,0,0,0,0,0,0,0,0,0,0,0,0,0,0,1,0
0,-0.3882914837158446,-0.23745984875794768,-0.44448826456110785,-0.30215245580206596,3,0,1,1,1,0,0,0,0,0,1,0,1,0,0,0,1,0,0,0,0,1,0,1,0,0,1,0
1,1.3654725178494855,0.1982971870008008,1.080222679931605,0.2291181919399618,3,0,1,0,1,0,1,0,0,0,0,0,1,0,1,0,0,0,1,0,0,1,0,1,0,0,0,0
1,-0.551432321070759,0.7754257801621972,-0.22700960134129225,0.9472981609744837,2,1,0,0,1,0,1,1,0,0,0,0,1,0,0,0,0,0,1,0,0,0,0,1,0,1,0,1
0,-0.877713995780588,0.4860298861850129,-0.6594301546527888,0.24672460138674382,2,1,0,0,1,0,0,1,0,0,1,0,0,0,1,0,0,0,0,0,0,0,0,1,0,0,0,0
0,-1.0000696237967737,-1.5014878914169132,-0.946482578273791,-1.5504100849836242,0,0,1,1,1,0,0,0,1,1,0,1,0,1,0,1,0,1,0,1,0,1,0,1,0,0,1,1
0,0.7944795871072851,1.1064015439636896,1.192524523369284,1.0322954268380042,4,0,1,1,1,0,1,1,0,0,1,0,1,0,1,0,0,0,0,0,1,0,0,0,0,0,0,0
0,-1.2039956704904167,-1.48485594348719,-0.9833429947704247,-1.4722235620052593,0,1,0,0,1,0,0,0,1,1,0,1,0,1,0,1,0,1,0,1,0,0,0,1,0,1,0,0
0,0.7536943777685564,0.4743875226342068,0.7624422131150247,0.46100363138788075,2,0,1,1,1,0,0,1,0,0,1,0,1,0,0,0,0,0,0,0,0,0,0,1,0,0,0,0
1,-0.7145731584256735,0.3579638871261442,-0.5045766993527476,0.383034880059466,0,1,0,0,1,0,1,1,0,0,0,0,0,0,0,0,0,0,0,0,0,0,0,0,0,1,0,1
1,1.2839020991720282,0.9766723501118483,1.6725261170058787,0.9989747704871742,3,1,1,0,1,0,1,1,0,0,0,0,1,0,1,0,0,0,0,0,1,0,0,1,0,1,0,0
0,0.18270144702635593,-0.821241221091233,-0.3580173892368684,-0.8262121760825936,2,0,0,0,0,1,0,0,0,0,0,0,0,0,1,0,0,0,0,0,1,0,0,1,1,0,0,0
0,-0.7961435771031307,-1.4948351122450239,-0.9029603749537082,-1.529944300360584,0,1,0,0,1,0,0,0,1,1,0,1,0,1,0,1,0,1,0,1,0,0,1,0,0,0,1,0
0,0.6721239590910992,-0.3172931988206191,0.1515872438602185,-0.3691885967421516,1,1,1,0,1,0,1,0,0,0,1,0,0,0,0,0,0,0,0,0,0,1,0,1,0,1,0,0
1,0.5089831217361848,1.2394571274014754,1.0786785571579578,1.337407759834958,3,0,0,0,1,0,1,1,0,0,0,0,0,0,1,0,0,0,1,0,1,1,0,1,0,0,0,0
0,-0.5922175304094877,0.2066131609656624,-0.45997361009111193,0.14685448332175652,0,0,0,0,1,0,0,1,0,0,0,0,0,0,0,0,0,0,0,0,0,0,0,1,0,1,0,0
1,-1.285566089167874,0.32636318605966996,-0.977497387127332,0.3252376340980737,0,1,0,0,1,0,1,1,0,0,0,0,0,0,0,0,0,0,0,0,0,0,0,1,0,1,0,1
0,1.4470429365269428,-0.35887306864492724,0.6635962967048417,-0.30131090474726174,4,1,1,0,0,1,0,0,0,0,1,0,0,0,1,0,0,0,1,0,1,0,1,1,0,0,0,0
0,0.8760500057847422,-1.504814281002858,-0.5654371955312112,-1.5320222847229095,0,1,0,0,1,0,0,0,1,1,0,1,0,1,0,1,0,1,0,1,0,0,1,0,1,0,0,0
1,-0.3882914837158446,0.7837417541270588,-0.07050172878377196,0.9197627175657649,3,0,1,1,1,0,0,1,0,0,0,0,1,0,1,0,0,0,0,0,1,0,0,1,0,0,0,0
0,-0.6330027397482163,0.39122778298559063,-0.43094410194654587,0.4103635969666406,1,1,0,0,1,0,0,1,0,0,0,0,0,0,1,0,0,0,0,0,0,0,0,1,0,1,0,1
0,1.5693985645431285,0.5159673924585149,1.5162388334160224,0.5229666929057498,5,1,1,0,1,0,1,0,0,0,1,0,1,0,1,0,1,0,0,0,1,0,1,0,1,0,0,0
0,1.4062577271882142,-1.5181198393466364,-0.40476019148484366,-1.471967902260274,0,0,1,1,1,0,0,0,1,1,0,1,0,1,0,1,0,1,0,1,0,0,1,1,0,0,0,0
0,-0.7553583677644021,0.6623285342400791,-0.4793192625552338,0.6996330692180995,1,0,1,1,1,0,1,1,0,0,0,0,0,0,0,0,0,0,1,0,0,0,0,1,0,1,0,0
1,-1.285566089167874,-1.3002413214672623,-0.999070988164859,-1.2959585384709946,0,0,0,0,0,1,0,0,0,0,0,0,0,0,0,0,0,0,0,0,0,0,0,1,0,0,1,1
0,1.2431168898332998,-1.509803865381775,-0.4743780696795631,-1.5118759564620643,0,0,0,1,1,0,0,0,1,1,0,1,0,1,0,1,0,1,0,1,0,0,1,0,1,0,0,0
0,0.34584228438127035,0.12345342131704626,0.2588375999383953,0.17511789274566325,3,0,0,0,1,0,1,0,0,0,0,0,0,0,1,0,1,0,0,0,1,1,0,1,0,1,0,0
0,-0.6330027397482163,0.9217869219437613,-0.3135245944590645,0.9294076981686826,2,0,1,0,1,0,1,1,0,0,0,0,0,0,0,0,0,0,1,0,1,0,0,0,0,1,0,0
0,0.9576204244621995,1.186234894026361,1.4226208755394734,1.1136644537076472,3,1,1,0,1,0,1,1,0,0,1,0,0,0,0,0,0,0,1,0,1,1,0,1,0,1,0,0
0,-1.1224252518129596,-1.4748767747293563,-0.9680561793113182,-1.5141072259046238,0,0,0,0,1,0,0,0,1,1,0,1,0,1,0,1,0,1,0,1,0,0,0,0,1,0,0,0
0,-1.2447808798291453,-0.7414078710285615,-0.9785120963785858,-0.951164260460395,3,0,0,0,0,1,0,0,0,0,1,0,1,0,0,0,0,0,0,0,1,0,0,1,0,1,0,1
0,-1.2039956704904167,-1.5064774757958301,-0.9860782979694568,-1.5407403736612115,0,0,1,0,1,0,0,0,1,1,0,1,0,1,0,1,0,1,0,1,0,0,0,1,0,0,1,0
0,0.18270144702635593,0.0851999410786831,0.06747667048998263,0.03796880475764182,4,1,0,0,1,0,1,0,0,0,1,0,1,0,1,0,1,0,0,0,0,1,0,0,0,1,0,0
0,-0.14358022768347295,0.13176939528190787,-0.14111225733297883,0.10139572549570182,4,0,0,0,1,0,0,0,0,0,1,0,1,0,1,0,0,0,0,0,1,0,0,1,0,0,0,1
0,-1.0000696237967737,-0.7098071699620876,-0.8624822993873869,-0.7613616410747528,0,1,0,0,1,0,0,0,0,0,0,0,0,0,0,0,0,0,0,0,0,0,0,0,0,0,1,0
0,1.2431168898332998,1.4955891255192129,2.0790936433071687,1.5339383933298276,5,0,0,0,1,0,1,1,0,0,0,0,1,0,1,0,1,0,1,0,1,0,0,1,1,0,0,0
0,-1.0408548331355023,-1.4715503851434115,-0.9403281460759689,-1.3984969466980477,0,0,1,1,1,0,0,0,1,1,0,1,0,1,0,1,0,1,0,1,0,0,0,0,0,0,1,0
0,-1.2039956704904167,1.0149258303502118,-0.8811220671549844,1.088315996169608,3,0,0,0,1,0,0,1,0,0,0,0,1,0,0,0,0,0,1,0,1,0,0,0,0,1,0,0
0,1.6101837738818572,-1.4599080215926052,-0.35144383800048484,-1.4634977986928916,0,1,1,1,1,0,0,0,1,1,0,1,0,1,0,1,0,1,0,1,0,0,1,0,0,0,0,0
0,-0.551432321070759,-0.2890188873400896,-0.5280694244089505,-0.24342863717548047,1,0,0,0,1,0,0,0,0,0,0,0,0,0,0,0,0,0,0,0,1,0,0,1,0,1,0,0
0,1.0799760524783852,-1.5463941508271661,-0.5437533000098522,-1.556886216101734,0,0,1,0,1,0,0,0,1,1,0,1,0,1,0,1,0,1,0,1,0,0,1,0,0,0,0,0
0,-1.2447808798291453,0.8353007927092008,-0.9266075122872757,0.9990783745370576,3,1,1,1,1,0,0,1,0,0,0,0,0,0,1,0,1,0,0,0,1,0,0,0,1,0,0,1
0,0.1011310283488987,-1.3019045162602345,-0.6210917920728072,-1.3153295356834032,0,0,1,1,1,0,1,0,1,1,0,1,0,1,0,1,0,1,0,1,0,0,0,1,0,1,0,0
0,-0.7553583677644021,-1.5064774757958301,-0.8779235271238582,-1.4399385666512448,0,1,0,0,1,0,0,0,1,1,0,1,0,1,0,1,0,1,0,1,0,0,0,0,1,0,0,0
0,-0.7553583677644021,0.34798471836830985,-0.5578268761468074,0.2782309966083044,1,0,0,0,1,0,0,1,0,0,0,0,0,0,1,0,0,0,0,0,0,0,0,0,0,1,0,1
0,1.4878281458656715,-1.499824696623941,-0.37650274472710116,-1.4608841738209644,0,0,1,1,1,0,0,0,1,1,0,1,0,1,0,1,0,1,0,1,0,0,1,0,1,0,0,0
1,-1.0408548331355023,-0.022907720464517903,-0.8008938596156326,0.09837436601142938,3,1,1,0,1,0,1,0,0,0,1,0,1,0,0,0,1,0,0,0,0,0,0,0,0,1,0,0
0,1.4878281458656715,0.36129027671208863,1.3666795133399143,0.4375984784581329,5,1,1,1,1,0,0,0,0,0,1,0,1,0,1,0,1,0,1,0,0,0,1,1,0,0,0,0
0,1.6101837738818572,0.4677347434623174,1.5175623672220055,0.4872052987484851,4,0,1,1,1,0,1,0,0,0,0,0,1,0,0,0,1,0,1,0,1,0,1,1,0,1,0,0
0,-1.0000696237967737,1.1962140627841946,-0.6488860019984556,1.2450343889592816,3,1,0,0,1,0,1,1,0,0,0,0,1,0,0,0,0,0,1,0,1,0,0,0,0,1,0,1
0,-1.1632104611516882,-0.4852758729108239,-0.91467364913666,-0.35191843593716604,1,0,1,1,1,0,0,0,0,0,1,0,0,0,0,0,0,0,0,0,0,0,0,0,0,1,0,0
0,1.2431168898332998,0.51264100287257,1.1497082047457259,0.4253553254770675,2,1,1,1,1,0,0,1,0,0,0,0,1,0,1,0,0,0,0,0,0,0,0,1,1,0,0,0
0,1.6101837738818572,-1.4981615018309686,-0.3777601018427853,-1.4909643834729829,0,1,0,0,1,0,0,0,1,1,0,1,0,1,0,1,0,1,0,1,0,0,1,0,0,0,0,0
0,0.5497683310749134,-1.4565816320066605,-0.5970255357006783,-1.4759232776416606,0,0,0,0,1,0,0,0,1,1,0,1,0,1,0,1,0,1,0,1,0,0,1,1,0,1,0,0
0,-1.1224252518129596,0.16835968072729926,-0.8647984835478576,0.037798558102698984,0,0,1,0,1,0,0,1,0,0,0,0,0,0,0,0,0,0,0,0,0,0,0,0,0,1,0,1
0,-0.10279501834474433,-0.4952550416686578,-0.35976004208141293,-0.5213870337991063,1,1,1,0,1,0,0,0,0,0,0,0,0,0,1,0,0,0,0,0,0,0,0,1,0,0,1,0
0,1.2431168898332998,1.325943256636036,1.8733061953735393,1.288472442508637,4,1,0,0,1,0,1,1,0,0,0,0,1,0,1,0,0,0,1,0,1,0,1,1,0,0,0,0
0,1.1207612618171139,-1.4981615018309686,-0.5127605500530775,-1.527976354715627,0,0,0,0,1,0,0,0,1,1,0,1,0,1,0,1,0,1,0,1,0,0,1,0,0,0,0,0
0,1.2431168898332998,1.417418970249514,2.0220934540628237,1.4659478244669315,4,0,1,0,1,0,1,1,0,0,0,0,1,0,1,0,0,0,1,0,1,1,0,1,0,1,0,1
0,-0.30672106503838736,0.6989188196854704,-0.040281040213820916,0.764916645153513,2,1,1,1,1,0,0,1,0,0,0,0,0,0,0,0,1,0,1,0,0,0,0,0,0,1,0,0
0,-1.285566089167874,-0.6333002094853606,-0.9902253705615377,-0.631234954421714,0,1,0,0,1,0,0,0,0,0,0,0,0,0,0,0,0,0,0,0,0,0,0,1,0,0,1,1
1,-1.081640042474231,0.5292729508022932,-0.8087909446579995,0.3744150231092009,1,1,1,0,1,0,1,1,0,0,0,0,0,0,1,0,0,0,0,0,0,0,0,1,0,1,0,0
0,-0.4290766930545732,-1.3185364641899577,-0.7605260785331434,-1.2976162032691223,0,1,0,0,1,0,1,0,1,1,0,1,0,1,0,1,0,1,0,1,0,0,1,0,0,0,1,0
0,-0.06200980900601573,0.5209569768374316,0.0799620060597579,0.4919666289549357,4,0,1,1,1,0,1,0,0,0,0,0,1,0,0,0,1,0,1,0,1,0,1,0,0,0,0,0
0,0.2642718657038131,0.5525576779039059,0.3604188195476103,0.4901540293990015,2,0,1,1,1,0,0,1,0,0,0,0,0,0,1,0,1,0,0,0,0,0,0,1,0,0,0,0
0,-0.2659358556996588,-1.4632344111785498,-0.781790855015941,-1.490415370559073,0,1,0,0,1,0,0,0,1,1,0,1,0,1,0,1,0,1,0,1,0,0,0,0,0,0,1,0
0,0.8352647964460137,1.3708495160462886,1.5350330134609849,1.4578605649396768,5,0,1,0,1,0,0,1,0,0,1,0,1,0,1,0,0,0,1,0,1,1,0,1,0,0,0,1
0,-1.285566089167874,0.8918494156702599,-0.9699973622267603,0.8888436654615534,3,0,0,0,1,0,0,1,0,0,0,0,1,0,0,0,1,0,1,0,0,0,0,0,0,1,0,1
0,-0.8369287864418593,0.07854716190679371,-0.6432609833230267,0.14814377816474494,3,1,0,0,1,0,1,0,0,0,1,0,1,0,0,0,1,0,0,0,0,0,0,1,0,1,0,0
0,-0.6737879490869448,1.0215786095221007,-0.3241349238036969,1.0721192297045674,3,0,0,0,1,0,1,1,0,0,0,0,1,0,1,0,0,0,0,0,1,0,0,1,1,0,0,1
0,-1.2447808798291453,-1.4815295539012454,-0.9904680184259679,-1.400391420753051,0,0,0,0,1,0,0,0,1,1,0,1,0,1,0,1,0,1,0,1,0,0,0,0,0,0,1,0
0,0.2642718657038131,-0.6599113261729178,-0.22048016789844155,-0.6291522473676561,3,1,0,1,0,1,0,0,0,0,1,0,0,0,0,0,1,0,1,0,0,1,0,0,0,0,0,0
0,-1.285566089167874,0.3346791600245316,-0.9773870926435001,0.3335259580887131,0,1,0,0,1,0,1,1,0,0,0,0,0,0,0,0,0,0,0,0,0,0,0,1,0,1,0,1
0,-1.0408548331355023,-1.005855843111161,-0.9016589000444913,-0.9833703193954512,2,0,1,1,0,1,0,0,0,0,1,0,0,0,0,0,1,0,0,0,0,0,0,0,0,0,1,0
1,-1.1632104611516882,0.1484013432116311,-0.8950191721178086,0.017326397845819422,0,1,0,0,1,0,0,1,0,0,0,0,0,0,0,0,0,0,0,0,0,0,0,0,0,1,0,0
1,-0.9184992051193165,1.0132626355572392,-0.6141211806946287,0.8270127684913836,2,1,0,0,1,0,1,1,0,0,0,0,0,0,0,0,0,0,1,0,1,0,0,1,0,1,0,1
0,0.9168352151234709,0.554220872696878,0.9790385204641847,0.5669553010250845,2,0,0,0,1,0,0,1,0,0,0,0,1,0,1,0,0,0,0,0,0,0,0,1,0,1,0,0
0,1.6101837738818572,0.3496479131612826,1.4073120011836004,0.37213573401177474,4,1,1,1,1,0,0,0,0,0,0,0,1,0,1,0,0,0,1,0,1,0,1,1,0,0,0,0
0,-0.9184992051193165,0.09684230462948917,-0.7222980104369935,0.014093951489470166,3,0,1,0,1,0,0,0,0,0,0,0,0,0,1,0,0,0,1,0,1,0,0,1,1,0,0,0
1,-0.877713995780588,1.5471481641013554,-0.4885178225068175,1.4143234064680916,5,1,0,0,1,0,1,1,0,0,0,0,1,0,1,0,1,0,1,0,1,0,0,1,0,1,0,0
0,-0.7145731584256735,-0.6183314563486098,-0.7283421481509837,-0.7379885674211495,0,0,1,1,1,0,0,0,0,0,0,0,0,0,0,0,0,0,0,0,0,0,0,0,0,1,0,0
0,-0.3882914837158446,-1.4798663591082732,-0.7992394423581536,-1.4612205116060917,0,0,1,1,1,0,0,0,1,1,0,1,0,1,0,1,0,1,0,1,0,0,1,0,0,0,0,0
0,-1.285566089167874,-1.4915087226590795,-1.0016077612929937,-1.486589990255701,0,1,0,1,1,0,0,0,1,1,0,1,0,1,0,1,0,1,0,1,0,0,0,0,0,0,1,0
1,-1.2039956704904167,-0.6615745209658901,-0.9543796633161578,-0.7467189353579564,0,0,0,0,1,0,0,0,0,0,0,0,0,0,0,0,0,0,0,0,0,0,0,0,0,1,0,1
0,0.590553540413642,1.038210557451824,0.9269574651987434,0.9463681609029696,4,1,1,1,1,0,0,1,0,0,1,0,1,0,1,0,0,0,0,0,1,1,0,1,0,1,0,0
0,-0.7145731584256735,-1.504814281002858,-0.8910706295966253,-1.5532281151404415,0,0,0,1,1,0,0,0,1,1,0,1,0,1,0,1,0,1,0,1,0,1,0,0,0,0,1,0
0,1.3654725178494855,1.1513078033739421,1.9500711561205681,1.2195226765547607,4,1,0,0,1,0,0,1,0,0,0,0,1,0,1,0,0,0,1,0,1,0,0,0,0,1,0,1
1,1.4470429365269428,-0.14099455076555298,0.743625974173296,-0.212869612282439,3,0,1,0,1,0,0,0,0,0,0,0,1,0,1,0,1,0,0,0,0,1,0,1,0,0,0,0
0,-0.6330027397482163,1.1213702971004402,-0.2582670580592635,1.1736694816575266,4,0,1,1,1,0,0,1,0,0,0,0,0,0,1,0,1,0,1,0,1,1,0,0,0,0,0,1
0,-1.0408548331355023,-0.17924803100391637,-0.8269454166967365,-0.1812973663584319,2,0,0,0,1,0,0,0,0,0,0,0,0,0,0,0,1,0,1,0,0,0,0,1,0,0,1,1
1,-0.8369287864418593,0.5176305872514871,-0.5912461047478846,0.4738749109968738,1,1,1,0,1,0,0,1,0,0,0,0,0,0,0,0,0,0,0,0,1,0,0,1,0,1,0,1
1,-0.46986190239330183,0.22657149848133057,-0.34998795081390327,0.2121217457305853,3,0,1,0,1,0,1,0,0,0,0,0,1,0,1,0,0,0,0,0,1,1,0,0,0,0,0,0
0,-0.46986190239330183,-0.9609495837009082,-0.666268412650369,-0.9196686292959655,2,1,0,0,0,1,0,0,0,0,0,0,1,0,0,0,1,0,0,0,0,0,0,1,0,0,1,0
0,0.9576204244621995,0.010356175394928559,0.5390297066650508,-0.0720394954675387,2,0,1,1,1,0,1,0,0,0,1,0,0,0,0,0,0,0,1,0,0,1,0,0,0,0,0,0
0,-1.081640042474231,-0.5301821323210765,-0.8899015080680067,-0.6414572206768361,0,0,1,1,1,0,1,0,0,0,0,0,0,0,0,0,0,0,0,0,0,0,0,1,1,0,0,0
1,1.324687308510757,-0.37883140616059513,0.5415664797931854,-0.35700619174065074,4,0,0,0,0,1,0,0,0,0,0,0,1,0,1,0,0,0,1,0,1,0,1,1,0,0,0,0
0,0.38662749371999894,0.5176305872514871,0.4789192129766445,0.513500993314026,4,1,1,0,1,0,1,0,0,0,1,0,0,0,0,0,1,0,1,0,1,1,0,0,1,0,0,0
0,1.4470429365269428,1.4689780088316557,2.302153207408881,1.509468490395932,5,0,1,1,1,0,1,1,0,0,1,0,0,0,1,0,1,0,1,0,1,0,1,1,0,0,0,0
0,0.6313387497523706,-1.2836093735375391,-0.4611647905164969,-1.2913654255928486,0,1,1,1,1,0,1,0,1,1,0,1,0,1,0,1,0,1,0,1,0,0,1,0,0,0,0,0
1,0.7129091684298279,1.3941342431479014,1.3489441603397387,1.3947298085542204,4,0,0,0,1,0,1,1,0,0,0,0,1,0,0,0,1,0,1,0,1,1,0,1,0,1,0,0
1,-1.0408548331355023,0.002040201430066944,-0.79266589112177,0.1867042188259578,3,0,0,0,1,0,0,0,0,0,0,0,1,0,1,0,0,0,1,0,0,0,0,1,0,1,0,0
0,1.2431168898332998,-1.5147934497606919,-0.4528706453323352,-1.4862216203005614,0,0,1,1,1,0,0,0,1,1,0,1,0,1,0,1,0,1,0,1,0,0,1,0,0,1,0,0
0,-0.6330027397482163,-1.4565816320066605,-0.8403572259307002,-1.3994163238129758,0,1,0,0,1,0,0,0,1,1,0,1,0,1,0,1,0,1,0,1,0,0,0,0,1,0,0,0
0,0.38662749371999894,0.43447084760287097,0.4824927542527993,0.5198948432496618,1,0,1,1,1,0,0,1,0,0,0,0,0,0,0,0,0,0,1,0,0,0,0,1,1,0,0,1
0,-1.1632104611516882,-1.531425397690415,-0.9733061967417185,-1.4534366942931434,0,1,1,1,1,0,0,0,1,1,0,1,0,1,0,1,0,1,0,1,0,0,0,0,0,0,1,0
0,1.2023316804945712,-1.2935885422953728,-0.2874950962747271,-1.2750505727913817,0,0,0,1,1,0,1,0,1,1,0,1,0,1,0,1,0,1,0,1,0,0,1,0,0,0,0,0
1,-1.2447808798291453,0.32636318605966996,-0.9374825483931049,0.5904640017985348,1,1,0,0,1,0,0,1,0,0,0,0,1,0,0,0,0,0,0,0,0,0,0,1,0,1,0,1
0,-1.2447808798291453,0.18166523907107757,-0.9574017321731528,-0.15797165455620385,0,0,1,0,1,0,0,1,0,0,0,0,0,0,0,0,0,0,0,0,0,0,0,1,0,1,0,0
0,0.6313387497523706,1.0648216741393814,0.9631340558956192,0.9384700053555065,4,1,1,0,1,0,1,1,0,0,1,0,1,0,1,0,0,0,1,0,0,0,1,1,0,0,0,0
0,-0.22515064636093016,-1.5081406705888027,-0.7807982046614536,-1.512130307145375,0,1,1,0,1,0,0,0,1,1,0,1,0,1,0,1,0,1,0,1,0,0,1,0,0,0,0,0
0,1.5286133552044,0.5159673924585149,1.5121358786174746,0.556766044545164,5,0,1,1,1,0,0,0,0,0,0,0,1,0,1,0,1,0,1,0,1,0,1,1,0,0,0,0
1,-1.285566089167874,0.7953841176778649,-0.9712767782392105,0.792699107170136,2,1,0,0,1,0,1,1,0,0,0,0,0,0,1,0,0,0,1,0,0,0,0,1,0,1,0,1
0,0.5497683310749134,0.9899779084556269,0.8921264672046175,0.9568079221847965,3,1,1,0,1,0,1,1,0,0,0,0,1,0,1,0,0,0,1,0,0,1,0,1,0,1,0,0
0,-0.10279501834474433,0.8436167666740624,0.20514624520900768,0.8936508933761241,2,1,0,0,1,0,0,1,0,0,0,0,0,0,0,0,0,0,1,0,1,0,0,1,0,1,0,1
0,-0.7145731584256735,-0.0079389673277669,-0.5716798633160989,0.04686045899913117,2,0,0,0,1,0,1,0,0,0,1,0,0,0,0,0,0,0,0,0,1,0,0,1,0,0,0,1
0,1.4878281458656715,1.0265681939010178,1.8621664525065134,0.977228430567531,3,1,1,1,1,0,1,1,0,0,0,0,1,0,1,0,0,0,1,0,0,1,0,0,1,0,0,0
0,1.324687308510757,-1.5081406705888027,-0.4728118880091495,-1.5297402800777373,0,1,0,0,1,0,0,0,1,1,0,1,0,1,0,1,0,1,0,1,0,0,1,1,1,0,0,0
1,1.6101837738818572,1.3043217243273957,2.275307530044187,1.2780725693108583,5,1,1,1,1,0,0,1,0,0,1,0,0,0,1,0,1,0,1,0,1,0,1,1,1,0,0,0
1,-0.7961435771031307,0.8037000916427265,-0.4945619602208078,0.8308253975270771,3,1,1,0,1,0,0,1,0,0,0,0,1,0,0,0,1,0,0,0,1,0,0,1,0,0,0,1
0,-0.6330027397482163,-1.489845527866107,-0.8871441459722083,-1.606234384802931,0,1,0,0,1,0,0,0,1,1,0,1,0,1,0,1,0,1,0,1,0,1,0,1,0,0,1,0
0,0.7536943777685564,1.5521377484802719,1.513238823455794,1.5672836131345589,5,1,1,0,1,0,1,1,0,0,1,0,0,0,1,0,1,0,1,0,1,1,0,1,0,1,0,0
0,0.7536943777685564,-0.14598413514446992,0.3666614873324978,-0.12216934523977525,3,1,1,1,1,0,0,0,0,0,1,0,1,0,0,0,1,0,0,0,0,0,1,0,1,0,0,0
0,1.6101837738818572,0.8669014937756749,1.843350213564785,0.8272337904644671,6,0,1,0,1,0,1,0,0,0,1,0,1,0,1,0,1,0,1,0,1,0,1,1,0,0,0,0
0,1.4062577271882142,0.7488146634746401,1.6007905847215864,0.7774584875336173,2,1,1,1,1,0,1,1,0,0,0,0,1,0,1,0,0,0,0,0,0,1,0,0,0,1,0,1
0,0.060345819010170096,-1.5031510862098856,-0.7123935657888856,-1.4925380815901597,0,1,0,0,1,0,0,0,1,1,0,1,0,1,0,1,0,1,0,1,0,0,0,0,0,0,1,0
0,1.4062577271882142,-0.4636543406021835,0.5432429559474308,-0.408687269956635,4,1,1,0,0,1,0,0,0,0,1,0,1,0,0,0,1,0,0,0,1,0,1,1,0,0,0,0
0,0.6721239590910992,-1.4915087226590795,-0.6032020267952668,-1.5267460742430026,0,0,1,0,1,0,0,0,1,1,0,1,0,1,0,1,0,1,0,1,0,1,0,1,0,0,0,0
0,0.8352647964460137,-1.5131302549677197,-0.5205914584051452,-1.456752023889399,0,1,1,1,1,0,0,0,1,1,0,1,0,1,0,1,0,1,0,1,0,0,1,1,0,0,1,0
0,-0.22515064636093016,-0.1809112257968886,-0.29942895942534276,-0.17236878030290703,2,1,0,0,1,0,1,0,0,0,0,0,0,0,1,0,1,0,0,0,0,0,0,0,0,1,0,0
1,-0.3882914837158446,0.9933042980415715,0.0014323335714179586,1.1547907569872873,3,0,0,0,1,0,0,1,0,0,0,0,1,0,0,0,0,0,1,0,1,0,0,1,0,1,0,1
0,1.4878281458656715,0.5525576779039059,1.4395179904625264,0.5169261474931804,5,1,0,0,1,0,1,0,0,0,1,0,1,0,1,0,1,0,0,0,1,0,1,1,1,0,0,0
0,-1.2447808798291453,-1.1921336599240613,-0.9907106662903982,-1.4095085771427545,1,0,1,1,0,1,0,0,0,0,0,0,0,0,0,0,1,0,0,0,0,0,0,0,0,0,0,0
0,0.1011310283488987,0.7172139624081659,0.32591870500497994,0.7179621057002562,1,0,0,0,1,0,1,1,0,0,0,0,0,0,0,0,0,0,1,0,0,0,0,1,0,1,0,1
0,0.5497683310749134,0.18998121303593918,0.4150145890444196,0.17738114134331956,4,0,1,0,1,0,0,0,0,0,1,0,1,0,0,0,1,0,0,0,1,1,0,0,0,0,1,0
0,0.8760500057847422,1.0748008428972153,1.2525467814706248,0.9979118696791153,3,0,0,0,1,0,1,1,0,0,0,0,1,0,0,0,0,0,1,0,1,0,1,1,0,0,0,0
0,0.9576204244621995,1.1097279335496342,1.4197091011663105,1.1097571009692033,3,0,1,0,1,0,1,1,0,0,0,0,1,0,0,0,0,0,1,0,1,1,0,1,0,1,0,1
0,-0.9592844144580451,0.36129027671208863,-0.7210847711148423,0.26482496145519085,1,0,1,0,1,0,0,1,0,0,0,0,0,0,1,0,0,0,0,0,0,0,0,1,0,0,0,1
0,-0.5106471117320305,-0.18922719976175023,-0.4849222223338963,-0.17670326677504886,2,1,0,0,1,0,1,0,0,0,1,0,0,0,0,0,1,0,0,0,0,0,0,0,0,0,0,0
0,-0.877713995780588,0.3662798610910058,-0.6282168157283503,0.4599605731459215,1,1,0,0,1,0,0,1,0,0,0,0,1,0,0,0,0,0,0,0,0,0,0,1,0,0,1,0
1,-0.10279501834474433,0.8369639875021729,0.14860929279675614,0.7520310641227318,2,0,1,0,1,0,1,1,0,0,0,0,1,0,0,0,0,0,1,0,0,0,0,1,0,1,0,0
0,1.4470429365269428,0.20162357658674573,1.0813697425634567,0.1603731189548548,4,1,1,0,1,0,0,0,0,0,1,0,1,0,1,0,0,0,0,0,1,0,1,0,0,0,0,0
1,0.22348665636508452,1.254425880538226,0.7583171994197101,1.3465336407762303,4,1,1,0,1,0,1,1,0,0,0,0,1,0,1,0,0,0,1,0,1,0,0,1,0,1,0,0
1,-0.6330027397482163,0.6806236769627745,-0.3648115294409157,0.7026976596011932,2,0,1,0,1,0,1,1,0,0,1,0,0,0,1,0,0,0,0,0,0,0,0,1,0,0,0,1
0,0.6313387497523706,1.3708495160462886,1.2319658307875854,1.3593441906635169,4,1,0,0,1,0,1,1,0,0,0,0,1,0,1,0,0,0,1,0,1,1,0,1,1,0,0,1
0,-1.285566089167874,-0.701491195997226,-0.9911297853289595,-0.6991992111449573,0,0,0,0,1,0,0,0,0,0,0,0,0,0,0,0,0,0,0,0,0,0,0,0,0,1,0,0
0,1.2431168898332998,-0.19587997893363962,0.62525793412486,-0.2002157947688121,5,1,1,1,0,1,0,0,0,0,1,0,1,0,1,0,0,0,1,0,1,0,1,0,0,1,0,0
0,-1.2039956704904167,0.16835968072729926,-0.9131957030533121,0.28490112401029516,3,0,0,0,1,0,0,0,0,0,0,0,0,0,1,0,0,0,1,0,1,1,0,1,0,1,0,0
0,0.6313387497523706,-1.3484739704634594,-0.5102899536152421,-1.368274165289323,0,0,0,0,1,0,1,0,1,1,0,1,0,1,0,1,0,1,0,1,0,1,0,0,0,0,0,0
0,1.3654725178494855,-1.1788281015802824,-0.13553135645108272,-1.1551323790300394,1,1,0,0,0,1,0,0,0,0,0,0,0,0,0,0,1,0,0,0,0,1,0,0,1,0,0,0
0,1.4470429365269428,0.6490229758963008,1.5248859209484464,0.6505055958836667,2,0,1,1,1,0,1,1,0,0,0,0,1,0,1,0,0,0,0,0,0,0,1,1,1,0,0,0
1,-0.6330027397482163,-0.6599113261729178,-0.670481661932749,-0.6484941702610455,0,1,0,0,1,0,0,0,0,0,0,0,0,0,0,0,0,0,0,0,0,0,0,1,0,1,0,1
0,-1.0408548331355023,-1.4715503851434115,-0.9513134766656298,-1.5164279566220025,0,0,1,1,1,0,0,0,1,1,0,1,0,1,0,1,0,1,0,1,0,1,0,0,0,0,1,0
0,1.6101837738818572,0.7388354947168059,1.7381292759891158,0.7174134975884949,6,1,1,0,1,0,1,0,0,0,1,0,1,0,1,0,1,0,1,0,1,0,1,1,0,0,0,0
0,-0.14358022768347295,-1.4981615018309686,-0.7576363630567465,-1.4961930139138209,0,0,1,0,1,0,0,0,1,1,0,1,0,1,0,1,0,1,0,1,0,0,0,0,0,0,1,0
0,0.18270144702635593,0.8469431562600068,0.49806633536986905,0.9124989901483515,3,1,1,0,1,0,0,1,0,0,0,0,0,0,1,0,1,0,0,0,1,0,0,1,0,1,0,0
0,0.060345819010170096,1.4939259307262407,0.572162169608165,1.3466029239798671,5,0,0,0,1,0,1,1,0,0,1,0,1,0,1,0,0,0,1,0,1,0,0,1,0,0,1,1
1,0.38662749371999894,0.6573389498611624,0.5519121023766211,0.6441012984808151,1,0,0,0,1,0,1,1,0,0,0,0,0,0,0,0,0,0,1,0,0,0,0,1,0,1,0,1
0,1.0799760524783852,0.020335344152762405,0.6665963066650705,-0.01528604985633177,3,0,1,1,1,0,1,0,0,0,1,0,1,0,0,0,1,0,0,0,0,1,0,0,0,0,1,0
0,-0.877713995780588,0.4860298861850129,-0.6272903420641621,0.4662898387387733,1,1,1,1,1,0,0,1,0,0,0,0,0,0,0,0,0,0,1,0,0,0,0,1,0,0,0,1
1,1.1207612618171139,0.5342625351812104,1.1332743266547671,0.5336060992227483,1,1,1,1,1,0,1,1,0,0,1,0,0,0,0,0,0,0,0,0,0,0,0,1,0,1,0,0
0,-0.22515064636093016,-0.29068208213306207,-0.3754439176823146,-0.3839359245380435,2,0,0,0,1,0,0,0,0,0,0,0,1,0,0,0,1,0,0,0,0,0,0,1,0,0,1,0
0,-1.285566089167874,0.6955924300995255,-0.9726003120451938,0.6932392192824632,1,0,0,0,1,0,1,1,0,0,0,0,0,0,0,0,0,0,0,0,1,0,0,0,0,0,1,1
1,-1.285566089167874,0.47272432784123414,-0.9755562042118899,0.471112136333327,1,1,0,0,1,0,0,1,0,0,0,0,0,0,0,0,0,0,1,0,0,0,0,1,0,1,0,1
0,-0.6330027397482163,-1.0141718170760226,-0.7489451577307898,-0.9953361518458028,2,1,1,0,0,1,0,0,0,0,1,0,0,0,1,0,0,0,0,0,0,0,0,0,0,0,1,0
0,1.0391908431396566,-1.4682239955574667,-0.487238406494367,-1.4734144131533395,0,1,1,0,1,0,0,0,1,1,0,1,0,1,0,1,0,1,0,1,0,0,1,0,0,0,1,0
0,-1.285566089167874,-1.5330885924833875,-1.0021592337121532,-1.528031610208898,0,1,1,1,1,0,0,0,1,1,0,1,0,1,0,1,0,1,0,1,0,1,0,0,0,0,1,0
0,-1.2039956704904167,-0.6848592480675028,-0.9511149465947324,-0.6649408053169809,0,0,1,1,1,0,0,0,0,0,0,0,0,0,0,0,0,0,0,0,0,0,0,0,0,0,1,1
0,0.8352647964460137,0.8619119093967579,1.1606714764386203,0.9270637859014071,3,0,0,0,1,0,1,1,0,0,1,0,1,0,1,0,0,0,0,0,0,0,0,0,0,1,0,0
0,0.1011310283488987,-1.3068941006391515,-0.6128417646821782,-1.2976162032691223,0,1,0,0,1,0,1,0,1,1,0,1,0,1,0,1,0,1,0,1,0,0,0,1,0,1,0,0
0,0.7129091684298279,1.3658599316673719,1.3462309160374732,1.3906519531508255,4,1,1,1,1,0,1,1,0,0,1,0,0,0,1,0,0,0,1,0,1,0,0,0,1,0,0,1
0,1.4470429365269428,0.19663399220782857,1.1336493278997954,0.21814761265431204,3,1,1,1,1,0,1,0,0,0,0,0,1,0,0,0,1,0,0,0,1,0,1,0,1,0,0,0
0,0.590553540413642,-1.3135468798110408,-0.5078634749709394,-1.3477341113146484,0,1,1,0,1,0,1,0,1,1,0,1,0,1,0,1,0,1,0,1,0,0,0,0,0,1,0,0
1,1.324687308510757,1.4606620348667942,2.1141672891657253,1.4610950563106537,4,0,1,0,1,0,1,1,0,0,0,0,1,0,1,0,0,0,1,0,1,0,0,1,0,0,0,0
0,-1.1224252518129596,0.16170690155540987,-0.8672470210889267,0.0009983995842600337,0,1,0,0,1,0,0,1,0,0,0,0,0,0,0,0,0,0,0,0,0,0,0,1,0,1,0,1
0,0.7536943777685564,0.9899779084556269,1.1128257293523256,0.9772849579263764,2,1,1,0,1,0,1,1,0,0,0,0,0,0,0,0,0,0,1,0,1,0,0,1,0,1,0,1
0,0.5497683310749134,1.0365473626588517,0.930508947578132,1.019510894983547,2,0,0,0,1,0,1,1,0,0,0,0,0,0,0,0,0,0,1,0,1,0,0,0,0,0,0,1
0,-0.9592844144580451,0.3978805621574796,-0.717709759909585,0.29300526302336466,0,0,0,0,1,0,1,1,0,0,0,0,0,0,0,0,0,0,0,0,0,0,0,1,0,1,0,0
0,-1.0000696237967737,-1.48485594348719,-0.9334016524913231,-1.4275356818223952,0,0,0,0,1,0,0,0,1,1,0,1,0,1,0,1,0,1,0,1,0,0,1,0,0,0,1,0
0,-0.7553583677644021,-1.3335052173267088,-0.8685264371013771,-1.3894981949367822,0,1,0,0,1,0,1,0,1,1,0,1,0,1,0,1,0,1,0,1,0,1,0,1,1,0,0,0
0,0.5089831217361848,1.6885197215040026,1.2508041286260803,1.624846835830333,6,0,0,0,1,0,1,1,0,0,1,0,1,0,1,0,1,0,1,0,1,0,0,1,0,1,0,0
0,-1.0000696237967737,0.323036796473725,-0.7682908101949117,0.12341694492600393,0,0,0,0,1,0,1,1,0,0,0,0,0,0,0,0,0,0,0,0,0,0,0,1,1,0,0,0
1,-1.285566089167874,-0.49026545728974086,-0.9883283054396282,-0.48867578178271626,1,1,0,1,1,0,0,0,0,0,0,0,0,0,1,0,0,0,0,0,0,0,0,1,0,0,1,1
0,1.3654725178494855,1.2727210232609218,2.0916010377737106,1.3806677878394347,5,1,1,1,1,0,0,1,0,0,1,0,1,0,1,0,0,0,1,0,1,1,0,1,0,0,0,0
0,1.6101837738818572,0.23987705682510888,1.2027819103656543,0.15866534500841778,4,1,1,1,1,0,1,0,0,0,1,0,1,0,1,0,1,0,0,0,0,0,1,0,1,0,0,0
0,0.34584228438127035,1.6203287349921371,1.016737175037941,1.5642409935768276,6,0,1,0,1,0,1,1,0,0,1,0,1,0,1,0,1,0,1,0,1,0,0,1,0,0,0,1
0,-0.3882914837158446,-1.3235260485688747,-0.7406951303401609,-1.2699404083786394,0,0,1,1,1,0,1,0,1,1,0,1,0,1,0,1,0,1,0,1,0,0,1,0,0,0,1,0
0,-0.14358022768347295,0.4660715486693452,0.04138099561534603,0.574287479803011,1,0,0,0,1,0,0,1,0,0,0,0,0,0,0,0,0,0,1,0,0,0,0,1,0,1,0,1
0,-1.1632104611516882,0.5076514184936533,-0.8693426162817335,0.4997068541010333,1,0,0,0,1,0,1,1,0,0,1,0,0,0,0,0,0,0,0,0,0,0,0,1,0,1,0,0
0,-1.081640042474231,-1.3135468798110408,-0.9428208014105706,-1.304246862461634,0,1,1,1,1,0,1,0,1,1,0,1,0,1,0,1,0,1,0,1,0,0,1,0,0,0,1,0
1,1.4062577271882142,1.3475647889446765,2.0934981028956208,1.3300793969512945,5,0,1,0,1,0,1,1,0,0,1,0,1,0,1,0,1,0,0,0,1,1,0,1,1,0,0,0
1,-1.0408548331355023,-0.6366265990713053,-0.8585999335565027,-0.5211186499746476,0,1,0,1,1,0,0,0,0,0,0,0,0,0,0,0,0,0,0,0,0,0,0,1,0,0,1,0
0,0.9576204244621995,-1.3451475808775148,-0.3788409877843382,-1.3037436427907736,0,1,1,1,1,0,1,0,1,1,0,1,0,1,0,1,0,1,0,1,0,1,0,1,0,0,1,0
0,1.6101837738818572,-1.3268524381548195,-0.19462714088823518,-1.2998264229999594,0,0,1,0,1,0,1,0,1,1,0,1,0,1,0,1,0,1,0,1,0,0,1,0,1,0,0,0
0,1.6101837738818572,0.67729728737683,1.6732761194959362,0.6497255183316067,5,1,1,0,1,0,1,0,0,0,1,0,1,0,1,0,0,0,1,0,1,0,1,1,0,1,0,0
0,-0.3882914837158446,-1.5064774757958301,-0.8222248127887295,-1.5363199341995375,0,1,1,1,1,0,0,0,1,1,0,1,0,1,0,1,0,1,0,1,0,0,1,0,1,0,0,0
0,0.1011310283488987,-0.49026545728974086,-0.2801494836515201,-0.5833047608301308,0,0,0,1,1,0,1,0,0,0,0,0,0,0,0,0,0,0,0,0,0,0,0,0,0,0,1,0
1,-0.22515064636093016,0.18831801824296696,-0.152847590412697,0.23560094501412138,0,1,1,0,1,0,0,1,0,0,0,0,0,0,0,0,0,0,0,0,0,0,0,1,0,1,0,0
0,-0.2659358556996588,-0.16095288828122092,-0.2974436587163679,-0.09051744854007696,2,0,1,1,1,0,1,0,0,0,0,0,1,0,0,0,1,0,0,0,0,0,0,1,0,1,0,1
0,-0.8369287864418593,-1.2802829839515943,-0.8715043881648394,-1.2811776940210207,0,1,1,1,1,0,1,0,1,1,0,1,0,1,0,1,0,1,0,1,0,1,0,0,0,0,1,0
0,0.30505707504254176,-1.4881823330731347,-0.6553713176477736,-1.4842278179183686,0,0,0,0,1,0,0,0,1,1,0,1,0,1,0,1,0,1,0,1,0,0,1,0,0,0,1,0
0,-1.0408548331355023,-0.20086956331255654,-0.8049968144141807,0.054327844232602555,5,1,1,1,0,1,0,0,0,0,1,0,1,0,1,0,0,0,1,0,1,0,0,0,0,0,1,0
0,1.5286133552044,1.0864432064480214,1.9317843307012326,1.0072719748249466,3,1,1,1,1,0,1,1,0,0,1,0,1,0,0,0,0,0,1,0,0,0,0,1,1,0,0,0
0,1.1207612618171139,-1.504814281002858,-0.49791491252929865,-1.5093828812299592,0,1,1,1,1,0,0,0,1,1,0,1,0,1,0,1,0,1,0,1,0,0,1,0,1,0,0,0
0,0.2642718657038131,-1.3185364641899577,-0.5923269906894377,-1.345645978189238,0,1,1,1,0,1,0,0,0,0,0,0,0,0,0,0,0,0,0,0,0,1,0,1,1,0,0,0
0,1.6101837738818572,1.6486030464726669,2.6844338883703784,1.705082416684161,6,1,1,0,1,0,1,1,0,0,1,0,1,0,1,0,1,0,1,0,1,0,1,0,1,0,0,0
0,-1.285566089167874,-1.0041926483181887,-0.9951445045404421,-1.0008942044042315,1,0,0,0,0,1,0,0,0,0,0,0,0,0,0,0,0,0,1,0,0,0,0,1,0,1,0,1
0,0.8760500057847422,0.1933076026218841,0.6527874372893118,0.16327764382172708,3,1,1,1,1,0,1,0,0,0,0,0,1,0,0,0,1,0,1,0,0,1,0,1,0,1,0,0
0,-1.2039956704904167,0.6789604821698023,-0.8936294616215262,0.7750173493234387,1,1,0,0,1,0,1,1,0,0,0,0,0,0,0,0,0,0,0,0,1,0,0,1,0,1,0,1
0,1.2431168898332998,0.35463749754019924,1.0665461639364446,0.3261585589859228,5,0,1,1,1,0,0,0,0,0,1,0,1,0,1,0,1,0,1,0,0,0,1,0,1,0,0,0
0,1.5693985645431285,0.6623285342400791,1.7038497504141492,0.7215362578082515,2,1,1,1,1,0,1,1,0,0,0,0,1,0,0,0,1,0,0,0,0,0,1,1,0,1,0,0
0,0.38662749371999894,-1.4715503851434115,-0.5877607990587955,-1.3950237442638749,0,0,0,0,1,0,0,0,1,1,0,1,0,1,0,1,0,1,0,1,0,1,0,1,0,0,1,0
0,0.590553540413642,-1.4782031643153006,-0.5944225858822445,-1.4861314872264315,0,1,0,0,1,0,0,0,1,1,0,1,0,1,0,1,0,1,0,1,0,0,1,0,0,0,0,0
0,1.3654725178494855,1.2494362961593093,1.9080048399870668,1.1716262103421866,4,0,1,1,1,0,1,1,0,0,0,0,1,0,1,0,0,0,1,0,1,1,0,1,1,0,0,1
0,-0.46986190239330183,1.31430089308523,-0.0397516266914277,1.322283541962515,4,0,1,0,1,0,1,1,0,0,1,0,0,0,1,0,0,0,1,0,1,0,0,1,0,0,0,1
0,-0.877713995780588,-0.9725919472517146,-0.8229086385884875,-0.8700893821519586,2,1,0,0,0,1,0,0,0,0,0,0,1,0,0,0,1,0,0,0,0,0,0,1,0,1,0,0
0,-1.285566089167874,1.1596237773388038,-0.9664458798473717,1.1557276979601423,3,1,0,1,1,0,1,1,0,0,0,0,0,0,1,0,0,0,1,0,1,0,0,1,0,1,0,1
1,0.9168352151234709,0.8502695458459517,1.2152010692451307,0.8896272888206687,3,0,1,0,1,0,1,1,0,0,0,0,1,0,1,0,1,0,0,0,0,0,0,0,0,1,0,0
0,1.4878281458656715,1.0897695960339664,1.96465208688315,1.0888445269748086,4,1,0,0,1,0,1,1,0,0,0,0,1,0,1,0,1,0,1,0,0,0,1,1,1,0,0,0
1,-1.2039956704904167,0.2980888745791402,-0.9238060323979445,0.01912220137712488,1,0,0,0,1,0,0,1,0,0,0,0,0,0,1,0,0,0,0,0,0,0,0,0,0,1,0,0
0,-1.1632104611516882,0.31638401730183613,-0.8782323516785877,0.332697125689649,4,1,0,0,1,0,0,0,0,0,0,0,0,0,1,0,1,0,1,0,1,0,0,1,0,1,0,1
1,-0.10279501834474433,0.14008536924676948,-0.08667090011353414,0.16267597289499935,3,1,0,0,1,0,1,0,0,0,0,0,0,0,1,0,1,0,1,0,0,0,1,1,1,0,0,0
0,-1.1224252518129596,0.5941375477282139,-0.8261512964131466,0.6186443033667085,2,0,0,0,1,0,1,1,0,0,0,0,0,0,1,0,1,0,0,0,0,0,0,1,0,1,0,0
0,1.5693985645431285,-1.3468107756704872,-0.24924496928181092,-1.345641787631785,0,0,1,0,1,0,1,0,1,1,0,1,0,1,0,1,0,1,0,1,0,0,1,1,1,0,0,0
0,-0.14358022768347295,-0.32061958840656385,-0.2956568880782905,-0.29907322538995135,1,0,0,0,1,0,1,0,0,0,0,0,1,0,0,0,0,0,0,0,0,1,0,1,0,1,0,0
0,0.7944795871072851,-0.11770982366394037,0.38788214602176285,-0.1305245508795094,2,1,1,0,1,0,1,0,0,0,0,0,1,0,0,0,1,0,0,0,0,0,0,0,0,0,0,0
0,1.4470429365269428,0.39455417257153513,1.2983410511576456,0.4001494565193525,4,1,0,0,1,0,1,0,0,0,1,0,1,0,1,0,0,0,0,0,1,1,0,0,1,0,0,0
0,0.5497683310749134,-1.5131302549677197,-0.5834593141893499,-1.453761020014516,0,0,1,1,1,0,0,0,1,1,0,1,0,1,0,1,0,1,0,1,0,0,1,0,0,0,1,0
0,-1.0000696237967737,-0.33725153633628707,-0.8171953843259931,-0.3359634122551851,1,1,0,0,1,0,0,0,0,0,0,0,0,0,0,0,0,0,0,0,1,0,0,1,1,0,0,0
0,1.6101837738818572,-1.5031510862098856,-0.3831424726537838,-1.4965820252888604,0,1,1,0,1,0,0,0,1,1,0,1,0,1,0,1,0,1,0,1,0,0,1,0,1,0,0,0
0,-0.6330027397482163,-1.4964983070379965,-0.8678867290951519,-1.5211084219343638,0,0,0,0,1,0,0,0,1,1,0,1,0,1,0,1,0,1,0,1,0,1,0,0,0,0,0,0
0,-1.2039956704904167,1.432387723386265,-0.8698940887008932,1.369566456918639,5,1,0,0,1,0,0,1,0,0,0,0,1,0,1,0,1,0,1,0,1,0,0,1,0,1,0,0
1,-1.2447808798291453,0.6290646383806325,-0.9382325508831622,0.5622837002303605,2,0,0,0,1,0,0,1,0,0,0,0,1,0,0,0,0,0,1,0,0,0,0,1,0,0,0,0
0,-0.9592844144580451,0.31139443292291896,-0.7282539125639181,0.20496484374501733,1,0,0,0,1,0,0,1,0,0,1,0,0,0,0,0,0,0,0,0,0,0,0,1,1,0,0,1
0,0.7536943777685564,-0.28236610816820046,0.28153620471100804,-0.24759931496478488,4,0,0,0,0,1,0,0,0,0,0,0,1,0,1,0,0,0,1,0,1,1,0,1,1,0,0,0
0,-1.081640042474231,-1.489845527866107,-0.9661811730861751,-1.5968246993312052,0,0,1,1,1,0,0,0,1,1,0,1,0,1,0,1,0,1,0,1,0,0,1,0,0,0,1,0
0,-1.2039956704904167,0.9982938824204887,-0.8899235669647731,0.8678465780186,2,0,1,0,1,0,1,1,0,0,0,0,0,0,0,0,0,0,1,0,1,0,0,0,0,1,0,0
1,-0.6330027397482163,0.975009155318876,-0.3009730821989899,0.9848907140589632,2,0,0,0,1,0,1,1,0,0,0,0,0,0,0,0,0,0,1,0,1,0,0,1,0,1,0,0
0,-0.10279501834474433,-0.49858143125460247,-0.3742968550504624,-0.5578004038646487,0,1,1,0,1,0,1,0,0,0,0,0,0,0,0,0,0,0,0,0,0,0,0,0,0,1,0,0
0,-0.06200980900601573,0.20494996617269018,-0.05391343841544851,0.1674386399279,3,1,0,0,1,0,1,0,0,0,0,0,1,0,0,0,1,0,1,0,0,0,0,1,0,1,0,0
0,0.5089831217361848,0.557547262282823,0.5860372156742227,0.5147271390218474,5,0,0,0,1,0,0,0,0,0,1,0,0,0,1,0,1,0,1,0,1,0,1,0,0,0,0,0
0,1.2839020991720282,0.8170056499865053,1.501018194647215,0.7975943985271073,3,1,1,0,1,0,1,1,0,0,1,0,1,0,1,0,0,0,0,0,0,1,0,0,0,0,0,0
0,-1.285566089167874,-0.16760566745311006,-0.9840488794669492,-0.16708881094590716,1,1,0,0,1,0,1,0,0,0,0,0,0,0,0,0,0,0,1,0,0,0,0,1,0,1,0,1
1,-1.285566089167874,0.1567173171764927,-0.9797473945975036,0.1561558246890295,0,0,0,0,1,0,0,1,0,0,0,0,0,0,0,0,0,0,0,0,0,0,0,1,0,1,0,1
1,1.1615464711558425,1.134675855444219,1.6230700704556378,1.0929810091260885,3,1,1,1,1,0,1,1,0,0,0,0,1,0,0,0,0,0,1,0,1,1,0,0,0,1,0,0
0,-1.285566089167874,-1.524772618518526,-1.0020489392283214,-1.5197432862182585,0,1,0,0,1,0,0,0,1,1,0,1,0,1,0,1,0,1,0,1,0,0,0,0,0,0,1,0
0,-0.9592844144580451,-0.6482689626221115,-0.8256880595810524,-0.608580202180633,2,1,0,0,0,1,0,0,0,0,0,0,0,0,0,0,0,0,1,0,1,0,0,1,0,1,0,1
0,1.6101837738818572,1.6486030464726669,2.56333054512291,1.5786854758269104,6,1,1,1,1,0,1,1,0,0,1,0,1,0,1,0,1,0,1,0,1,0,1,0,0,0,0,0
0,-1.285566089167874,-1.509803865381775,-1.0018504091574238,-1.5048243030351076,0,0,0,0,1,0,0,0,1,1,0,1,0,1,0,1,0,1,0,1,0,0,0,0,0,0,1,1
0,-1.0408548331355023,-0.6865224428604749,-0.872166155067831,-0.6667563429530259,0,0,1,0,1,0,0,0,0,0,0,0,0,0,0,0,0,0,0,0,0,0,0,1,0,0,1,0
0,1.3654725178494855,0.8535959354318963,1.694386483701369,0.9284015754168776,3,0,1,0,1,0,1,1,0,0,0,0,1,0,1,0,1,0,0,0,0,1,0,1,0,0,0,0
0,0.30505707504254176,-1.4798663591082732,-0.6816434636965412,-1.5335847872826263,0,1,1,1,1,0,0,0,1,1,0,1,0,1,0,1,0,1,0,1,0,0,0,1,0,0,0,0
0,-0.6737879490869448,0.21659232972349673,-0.47570160348554635,0.3602558029585249,3,1,0,0,1,0,1,0,0,0,0,0,1,0,1,0,0,0,0,0,1,0,0,1,0,0,0,0
0,-1.2447808798291453,0.7404986895097785,-0.9293869332798406,0.8946454922550009,2,0,0,0,1,0,0,1,0,0,0,0,1,0,0,0,0,0,1,0,0,0,0,1,0,0,0,1
0,1.4062577271882142,-1.3318420225337362,-0.31184811830481907,-1.367757691369011,0,1,1,0,1,0,1,0,1,1,0,1,0,1,0,1,0,1,0,1,0,0,1,0,1,0,0,0
0,0.34584228438127035,1.3159640878782022,0.8257512468345573,1.2141907052307013,5,0,1,0,1,0,0,1,0,0,1,0,1,0,1,0,0,0,1,0,1,1,0,1,0,0,0,0
0,0.9576204244621995,-1.499824696623941,-0.5163782091227651,-1.4883068573680476,0,0,1,1,1,0,0,0,1,1,0,1,0,1,0,1,0,1,0,1,0,0,1,1,1,0,0,0
0,1.6101837738818572,1.7151308381915598,2.524948064749396,1.5386252432054868,6,0,0,0,1,0,1,1,0,0,1,0,1,0,1,0,1,0,1,0,1,0,1,1,0,0,0,0
0,-1.2039956704904167,0.6606653394471068,-0.8936074027247599,0.7755699042561485,1,0,1,1,1,0,1,1,0,0,0,0,0,0,0,0,0,0,0,0,1,0,0,1,0,0,0,1
0,0.8760500057847422,-1.4915087226590795,-0.5240988229910007,-1.4744951767286196,0,0,1,0,1,0,0,0,1,1,0,1,0,1,0,1,0,1,0,1,0,0,1,0,1,0,0,0
1,0.7944795871072851,1.525526631792715,1.5624963399351375,1.5669560805726361,5,1,0,0,1,0,1,1,0,0,0,0,1,0,1,0,1,0,1,0,1,0,0,1,0,1,0,0
0,0.7129091684298279,0.8253216239513669,0.8885970437219954,0.7028536751116051,3,0,0,0,1,0,0,1,0,0,0,0,0,0,1,0,1,0,0,0,1,0,1,1,0,0,0,0
0,-0.7553583677644021,0.8336375979162285,-0.49056929990609155,0.6392467087148697,2,1,0,0,1,0,1,1,0,0,0,0,0,0,0,0,1,0,1,0,0,0,0,1,0,1,0,1
0,-0.22515064636093016,-0.5384981062859381,-0.383208649344083,-0.4055469619062292,1,1,1,0,1,0,0,0,0,0,1,0,0,0,0,0,0,0,0,0,0,1,0,0,1,0,0,0
1,1.6101837738818572,1.0548425053815471,2.001688974553915,0.9924937615889382,4,0,1,0,1,0,1,1,0,0,1,0,1,0,1,0,1,0,0,0,0,0,1,1,0,0,0,0
0,1.2023316804945712,0.3130576277158912,1.0622226201702325,0.36087742725782324,4,1,0,0,1,0,0,0,0,0,1,0,1,0,0,0,0,0,1,0,1,1,0,1,1,0,0,0
0,-0.8369287864418593,-0.3522202894730381,-0.7217024202243011,-0.34307755701381737,2,0,0,0,1,0,0,0,0,0,0,0,1,0,0,0,1,0,0,0,0,0,0,1,0,1,0,0
1,0.4681979123974562,0.33135277043858663,0.4313381726515465,0.31110980911402936,4,0,0,0,1,0,0,0,0,0,0,0,0,0,1,0,1,0,1,0,1,1,0,0,0,0,0,0
0,0.8760500057847422,0.5009986393217639,0.9139868339001077,0.526766697055658,2,1,1,1,1,0,0,1,0,0,0,0,1,0,0,0,1,0,0,0,0,0,1,1,0,0,0,0
0,1.4470429365269428,-1.4915087226590795,-0.39858370039025515,-1.475132601209817,0,0,0,0,1,0,0,0,1,1,0,1,0,1,0,1,0,1,0,1,0,0,1,0,0,0,0,0
0,-0.5106471117320305,-1.5131302549677197,-0.8271880645611667,-1.4627196171626595,0,1,0,0,1,0,0,0,1,1,0,1,0,1,0,1,0,1,0,1,0,0,0,0,0,0,1,0
0,0.7129091684298279,-0.3322619519573701,0.14282986184396262,-0.41799295479054344,1,1,1,1,1,0,1,0,0,0,0,0,0,0,1,0,0,0,0,0,0,1,0,0,0,0,0,0
0,1.0391908431396566,-1.3451475808775148,-0.342686455984229,-1.2861268713924432,0,1,0,0,1,0,1,0,1,1,0,1,0,1,0,1,0,1,0,1,0,0,1,1,1,0,0,0
0,0.1011310283488987,0.8236584291583947,0.38437478143590714,0.8434710118442246,2,1,1,1,1,0,1,1,0,0,0,0,1,0,0,0,0,0,1,0,0,0,0,1,0,0,0,0
0,-1.2447808798291453,-0.6482689626221115,-0.9747400250315336,-0.8094339202204612,0,0,0,0,1,0,0,0,0,0,0,0,0,0,0,0,0,0,0,0,0,0,0,1,0,1,0,0
0,1.2431168898332998,0.3596270819191164,1.0528034712509848,0.3097660959822134,4,1,1,1,1,0,1,0,0,0,1,0,0,0,1,0,1,0,0,0,1,0,1,0,0,0,1,0
0,1.0391908431396566,1.5222002422067704,1.8689605927105606,1.5793753755920314,5,0,1,0,1,0,1,1,0,0,1,0,1,0,1,0,0,0,1,0,1,1,0,1,1,0,0,0
0,-0.22515064636093016,-1.4748767747293563,-0.7531142892196371,-1.43507959152869,0,0,1,1,1,0,0,0,1,1,0,1,0,1,0,1,0,1,0,1,0,1,0,1,0,0,1,0
0,1.5693985645431285,1.6718877735742794,2.5534261004748027,1.6207376949222974,6,0,1,0,1,0,1,1,0,0,1,0,1,0,1,0,1,0,1,0,1,0,1,1,1,0,0,0
0,1.2431168898332998,-0.21084873207039062,0.5352135175244658,-0.3076219488316375,2,0,0,0,1,0,0,0,0,0,0,0,0,0,1,0,0,0,0,0,1,1,0,0,1,0,0,0
0,1.5693985645431285,0.9434084542524017,1.9319608018753633,0.9629716335468494,3,1,1,0,1,0,1,1,0,0,0,0,1,0,1,0,0,0,0,0,1,0,0,1,0,0,0,0
1,0.34584228438127035,1.6070231766483587,1.0584505488231801,1.6406957285343846,5,0,0,0,1,0,1,1,0,0,1,0,1,0,1,0,0,0,1,0,1,0,0,1,0,1,0,1
1,-0.7961435771031307,0.851932740638924,-0.48053250187738517,0.9119234599585647,2,1,0,0,1,0,0,1,0,0,0,0,0,0,0,0,0,0,1,0,1,0,0,1,0,1,0,1
0,-1.2447808798291453,0.46939793825528964,-0.9470781684864834,0.2299219082057205,1,1,0,0,1,0,0,1,0,0,0,0,0,0,0,0,0,0,1,0,0,0,0,0,0,1,0,1
0,1.4470429365269428,-1.5147934497606919,-0.4401647207948958,-1.5210840445108618,0,0,1,1,1,0,0,0,1,1,0,1,0,1,0,1,0,1,0,1,0,0,1,1,0,0,0,0
0,-1.285566089167874,-0.5368349114929658,-0.9889459545490872,-0.5350903961302969,1,1,1,1,1,0,0,0,0,0,1,0,0,0,0,0,0,0,0,0,0,0,0,1,0,0,1,0
1,1.324687308510757,1.4689780088316557,2.125527621000415,1.4742288620188975,5,1,0,0,1,0,1,1,0,0,1,0,0,0,1,0,1,0,1,0,1,0,1,1,0,1,0,0
1,1.6101837738818572,-1.3268524381548195,-0.21520809157127488,-1.3213069960090336,0,1,1,0,1,0,1,0,1,1,0,1,0,1,0,1,0,1,0,1,0,0,1,1,0,0,0,0
0,-0.18436543702220157,-0.3322619519573701,-0.34641440953774844,-0.36914630937485216,1,0,0,0,1,0,1,0,0,0,0,0,0,0,0,0,1,0,0,0,0,0,0,1,1,0,0,0
0,1.6101837738818572,-1.335168412119681,-0.1902594793284905,-1.2952678448051078,0,1,1,1,1,0,1,0,1,1,0,1,0,1,0,1,0,1,0,1,0,0,1,0,1,0,0,0
0,-1.2447808798291453,0.8735542729475644,-0.9361148967935888,0.641851610540499,3,0,0,0,1,0,0,1,0,0,1,0,1,0,0,0,0,0,1,0,0,0,0,1,0,1,0,0
0,-0.5922175304094877,-1.4881823330731347,-0.8380189828734631,-1.4314265894735563,0,0,0,1,1,0,0,0,1,1,0,1,0,1,0,1,0,1,0,1,0,1,0,0,0,0,0,1
1,1.1207612618171139,1.3126376982922574,1.7863720832172054,1.3515807938589515,4,1,1,0,1,0,1,1,0,0,0,0,1,0,1,0,0,0,1,0,1,1,0,1,0,1,0,0
1,-0.2659358556996588,0.038630486875457865,-0.2814509585607369,-0.044294103207664734,2,0,0,0,1,0,1,0,0,0,0,0,0,0,0,0,1,0,0,0,1,0,0,1,0,1,0,0
0,-1.285566089167874,0.22490830368835835,-0.9788429798300816,0.22412008141227302,0,1,0,1,1,0,0,1,0,0,0,0,0,0,0,0,0,0,0,0,0,0,0,1,0,1,0,1
0,-1.1632104611516882,-1.4815295539012454,-0.9762620889084143,-1.5089684650304274,0,0,0,0,1,0,0,0,1,1,0,1,0,1,0,1,0,1,0,1,0,0,0,0,0,0,1,1
0,1.4470429365269428,0.9084813635999831,1.8099309849637077,0.965510662374968,6,1,1,1,1,0,1,0,0,0,1,0,1,0,1,0,1,0,1,0,1,0,1,1,1,0,0,0
0,0.22348665636508452,0.6440333915173836,0.4297719909811329,0.696816285425792,3,0,0,0,1,0,0,1,0,0,0,0,1,0,1,0,1,0,0,0,0,0,0,1,1,0,0,1
1,0.38662749371999894,1.3409120097727871,1.0185901223663176,1.4790907382235166,4,0,1,0,1,0,1,1,0,0,1,0,0,0,1,0,0,0,1,0,1,1,0,1,0,0,0,0
0,0.9984056338009281,-1.5064774757958301,-0.5100473057508118,-1.491592066488648,0,0,1,0,1,0,0,0,1,1,0,1,0,1,0,1,0,1,0,1,0,0,1,1,0,0,0,0
0,0.8760500057847422,-1.1472274005138086,-0.29514953345266365,-1.1558858630291886,1,1,1,0,0,1,0,0,0,0,0,0,1,0,0,0,0,0,0,0,0,0,0,0,0,1,0,0
0,-0.8369287864418593,0.43946043198178764,-0.5925255207603352,0.46586286447258873,1,0,0,0,1,0,0,1,0,0,0,0,0,0,0,0,0,0,0,0,1,0,0,0,0,0,0,1
0,0.4681979123974562,-0.11272023928502345,0.19052119665289263,-0.10017943182147275,3,0,1,0,1,0,0,0,0,0,1,0,1,0,1,0,0,0,0,0,0,1,0,1,0,0,1,0
0,0.38662749371999894,0.1500645380046038,0.3388011007165504,0.26279892670192373,3,1,1,1,1,0,1,0,0,0,1,0,1,0,0,0,0,0,1,0,0,0,0,1,0,0,0,0
0,1.6101837738818572,-1.335168412119681,-0.22974490454032434,-1.3364792335363427,0,1,1,1,1,0,1,0,1,1,0,1,0,1,0,1,0,1,0,1,0,0,1,0,0,0,0,0
0,1.5693985645431285,0.8702278833616195,1.7662102515727272,0.7875393336435693,6,0,1,1,1,0,1,0,0,0,1,0,1,0,1,0,1,0,1,0,1,0,1,0,0,0,1,0
0,-0.551432321070759,0.8236584291583947,-0.2335169758873766,0.9215607338456561,2,0,1,0,1,0,1,1,0,0,0,0,0,0,1,0,0,0,0,0,1,0,0,0,0,0,1,1
0,-0.3882914837158446,0.2914360954072513,-0.2857083256366497,0.21662455362943386,3,0,1,0,1,0,1,0,0,0,0,0,0,0,0,0,1,0,1,0,1,0,0,1,1,0,0,0
0,-0.10279501834474433,-1.5131302549677197,-0.7552319433092103,-1.5120075171603284,0,0,0,0,1,0,0,0,1,1,0,1,0,1,0,1,0,1,0,1,0,0,1,0,1,0,0,0
0,0.1011310283488987,-1.2869357631234835,-0.5891725684518442,-1.246796936743659,0,1,0,0,1,0,1,0,1,1,0,1,0,1,0,1,0,1,0,1,0,1,0,0,0,0,0,0
0,-0.9184992051193165,1.124696686686385,-0.58107695333858,1.07533095525094,3,0,0,0,1,0,1,1,0,0,1,0,0,0,0,0,0,0,1,0,1,0,0,1,0,1,0,1
0,-1.285566089167874,-0.6998280012042535,-0.9911077264321932,-0.6975415463468292,0,1,0,0,1,0,0,0,0,0,0,0,0,0,0,0,0,0,0,0,0,0,0,1,0,0,0,0
0,-0.4290766930545732,0.16004370676243765,-0.35292178408383273,0.0946715303584684,0,1,0,0,1,0,0,1,0,0,0,0,0,0,0,0,0,0,0,0,0,0,0,1,0,0,1,0
0,-1.0408548331355023,-0.8761266492593198,-0.8869235570045444,-0.8251817358026762,3,1,1,1,0,1,0,0,0,0,1,0,1,0,1,0,0,0,0,0,0,0,1,0,0,0,1,0
0,0.14191623768762732,-0.3921369645043737,-0.1716638293544257,-0.4004051312824065,5,0,0,0,0,1,0,0,0,0,1,0,1,0,1,0,1,0,0,0,1,0,1,1,0,0,1,0
0,0.060345819010170096,-1.4715503851434115,-0.6943935060275132,-1.4527541264350905,0,0,1,1,1,0,0,0,1,1,0,1,0,1,0,1,0,1,0,1,0,0,0,0,0,0,1,0
0,1.6101837738818572,-0.014591746499656288,1.0719064758506767,0.0220691610182411,3,1,1,1,1,0,1,0,0,0,1,0,1,0,1,0,0,0,0,0,0,0,1,0,1,0,0,0
0,0.14191623768762732,-1.3235260485688747,-0.5997387800029439,-1.2939785499621195,0,1,1,1,1,0,1,0,1,1,0,1,0,1,0,1,0,1,0,1,0,0,1,0,1,0,0,0
0,-1.285566089167874,0.38124861422775635,-0.9767694435340413,0.3799405724362935,1,0,0,0,1,0,0,1,0,0,0,0,0,0,1,0,0,0,0,0,0,0,0,0,0,1,0,1
0,-0.3882914837158446,0.4743875226342068,-0.27062004024844055,0.2659220632781065,1,0,0,0,1,0,1,1,0,0,0,0,1,0,0,0,0,0,0,0,0,0,0,1,0,1,0,1
1,-0.02122459966728712,0.6689813134119684,0.15516078513637344,0.5859572256286246,1,1,1,0,1,0,1,1,0,0,0,0,0,0,0,0,0,0,0,0,1,0,0,1,0,1,0,1
0,1.5693985645431285,1.0066098563853503,1.9766962445175982,1.0103201435553475,4,0,1,1,1,0,1,1,0,0,1,0,1,0,1,0,1,0,0,0,0,1,0,1,1,0,0,0
1,-0.3882914837158446,0.48104030180609575,-0.20075951418929097,0.49417529874206284,1,0,0,0,1,0,1,1,0,0,0,0,0,0,1,0,0,0,0,0,0,0,0,1,0,0,1,0
0,-0.6330027397482163,1.05650570017452,-0.30975252311201223,0.9460818558439689,3,1,1,0,1,0,0,1,0,0,0,0,0,0,1,0,0,0,1,0,1,1,0,1,0,0,0,0
0,-1.285566089167874,0.352974302747227,-0.9771444447790698,0.3517602708681197,4,1,0,0,1,0,0,0,0,0,0,0,0,0,1,0,1,0,1,0,1,0,0,1,0,1,0,0
0,-0.8369287864418593,-1.5031510862098856,-0.8964750593043903,-1.437550739977751,0,1,1,1,1,0,0,0,1,1,0,1,0,1,0,1,0,1,0,1,0,0,1,0,0,0,1,0
0,1.6101837738818572,-1.4765399695223285,-0.34769382555019895,-1.4595838679195343,0,0,1,0,1,0,0,0,1,1,0,1,0,1,0,1,0,1,0,1,0,0,1,0,1,0,0,0
0,-1.285566089167874,-1.5197830341396088,-1.0019827625380224,-1.5147702918238748,0,1,0,0,1,0,0,0,1,1,0,1,0,1,0,1,0,1,0,1,0,0,0,0,0,0,1,0
1,1.6101837738818572,1.1130543231355785,2.046645006163813,1.0394148846248357,3,1,1,0,1,0,1,1,0,0,0,0,1,0,0,0,0,0,1,0,1,0,1,0,0,0,0,0
0,1.1207612618171139,0.3147208225088634,0.9542443204987652,0.30937930752931675,0,1,1,1,1,0,1,1,0,0,0,0,0,0,0,0,0,0,0,0,0,0,0,0,0,0,0,0
0,1.1615464711558425,-0.450348782258405,0.4209043144810451,-0.38799302642101446,4,0,1,1,0,1,0,0,0,0,0,0,1,0,1,0,1,0,1,0,0,0,1,0,1,0,0,0
0,-1.081640042474231,-0.6399529886572499,-0.8677543757145535,-0.3640746444567705,0,0,1,0,1,0,0,0,0,0,0,0,0,0,0,0,0,0,0,0,0,0,0,0,0,0,1,0
1,-0.02122459966728712,0.6789604821698023,0.163565224804367,0.6056937971313344,1,1,1,0,1,0,1,1,0,0,0,0,0,0,0,0,0,0,0,0,1,0,0,0,0,1,0,1
0,-0.06200980900601573,0.7205403519941104,0.1795799838567645,0.7334509589015655,1,0,0,1,1,0,1,1,0,0,0,0,0,0,0,0,0,0,1,0,0,0,0,1,1,0,0,1
0,-0.551432321070759,0.2980888745791402,-0.3819954100219317,0.33431116772993147,1,1,0,0,1,0,0,1,0,0,0,0,1,0,0,0,0,0,0,0,0,0,0,1,1,0,0,1
0,1.6101837738818572,-1.4831927486942178,-0.39229691481183465,-1.5061366210002922,0,1,1,1,1,0,0,0,1,1,0,1,0,1,0,1,0,1,0,1,0,0,1,0,0,0,0,0
0,-0.02122459966728712,-0.3555466790589825,-0.2429802426001569,-0.34901752254044227,1,0,0,0,1,0,1,0,0,0,0,0,1,0,0,0,0,0,0,0,0,0,0,1,0,1,0,0
0,1.324687308510757,0.8569223250178412,1.606172955532585,0.8737971696016232,2,1,1,0,1,0,1,1,0,0,0,0,1,0,0,0,0,0,0,0,1,0,0,1,0,1,0,0
0,0.5089831217361848,-0.465317535395156,0.019189745468359998,-0.43187313470020094,3,0,1,1,0,1,0,0,0,0,1,0,0,0,0,0,0,0,1,0,1,0,0,1,0,0,0,0
0,0.38662749371999894,-1.325189243361847,-0.5914005170252494,-1.401535998827949,0,1,0,0,1,0,1,0,1,1,0,1,0,1,0,1,0,1,0,1,0,1,0,0,0,1,0,0
0,-1.0000696237967737,0.33135277043858663,-0.7579010698179431,0.22101195991578323,0,1,0,0,1,0,1,1,0,0,0,0,0,0,0,0,0,0,0,0,0,0,0,1,0,1,0,0
0,-0.02122459966728712,-1.4765399695223285,-0.7030405935599372,-1.429400554720289,0,1,0,1,1,0,0,0,1,1,0,1,0,1,0,1,0,1,0,1,0,0,1,0,0,0,1,0
1,-0.4290766930545732,-0.04452925277315829,-0.4008337078604267,-0.06898519425670271,3,0,1,0,1,0,1,0,0,0,1,0,1,0,0,0,1,0,0,0,0,0,0,1,0,0,1,0
1,0.9984056338009281,-0.666564105344807,0.12467538980522558,-0.6547912436582682,2,1,1,0,0,1,0,0,0,0,0,0,0,0,0,0,0,0,1,0,1,0,0,1,0,1,0,1
0,-1.285566089167874,-0.5634460281805229,-0.9892988968973494,-0.5616130329003429,1,1,0,0,1,0,0,0,0,0,1,0,0,0,0,0,0,0,0,0,0,0,0,0,0,1,0,0
1,-1.285566089167874,-0.6582481313799454,-0.9905562540130335,-0.6560999263936322,0,1,0,0,1,0,0,0,0,0,0,0,0,0,0,0,0,0,0,0,0,0,0,0,0,1,0,1
0,-1.285566089167874,-0.6615745209658901,-0.9906003718065662,-0.659415255989888,0,0,1,0,1,0,0,0,0,0,0,0,0,0,0,0,0,0,0,0,0,0,0,1,0,1,0,0
0,-0.347506274377116,1.0348841678658796,-0.07407527005992692,0.78061196801712,3,1,0,0,1,0,0,1,0,0,0,0,0,0,0,0,1,0,1,0,1,0,0,1,0,1,0,1
0,-1.285566089167874,-1.4915087226590795,-1.0016077612929937,-1.486589990255701,0,1,0,0,1,0,0,0,1,1,0,1,0,1,0,1,0,1,0,1,0,0,0,0,0,0,0,1
1,0.8760500057847422,0.8369639875021729,1.1653479625530947,0.8765646669569025,2,1,0,0,1,0,1,1,0,0,0,0,1,0,0,0,0,0,0,0,1,0,0,1,0,1,0,0
0,-1.1632104611516882,-1.3168732693969856,-0.9588576193597346,-1.1819940835997027,0,0,0,0,1,0,1,0,1,1,0,1,0,1,0,1,0,1,0,1,0,0,1,1,1,0,0,0
0,1.324687308510757,1.4556724504878775,2.0504170775108648,1.3873927291323522,5,1,1,1,1,0,1,1,0,0,1,0,0,0,1,0,1,0,1,0,1,0,1,0,0,0,0,1
0,0.9576204244621995,-1.350137165256432,-0.4538191778932898,-1.4043579758057143,0,0,1,0,1,0,1,0,1,1,0,1,0,1,0,1,0,1,0,1,0,1,0,0,0,1,0,0
0,0.5089831217361848,0.367943055883978,0.43387494577968105,0.2606255439666003,4,1,0,0,1,0,0,0,0,0,1,0,0,0,1,0,0,0,1,0,1,0,0,1,0,1,0,0
0,1.5693985645431285,-1.5031510862098856,-0.3858115991625168,-1.4901854885502317,0,0,1,1,1,0,0,0,1,1,0,1,0,1,0,1,0,1,0,1,0,0,1,0,1,0,0,0
0,1.0799760524783852,0.050272850426264414,0.7358171247179947,0.072879240593249,4,1,1,0,1,0,0,0,0,0,1,0,1,0,1,0,0,0,1,0,0,1,0,0,1,0,0,0
0,1.4878281458656715,-0.9692655576657698,0.08907233042427604,-0.9538309386139052,2,1,0,0,0,1,0,0,0,0,0,0,1,0,1,0,0,0,0,0,0,1,0,1,0,0,0,0
0,-0.551432321070759,-1.5330885924833875,-0.8872764993528066,-1.664134614686766,0,1,0,0,1,0,0,0,1,1,0,1,0,1,0,1,0,1,0,1,0,1,0,0,0,0,1,0
0,0.9168352151234709,-1.5131302549677197,-0.5326576749363592,-1.4984950374422557,0,0,1,1,1,0,0,0,1,1,0,1,0,1,0,1,0,1,0,1,0,0,1,0,1,0,0,0
0,0.22348665636508452,-1.5164566445536642,-0.6771434487561981,-1.492173703259921,0,0,0,0,1,0,0,0,1,1,0,1,0,1,0,1,0,1,0,1,0,1,0,0,0,0,1,0
0,-0.9184992051193165,-0.6432793782431946,-0.832835142133362,-0.816561878852411,0,1,0,0,1,0,0,0,0,0,0,0,0,0,0,0,0,0,0,0,0,0,0,1,0,1,0,1
1,0.590553540413642,0.0851999410786831,0.42425726678953596,0.1426123505936869,3,0,1,0,1,0,1,0,0,0,1,0,1,0,1,0,0,0,0,0,0,0,0,1,1,0,0,0
0,-1.2447808798291453,-0.99088708997441,-0.9801223958425321,-1.0116690255920628,1,0,1,0,0,1,0,0,0,0,0,0,0,0,0,0,0,0,0,0,1,0,0,1,0,1,0,1
0,-1.285566089167874,-0.6216578459345542,-0.990070958284173,-0.6196313008348188,0,1,0,0,1,0,0,0,0,0,0,0,0,0,0,0,0,0,0,0,0,0,0,0,1,0,0,1
0,-1.285566089167874,-0.6565849365869731,-0.9905341951162671,-0.6544422615955044,0,0,0,0,1,0,0,0,0,0,0,0,0,0,0,0,0,0,0,0,0,0,0,0,0,1,0,1
1,-1.285566089167874,-0.7181231439269492,-0.9913503742966233,-0.7157758591262361,3,1,0,0,0,1,0,0,0,0,0,0,1,0,1,0,0,0,0,0,1,0,0,1,0,1,0,1
0,0.5497683310749134,-1.489845527866107,-0.5971358301845102,-1.4761034585979789,0,1,1,1,1,0,0,0,1,1,0,1,0,1,0,1,0,1,0,1,0,0,1,1,0,0,1,0
1,0.22348665636508452,-0.2574181862736156,-0.017516258750908932,-0.18772237540681458,2,0,0,0,1,0,0,0,0,0,1,0,1,0,0,0,0,0,0,0,0,0,0,1,1,0,0,1
0,1.324687308510757,-0.1992063685195843,0.691214035456359,-0.1839969918868117,3,0,1,0,1,0,0,0,0,0,1,0,0,0,1,0,1,0,0,0,0,0,1,0,1,0,0,0
0,-0.551432321070759,0.2764673422705003,-0.37467185629549105,0.3632766789393236,1,0,1,0,1,0,0,1,0,0,1,0,0,0,0,0,0,0,0,0,0,0,0,1,0,1,0,1
0,0.7944795871072851,0.6806236769627745,0.903641211316672,0.6148189230633371,2,1,0,0,1,0,0,1,0,0,0,0,1,0,0,0,0,0,0,0,1,0,0,1,0,1,0,1
0,1.5693985645431285,-1.511467060174747,-0.40231165394377466,-1.5076493374093818,0,1,1,1,1,0,0,0,1,1,0,1,0,1,0,1,0,1,0,1,0,0,1,0,0,0,1,0
0,-1.285566089167874,-0.6299738198994158,-0.990181252768005,-0.6279196248254582,0,0,0,0,1,0,0,0,0,0,0,0,0,0,0,0,0,0,0,0,0,0,0,0,0,0,1,1
1,0.7944795871072851,-0.4786230937389345,0.12174155653529618,-0.5151346622143728,4,0,0,0,0,1,0,0,0,0,0,0,1,0,1,0,1,0,1,0,0,0,0,1,0,1,0,0
0,-1.081640042474231,-1.3235260485688747,-0.9350119519552694,-1.206444639372089,0,1,1,0,1,0,1,0,1,1,0,1,0,1,0,1,0,1,0,1,0,1,0,0,0,0,1,0
1,-0.2659358556996588,-0.13933135597258053,-0.30571574500376325,-0.1144260754361522,2,0,1,0,1,0,0,0,0,0,0,0,0,0,1,0,0,0,0,0,1,1,0,0,0,0,1,0
1,0.6313387497523706,1.134675855444219,1.0826491585759075,1.1255789194441914,3,1,0,0,1,0,1,1,0,0,0,0,1,0,0,0,0,0,1,0,1,1,0,1,0,1,0,0
0,1.2839020991720282,1.31430089308523,1.9549682312027064,1.330611334162634,4,0,1,1,1,0,1,1,0,0,1,0,0,0,0,0,1,0,1,0,1,1,0,1,0,0,0,0
0,-1.2039956704904167,0.6274014435876604,-0.9013721343865283,0.5810705679424768,2,0,0,0,1,0,0,1,0,0,0,0,1,0,0,0,0,0,1,0,0,0,0,0,0,1,0,1
0,-1.285566089167874,-0.6931752220323644,-0.9910194908451275,-0.6909108871543178,0,1,0,0,1,0,0,0,0,0,0,0,0,0,0,0,0,0,0,0,0,0,0,1,0,0,0,0
0,1.6101837738818572,-1.3567899444283211,-0.2451640733800292,-1.3525723959515008,0,1,1,1,1,0,1,0,1,1,0,1,0,1,0,1,0,1,0,1,0,0,1,0,1,0,0,0
0,-1.285566089167874,-0.6432793782431946,-0.990357723942136,-0.6411809432104814,0,1,0,0,1,0,0,0,0,0,0,0,0,0,0,0,0,0,0,0,0,0,0,1,0,0,1,0
0,0.7536943777685564,0.9617035969750972,0.9922076818337183,0.7995572889819988,3,0,1,1,1,0,1,1,0,0,1,0,1,0,0,0,0,0,0,0,1,0,0,1,0,1,0,0
0,0.34584228438127035,-1.5031510862098856,-0.6556360244089702,-1.500983372405299,0,0,1,1,1,0,0,0,1,1,0,1,0,1,0,1,0,1,0,1,0,0,1,0,0,0,0,0
0,1.6101837738818572,0.19164440782891187,1.2003554317213516,0.15613280156683315,4,0,1,1,1,0,0,0,0,0,1,0,1,0,1,0,0,0,1,0,0,0,1,1,1,0,0,0
0,0.4274127030587276,0.7172139624081659,0.5665371509327362,0.6046505284429778,5,0,1,0,1,0,1,0,0,0,1,0,1,0,0,0,1,0,1,0,1,0,1,0,1,0,0,0
0,1.6101837738818572,1.6369606829218604,2.557087877338023,1.5721699322453797,6,1,1,0,1,0,1,1,0,0,1,0,1,0,1,0,1,0,1,0,1,0,1,1,1,0,0,0
0,0.590553540413642,1.0082730511783224,1.0026415400042195,1.067377691166305,2,1,1,0,1,0,1,1,0,0,0,0,0,0,0,0,0,0,1,0,1,1,0,1,1,0,0,0
0,1.6101837738818572,0.7870681437130033,1.796475057936211,0.7783096557974984,6,1,0,0,1,0,1,0,0,0,1,0,1,0,1,0,1,0,1,0,1,0,1,0,1,0,0,0
0,-1.2039956704904167,-1.4682239955574667,-0.980850339435823,-1.4097848546091092,0,1,0,0,1,0,0,0,1,1,0,1,0,1,0,1,0,1,0,1,0,0,0,1,1,0,0,0
0,-1.285566089167874,0.1716860703132437,-0.979548864526606,0.17107480787218052,0,1,0,0,1,0,0,1,0,0,0,0,0,0,0,0,0,0,0,0,0,0,0,1,0,1,0,1
0,-1.2447808798291453,0.7022452092714149,-0.9374604894963385,0.5912928341975984,1,1,0,0,1,0,1,1,0,0,0,0,0,0,0,0,0,0,0,0,1,0,0,1,0,1,0,1
0,-0.2659358556996588,-0.6732168845166964,-0.500209037793003,-0.6765657110166727,3,1,0,0,0,1,0,0,0,0,1,0,1,0,0,0,0,0,0,0,1,0,0,1,0,0,0,0
0,-0.14358022768347295,-0.15596330390230376,-0.20126686881491784,-0.05448192638342677,2,1,1,1,1,0,0,0,0,0,1,0,0,0,0,0,0,0,0,0,1,0,0,1,0,0,1,0
1,0.1011310283488987,1.1845716992333886,0.6013240311333294,1.3092748201181592,4,0,1,0,1,0,1,1,0,0,1,0,1,0,0,0,1,0,1,0,0,0,0,1,0,0,0,1
0,-0.22515064636093016,-0.31396680923467446,-0.3585468027592616,-0.33690736026523005,2,1,0,0,1,0,0,0,0,0,1,0,1,0,0,0,0,0,0,0,0,1,0,0,0,0,0,0
0,-0.347506274377116,0.18000204427810534,-0.25760529115627184,0.20595483799945502,4,1,1,1,1,0,0,0,0,0,1,0,1,0,0,0,1,0,0,0,1,0,0,1,1,0,0,0
0,1.4062577271882142,-0.14931052473041462,0.7338318240090198,-0.1949227347950694,3,1,1,1,1,0,0,0,0,0,1,0,0,0,1,0,1,0,0,0,0,0,1,1,0,0,0,0
0,-0.6737879490869448,0.2581721995478048,-0.48355457073438035,0.32337276120017966,0,0,0,0,1,0,1,1,0,0,0,0,0,0,0,0,0,0,0,0,0,0,0,0,0,1,0,1
0,-0.3882914837158446,-0.3023244456838684,-0.424635257471359,-0.23728731152749682,2,0,0,0,1,0,0,0,0,0,0,0,1,0,1,0,0,0,0,0,0,1,0,0,0,0,0,0
0,-0.7553583677644021,-1.1239426734121958,-0.8252909994392573,-1.1574251231988788,1,1,0,0,0,1,0,0,0,0,0,0,1,0,0,0,0,0,0,0,0,0,0,1,0,0,1,0
0,-1.285566089167874,-1.4599080215926052,-1.0011886422544323,-1.455094359091271,0,0,1,1,1,0,0,0,1,1,0,1,0,1,0,1,0,1,0,1,0,0,0,1,0,1,0,1
1,-1.285566089167874,-0.6582481313799454,-0.9905562540130335,-0.6560999263936322,0,0,0,0,1,0,0,0,0,0,0,0,0,0,0,0,0,0,0,0,0,0,0,0,0,0,1,1
1,-1.1632104611516882,-0.4636543406021835,-0.9189751340061056,-0.43272959484590023,3,1,0,0,0,1,0,0,0,0,0,0,1,0,0,0,0,0,1,0,1,0,0,1,1,0,0,0
0,-0.6737879490869448,0.14008536924676948,-0.5323488503816297,0.09420060285900021,3,1,0,1,1,0,1,0,0,0,1,0,1,0,0,0,0,0,0,0,1,0,0,1,0,1,0,0
0,0.5497683310749134,-0.6965016116183088,-0.12463426144848731,-0.7042082417306045,2,0,1,0,0,1,0,0,0,0,0,0,0,0,0,0,0,0,1,0,1,0,0,1,0,1,0,0
0,1.4470429365269428,0.7188771572011381,1.5848861201530209,0.716812187808782,5,1,0,1,1,0,1,0,0,0,1,0,1,0,0,0,1,0,1,0,1,0,1,1,0,0,0,0
0,0.22348665636508452,0.16835968072729926,0.1619990431339536,0.1672796279396247,4,1,0,0,1,0,1,0,0,0,1,0,1,0,1,0,1,0,0,0,0,0,0,0,0,1,0,0
1,-0.10279501834474433,-0.48194948332487925,-0.33655408268317316,-0.46325825487808875,1,1,1,0,1,0,0,0,0,0,0,0,1,0,0,0,0,0,0,0,0,0,0,1,0,0,0,1
1,-1.1224252518129596,0.4677347434623174,-0.8435116481682935,0.3577278641413798,1,0,0,0,1,0,0,1,0,0,0,0,0,0,0,0,0,0,0,0,1,0,0,0,0,1,0,1
0,-0.6330027397482163,0.8669014937756749,-0.2991863115609125,0.9927889992735724,3,1,0,0,1,0,0,1,0,0,0,0,1,0,1,0,0,0,0,0,1,0,0,1,1,0,0,0
0,-1.1632104611516882,-1.4964983070379965,-0.9766370901534428,-1.5160135404224706,0,1,1,1,1,0,0,0,1,1,0,1,0,1,0,1,0,1,0,1,0,0,1,0,0,0,1,0
0,-0.8369287864418593,-1.4881823330731347,-0.89543829115637,-1.431058219518417,0,0,0,0,1,0,0,0,1,1,0,1,0,1,0,1,0,1,0,1,0,1,0,0,0,1,0,0
0,1.6101837738818572,0.8552591302248684,1.8315487037947675,0.8149164200894893,6,1,1,1,1,0,1,0,0,0,1,0,1,0,1,0,1,0,1,0,1,0,1,1,1,0,0,0
0,-1.2039956704904167,0.9018285844280937,-0.8927471057508708,0.7971195466318106,2,1,0,0,1,0,0,1,0,0,0,0,0,0,0,0,0,0,1,0,1,0,0,1,0,1,0,0
0,0.9576204244621995,0.9833251292837376,1.2504070684842854,0.8825682201543549,3,1,0,0,1,0,1,1,0,0,0,0,1,0,0,0,1,0,0,0,1,0,0,1,0,1,0,1
0,0.34584228438127035,-1.3318420225337362,-0.5859299106271852,-1.3732218904032478,0,0,0,0,1,0,1,0,1,1,0,1,0,1,0,1,0,1,0,1,0,1,0,1,0,0,1,0
0,0.30505707504254176,-0.9609495837009082,-0.40034841213156613,-1.0051212496394575,2,1,0,0,0,1,0,0,0,0,0,0,1,0,0,0,1,0,0,0,0,1,0,0,1,0,0,0
0,-1.0408548331355023,0.4527659903255664,-0.7585187189274021,0.5532849484690948,5,0,0,0,1,0,0,0,0,0,1,0,1,0,0,0,1,0,1,0,1,0,0,1,0,1,0,0
0,1.4878281458656715,-1.4948351122450239,-0.3930910350954247,-1.4789503177078072,0,1,0,0,1,0,0,0,1,1,0,1,0,1,0,1,0,1,0,1,0,0,1,0,1,0,0,0
0,-1.0408548331355023,-1.4715503851434115,-0.9442766885971522,-1.4408858036787464,0,1,1,1,1,0,0,0,1,1,0,1,0,1,0,1,0,1,0,1,0,1,0,0,0,0,1,0
0,-1.1224252518129596,-1.1439010109278638,-0.9366884281095149,-1.0426673573170542,1,0,1,1,0,1,0,0,0,0,0,0,1,0,0,0,0,0,0,0,0,0,0,1,0,1,0,0
0,1.6101837738818572,1.3708495160462886,2.3678225430824167,1.3746315438018073,5,0,1,1,1,0,1,1,0,0,1,0,1,0,1,0,1,0,1,0,0,0,1,0,1,0,0,0
0,0.4681979123974562,-1.4765399695223285,-0.6288124059410428,-1.499512240841107,0,1,1,1,1,0,0,0,1,1,0,1,0,1,0,1,0,1,0,1,0,1,0,1,0,0,0,0
0,1.324687308510757,1.0182522199361563,1.7044894584203747,0.9874619696824847,3,0,0,0,1,0,1,1,0,0,0,0,1,0,1,0,0,0,1,0,0,1,0,1,0,1,0,0
0,-1.2039956704904167,-0.009602162120739602,-0.9336001825622207,-0.22621218874580176,2,0,0,0,1,0,1,0,0,0,0,0,0,0,0,0,1,0,1,0,0,0,0,0,0,1,0,0
0,-0.347506274377116,-0.45866475622326663,-0.45033387220420057,-0.3975042178856828,1,1,0,0,1,0,0,0,0,0,0,0,0,0,0,0,1,0,0,0,0,0,0,1,1,0,0,0
0,0.4681979123974562,0.6623285342400791,0.6936184552038953,0.759056046608132,2,0,0,0,1,0,1,1,0,0,0,0,1,0,1,0,0,0,0,0,0,0,0,1,0,0,0,1
1,1.6101837738818572,0.8053632864356988,1.7920853374796997,0.7737280544804503,6,0,1,0,1,0,1,0,0,0,1,0,1,0,1,0,1,0,1,0,1,0,1,0,1,0,0,0
0,-0.347506274377116,-0.3305987571643977,-0.41552493310684085,-0.2885127574087745,2,1,0,0,1,0,0,0,0,0,1,0,0,0,0,0,1,0,0,0,0,0,0,0,0,1,0,0
0,-1.285566089167874,-0.465317535395156,-0.9879974219881325,-0.46381080981079803,1,1,0,0,1,0,0,0,0,0,0,0,0,0,1,0,0,0,0,0,0,0,0,0,0,0,1,1
0,-0.4290766930545732,-1.4782031643153006,-0.8024159234925134,-1.4407028147075245,0,1,1,0,1,0,0,0,1,1,0,1,0,1,0,1,0,1,0,1,0,0,0,1,0,0,0,0
0,1.5286133552044,0.7005820144784427,1.6065038389840807,0.6580730446364647,5,1,1,1,1,0,1,0,0,0,0,0,1,0,1,0,1,0,1,0,1,0,1,1,1,0,0,0
0,-0.30672106503838736,-0.15097371952338684,-0.3907527920381875,-0.2885624873527181,1,1,1,1,1,0,1,0,0,0,0,0,0,0,0,0,0,0,1,0,0,0,0,0,0,1,0,0
0,0.18270144702635593,-1.499824696623941,-0.6901140800548341,-1.5007025419154383,0,1,1,1,1,0,0,0,1,1,0,1,0,1,0,1,0,1,0,1,0,0,1,0,0,0,0,0
1,-0.4290766930545732,0.6806236769627745,-0.14503874095739586,0.8047548511565206,1,0,1,1,1,0,1,1,0,0,0,0,0,0,0,0,0,0,1,0,0,0,0,0,0,0,0,0
0,1.0799760524783852,0.23987705682510888,0.8402218831133076,0.20585767261933888,3,0,1,1,1,0,1,0,0,0,0,0,0,0,1,0,1,0,1,0,0,0,1,1,0,0,0,0
0,0.6721239590910992,1.161286972131776,1.1391640520913924,1.1453757504453026,3,1,1,1,1,0,1,1,0,0,0,0,0,0,1,0,0,0,1,0,1,0,0,1,0,1,0,1
0,0.590553540413642,1.4124293858705967,1.2479144131496833,1.4595388590468137,4,1,1,1,1,0,1,1,0,0,0,0,0,0,1,0,1,0,1,0,1,0,0,1,0,0,0,1
0,-0.06200980900601573,-1.5081406705888027,-0.7197391784120926,-1.4465921428686153,0,0,1,1,1,0,0,0,1,1,0,1,0,1,0,1,0,1,0,1,0,0,0,1,0,0,1,1
0,-1.285566089167874,0.5375889247671548,-0.9746959072380007,0.5357610634603145,1,1,1,1,1,0,0,1,0,0,0,0,0,0,0,0,0,0,0,0,1,0,0,1,0,1,0,0
0,-1.2039956704904167,-1.4765399695223285,-0.9765047367728447,-1.3009315328653779,0,1,0,0,1,0,0,0,1,1,0,1,0,1,0,1,0,1,0,1,0,0,0,1,0,1,0,0
0,0.8352647964460137,1.5604537224451336,1.552680130874095,1.4828819203831165,5,0,1,0,1,0,1,1,0,0,0,0,1,0,1,0,1,0,1,0,1,1,0,1,0,0,0,0
0,-0.5106471117320305,-1.5031510862098856,-0.8269674755935028,-1.4618907847635954,0,1,0,0,1,0,0,0,1,1,0,1,0,1,0,1,0,1,0,1,0,1,0,1,0,0,1,0
0,-1.2039956704904167,0.47272432784123414,-0.9017030178380241,0.5727822439518374,2,0,0,0,1,0,0,1,0,0,1,0,1,0,0,0,0,0,0,0,0,0,0,1,0,1,0,1
0,0.7536943777685564,-1.4981615018309686,-0.5706210362713122,-1.5032316446996514,0,0,0,0,1,0,0,0,1,1,0,1,0,1,0,1,0,1,0,1,0,1,0,1,0,0,0,0
0,0.7536943777685564,-0.14598413514446992,0.37711740439976565,-0.10676281358658658,3,0,1,0,1,0,0,0,0,0,1,0,1,0,0,0,1,0,0,0,0,1,0,1,0,0,0,0
0,-0.7961435771031307,-1.5081406705888027,-0.8934088726538624,-1.4747313113152476,0,0,1,1,1,0,0,0,1,1,0,1,0,1,0,1,0,1,0,1,0,0,1,0,0,0,1,0
0,-1.285566089167874,-1.4632344111785498,-1.0012327600479651,-1.4584096886875269,0,0,0,0,1,0,0,0,1,1,0,1,0,1,0,1,0,1,0,1,0,0,0,0,0,0,1,0
0,-1.285566089167874,-1.458244826799633,-1.0011665833576657,-1.4534366942931434,0,1,0,1,1,0,0,0,1,1,0,1,0,1,0,1,0,1,0,1,0,0,0,1,0,0,1,0
0,1.2431168898332998,0.21991871930944118,1.0085092065440786,0.25693131955934373,4,1,0,0,1,0,1,0,0,0,1,0,1,0,1,0,1,0,0,0,0,1,0,0,0,1,0,0
0,-1.2039956704904167,-0.3405779259222318,-0.9270266313258372,-0.06155081879843215,1,1,0,0,1,0,0,0,0,0,0,0,0,0,0,0,0,0,0,0,1,0,0,0,0,0,1,0
0,0.5497683310749134,-1.5197830341396088,-0.6097976369284166,-1.4967882323833137,0,1,0,0,1,0,0,0,1,1,0,1,0,1,0,1,0,1,0,1,0,0,1,0,1,0,0,0
0,-1.285566089167874,-0.5019078208405472,-0.9884827177169929,-0.5002794353696115,0,1,0,0,1,0,1,0,0,0,0,0,0,0,0,0,0,0,0,0,0,0,0,1,1,0,0,0
0,-1.0000696237967737,-1.3102204902250962,-0.9155118872137828,-1.259489912912181,0,1,0,1,0,1,0,0,0,0,0,0,0,0,0,0,0,0,0,0,0,0,0,0,0,0,1,1
0,1.5693985645431285,-1.4765399695223285,-0.348267356866125,-1.4504482281782085,0,0,1,1,1,0,0,0,1,1,0,1,0,1,0,1,0,1,0,1,0,0,1,0,0,0,0,0
0,0.9168352151234709,0.8486063510529795,1.2391790900301938,0.9223887731036682,2,1,1,1,1,0,1,1,0,0,0,0,0,0,1,0,0,0,1,0,0,0,0,1,1,0,0,0
0,1.5286133552044,0.8436167666740624,1.806886857209946,0.8731905735820887,3,0,0,0,1,0,1,1,0,0,0,0,1,0,1,0,1,0,0,0,0,1,0,1,0,0,0,0
0,-1.2447808798291453,0.5276097560093209,-0.9401075571083051,0.4918329463099255,1,0,0,0,1,0,0,1,0,0,0,0,0,0,0,0,0,0,0,0,1,0,0,0,0,1,0,1
0,1.4062577271882142,1.320953672257119,2.0273875892867568,1.2559298238171264,4,1,1,1,1,0,1,1,0,0,1,0,0,0,0,0,1,0,1,0,1,0,1,0,0,0,0,0
0,1.324687308510757,0.8968390000491765,1.6105185581955634,0.8788211690667187,2,1,1,0,1,0,1,1,0,0,0,0,1,0,0,0,0,0,1,0,0,0,0,1,0,0,0,1
0,-0.7553583677644021,-0.4886022624967684,-0.7153715168523479,-0.5674148596937907,1,1,1,0,1,0,0,0,0,0,0,0,0,0,1,0,0,0,0,0,0,0,0,0,1,0,0,0
0,-0.5106471117320305,1.0182522199361563,-0.16506821922127576,1.0251037118676651,3,0,1,1,1,0,1,1,0,0,0,0,0,0,1,0,1,0,0,0,1,0,0,1,0,0,0,0
0,-1.285566089167874,0.34798471836830985,-0.977210621469369,0.34678727647373586,1,1,0,1,1,0,0,1,0,0,0,0,1,0,0,0,0,0,0,0,0,0,0,1,0,1,0,1
0,-1.285566089167874,0.3513111079542548,-0.9771665036758362,0.35010260606999194,0,1,0,0,1,0,1,1,0,0,0,0,0,0,0,0,0,0,0,0,0,0,0,1,0,1,0,1
0,0.6721239590910992,1.0149258303502118,1.0251195558091684,0.9704751992958917,2,0,1,1,1,0,1,1,0,0,0,0,0,0,0,0,0,0,1,0,1,0,0,1,0,0,0,0
0,1.6101837738818572,1.2111828159209457,2.193049904002328,1.1922193466411517,4,0,0,0,1,0,1,1,0,0,1,0,1,0,1,0,0,0,1,0,0,0,1,1,0,0,0,0
0,0.5497683310749134,-0.3921369645043737,0.07475610642289054,-0.3784771088984757,1,0,1,0,1,0,1,0,0,0,1,0,0,0,0,0,0,0,0,0,0,0,0,0,0,1,0,0
0,-0.347506274377116,0.6639917290330513,-0.10656802499681572,0.6788727910320219,2,1,0,0,1,0,1,1,0,0,0,0,1,0,1,0,0,0,0,0,0,0,0,1,0,0,0,0
0,-1.1224252518129596,-1.0191614014549395,-0.9382987275734611,-1.0668692633697212,2,0,1,1,0,1,0,0,0,0,0,0,1,0,0,0,1,0,0,0,0,0,0,0,0,1,0,0
0,0.01956060967144149,0.7887313385059755,0.26397732288496345,0.7508053968174495,3,0,1,1,1,0,1,1,0,0,0,0,1,0,1,0,1,0,0,0,0,0,0,0,1,0,0,0
0,0.38662749371999894,-0.15762649869527623,0.057903109293370274,-0.23978925280665853,2,0,0,0,1,0,1,0,0,0,1,0,1,0,0,0,0,0,0,0,0,1,0,1,0,0,0,0
0,-0.3882914837158446,1.1662765565106932,0.001057332326389409,1.1535655264843234,4,1,0,0,1,0,0,1,0,0,1,0,0,0,1,0,0,0,1,0,1,1,0,1,1,0,0,0
0,-1.0000696237967737,0.1933076026218841,-0.7663055094859368,0.1420656739049426,0,1,0,0,1,0,0,1,0,0,0,0,0,0,0,0,0,0,0,0,0,0,0,0,0,0,0,0
0,1.3654725178494855,-0.33558834154331485,0.5185369915690766,-0.4104139104044363,2,1,0,0,1,0,0,0,0,0,1,0,1,0,0,0,0,0,0,0,0,1,0,1,0,0,1,0
0,-0.347506274377116,-0.5102237948054088,-0.47645160597560343,-0.4792823479266581,1,1,0,0,1,0,0,0,0,0,1,0,0,0,0,0,0,0,0,0,0,0,0,1,0,0,0,1
1,-0.347506274377116,-0.33558834154331485,-0.44076031100758833,-0.3675281127862035,1,1,0,0,1,0,1,0,0,0,0,0,1,0,0,0,0,0,0,0,0,0,0,0,1,0,0,0
0,1.4878281458656715,0.45609237991151086,1.3526941727900246,0.4223671816173636,5,1,0,0,1,0,1,0,0,0,1,0,1,0,1,0,1,0,0,0,1,1,0,1,1,0,0,1
0,0.8352647964460137,1.1779189200614992,1.2840248271562602,1.1019630604510513,4,0,0,0,1,0,0,1,0,0,0,0,1,0,1,0,0,0,1,0,1,1,0,1,0,0,1,0
0,1.1207612618171139,-0.37550501657465046,0.41766165665638616,-0.36266562937836166,4,0,0,0,0,1,0,0,0,0,1,0,0,0,1,0,0,0,1,0,1,0,1,0,0,1,0,0
0,-1.0408548331355023,0.5392521195601271,-0.7560481224895665,0.5798075852391408,1,0,1,0,1,0,0,1,0,0,0,0,0,0,0,0,0,0,1,0,0,0,0,1,0,1,0,1
0,-0.5106471117320305,-1.5147934497606919,-0.8190924494479025,-1.4323014681170128,0,0,0,0,1,0,0,0,1,1,0,1,0,1,0,1,0,1,0,1,0,1,0,1,1,0,0,0
0,-0.3882914837158446,0.6889396509276361,-0.18615652452994233,0.541887215975135,1,0,1,1,1,0,1,1,0,0,0,0,0,0,0,0,0,0,0,0,1,0,0,0,0,1,0,0
0,1.6101837738818572,0.5292729508022932,1.5168564825254816,0.48646855883820644,5,1,1,1,1,0,0,0,0,0,1,0,0,0,1,0,1,0,1,0,1,0,1,1,0,1,0,0
0,-0.877713995780588,0.3346791600245316,-0.6461727576961899,0.33729337808445814,0,1,1,0,1,0,1,1,0,0,0,0,0,0,0,0,0,0,0,0,0,0,0,1,0,1,0,1
0,-0.46986190239330183,-1.5064774757958301,-0.8382175129443605,-1.5349780150772434,0,1,0,0,1,0,0,0,1,1,0,1,0,1,0,1,0,1,0,1,0,0,1,0,0,0,1,0
1,-1.285566089167874,0.9533876230102356,-0.9691811830464038,0.9501772629922848,2,1,0,0,1,0,1,1,0,0,0,0,0,0,0,0,0,0,1,0,1,0,0,1,0,1,0,1
1,-0.06200980900601573,0.8585855198108133,0.2447640238014399,0.8914638453037556,2,1,0,0,1,0,1,1,0,0,0,0,1,0,0,0,0,0,1,0,0,0,0,1,0,1,0,0
0,0.9984056338009281,0.16170690155540987,0.7076699724440842,0.1138126677403598,4,0,0,0,1,0,0,0,0,0,0,0,1,0,1,0,1,0,1,0,0,0,1,0,0,0,1,0
0,0.5089831217361848,-1.4931719174520517,-0.6193932570217953,-1.498267317833624,0,0,1,1,1,0,0,0,1,1,0,1,0,1,0,1,0,1,0,1,0,0,1,1,0,0,0,0
0,-0.9184992051193165,1.0099362459712946,-0.5597680590622496,1.2354613747500933,3,1,0,0,1,0,1,1,0,0,0,0,1,0,1,0,0,0,0,0,1,0,0,1,0,1,0,0
0,1.0391908431396566,1.2377939326085028,1.5860552416816391,1.2128313922128922,4,0,1,0,1,0,1,1,0,0,0,0,0,0,1,0,1,0,1,0,1,0,0,1,1,0,0,1
0,-0.7553583677644021,-1.4948351122450239,-0.8920412210543462,-1.5157175288513764,0,1,0,1,1,0,0,0,1,1,0,1,0,1,0,1,0,1,0,1,0,0,0,0,0,0,1,0
0,-0.22515064636093016,0.5309361455952655,-0.03794279715658395,0.5554074610677561,4,1,1,0,1,0,1,0,0,0,1,0,0,0,0,0,1,0,1,0,1,1,0,0,0,0,1,0
0,-0.7553583677644021,0.8652382989827028,-0.4550103583186747,0.8301149697564513,2,0,1,1,1,0,1,1,0,0,0,0,1,0,0,0,0,0,0,0,1,0,0,1,0,0,0,1
0,-0.8369287864418593,-1.1871440755451441,-0.8740852790865068,-1.2973399258027676,1,0,1,1,0,1,0,0,0,0,0,0,1,0,0,0,0,0,0,0,0,0,0,0,0,0,1,1
0,1.4878281458656715,0.945071649045374,1.8122251102274116,0.9228378058869294,3,0,1,1,1,0,1,1,0,0,0,0,1,0,0,0,1,0,0,0,1,0,1,1,0,0,0,0
0,-0.30672106503838736,0.8070264812286715,-0.014383895410081927,0.8427605840735982,3,0,1,1,1,0,0,1,0,0,0,0,1,0,1,0,0,0,1,0,0,0,0,1,0,0,0,1
1,1.0391908431396566,1.4623252296597664,1.7633425949930968,1.4425322884638199,5,1,1,0,1,0,1,1,0,0,1,0,1,0,1,0,0,0,1,0,1,1,0,1,0,1,0,1
0,0.1011310283488987,-0.6166682615556374,-0.2771935914848241,-0.5769582727458696,3,0,1,1,0,1,0,0,0,0,1,0,0,0,0,0,1,0,1,0,0,0,1,1,1,0,0,0
1,-0.6737879490869448,0.6606653394471068,-0.41479698951355004,0.6463065846854679,1,0,0,0,1,0,1,1,0,0,0,0,0,0,0,0,0,0,1,0,0,0,0,1,0,1,0,1
0,0.5089831217361848,0.461081964290428,0.5780739539415569,0.5014289836413106,4,1,1,1,1,0,1,0,0,0,0,0,1,0,1,0,0,0,1,0,1,1,0,0,1,0,0,0
0,-0.6330027397482163,0.6207486644157709,-0.42406172615543286,0.4407866214969878,2,0,0,0,1,0,0,1,0,0,0,0,1,0,0,0,0,0,1,0,0,0,0,1,0,1,0,0
0,-1.285566089167874,-0.6382897938642774,-0.9902915472518369,-0.6362079488160975,0,0,1,1,1,0,0,0,0,0,0,0,0,0,0,0,0,0,0,0,0,0,0,1,0,1,0,1
0,-0.4290766930545732,-1.5064774757958301,-0.8240557012203397,-1.514619595024045,0,1,0,0,1,0,0,0,1,1,0,1,0,1,0,1,0,1,0,1,0,1,0,0,0,0,1,0
1,-1.285566089167874,0.16835968072729926,-0.9795929823201389,0.16775947827592494,0,0,0,0,1,0,0,1,0,0,0,0,0,0,0,0,0,0,0,0,0,0,0,1,0,1,0,1
0,1.4062577271882142,0.09850549942246141,1.0311636935231585,0.13856478481635887,4,1,1,1,1,0,0,0,0,0,1,0,0,0,1,0,1,0,0,0,1,0,1,0,0,0,1,0
0,1.4062577271882142,1.3558807629095382,1.9533358728419934,1.1728733950512258,4,0,1,1,1,0,1,1,0,0,0,0,0,0,1,0,1,0,1,0,1,0,1,1,0,0,0,0
0,-1.2447808798291453,-0.6748800793096686,-0.9676150013759903,-0.5417210553228086,2,0,1,0,0,1,0,0,0,0,0,0,0,0,0,0,0,0,1,0,1,0,0,0,0,1,0,1
0,-0.3882914837158446,0.3346791600245316,-0.25584057941496086,0.31421055957139704,0,1,0,0,1,0,1,1,0,0,0,0,0,0,0,0,0,0,0,0,0,0,0,1,0,1,0,1
1,-0.9592844144580451,0.352974302747227,-0.7292465629184056,0.19667651975437792,1,0,0,0,1,0,0,1,0,0,0,0,0,0,1,0,0,0,0,0,0,0,0,0,1,0,0,0
0,-1.1224252518129596,-1.4881823330731347,-0.9584164414244067,-1.3692273225482468,0,0,0,0,1,0,0,0,1,1,0,1,0,1,0,1,0,1,0,1,0,0,0,0,0,0,1,0
0,0.8760500057847422,-0.6549217417940008,0.07508698987438636,-0.6406590857740335,3,1,0,0,0,1,0,0,0,0,1,0,0,0,0,0,1,0,1,0,0,0,1,0,1,0,0,0
0,0.9984056338009281,1.0099362459712946,1.4004296253924873,1.027127807831695,3,0,0,0,1,0,0,1,0,0,0,0,0,0,1,0,0,0,1,0,1,0,1,1,0,1,0,1
0,-0.347506274377116,0.8303112083302836,-0.0552810900149645,0.8394590683506604,2,1,0,0,1,0,1,1,0,0,0,0,0,0,1,0,0,0,1,0,0,0,0,1,0,0,1,1
0,0.6721239590910992,1.1829085044404164,1.169759741906372,1.192297813200474,3,0,1,1,1,0,1,1,0,0,0,0,1,0,0,0,0,0,1,0,1,1,0,0,0,0,1,1
0,-1.1224252518129596,-0.5900571448680803,-0.9120045226279271,-0.6716819754960343,0,1,0,0,1,0,1,0,0,0,0,0,0,0,0,0,0,0,0,0,0,0,0,0,0,1,0,1
0,-1.2447808798291453,0.5093146132866255,-0.9305560548084592,0.850717375104612,1,1,0,0,1,0,0,1,0,0,0,0,0,0,0,0,0,0,0,0,1,0,0,1,0,1,0,1
0,-1.1632104611516882,0.7388354947168059,-0.859813172878654,0.6787346522988442,2,0,0,1,1,0,1,1,0,0,0,0,0,0,1,0,1,0,0,0,0,0,0,1,0,0,1,1
0,1.5286133552044,0.47771391222015125,1.518312369712063,0.5633967037376751,5,1,1,1,1,0,1,0,0,0,1,0,1,0,1,0,1,0,1,0,0,0,1,1,0,0,0,0
0,-1.1224252518129596,0.3662798610910058,-0.8526219725328117,0.22080475181601697,0,1,0,0,1,0,1,1,0,0,0,0,0,0,0,0,0,0,0,0,0,0,0,1,0,0,0,1
0,0.8352647964460137,0.6922660405135811,1.0260680883701232,0.7362133972565713,5,1,1,1,1,0,1,0,0,0,1,0,0,0,1,0,1,0,1,0,1,0,0,0,0,1,0,0
0,0.590553540413642,1.1263598814793574,0.9897150264991162,1.0467097853853913,4,0,1,0,1,0,1,1,0,0,1,0,1,0,1,0,0,0,1,0,0,0,0,1,0,1,0,1
0,-0.06200980900601573,-1.489845527866107,-0.750489280504437,-1.5211335857263657,0,0,0,1,1,0,0,0,1,1,0,1,0,1,0,1,0,1,0,1,0,1,0,0,1,0,0,0
0,-0.7961435771031307,-0.1027410705271896,-0.679525809606968,-0.238368397265406,3,1,1,1,1,0,0,0,0,0,0,0,1,0,1,0,1,0,0,0,0,0,0,0,0,0,0,0
0,-0.18436543702220157,-0.49858143125460247,-0.38828219560035215,-0.4815123017622349,0,0,1,1,1,0,1,0,0,0,0,0,0,0,0,0,0,0,0,0,0,0,0,0,0,0,1,0
0,-0.9184992051193165,0.7172139624081659,-0.643900691329252,0.6032280207441196,1,0,0,0,1,0,1,1,0,0,0,0,0,0,0,0,0,0,0,0,1,0,0,0,0,1,0,1
0,0.22348665636508452,-1.4798663591082732,-0.6824375839801311,-1.5026431651428342,0,1,1,0,1,0,0,0,1,1,0,1,0,1,0,1,0,1,0,1,0,0,1,0,0,0,0,0
0,-1.285566089167874,-0.6515953522080562,-0.9904680184259679,-0.6494692672011209,0,0,0,0,1,0,0,0,0,0,0,0,0,0,0,0,0,0,0,0,0,0,0,1,0,0,1,1
0,1.4062577271882142,1.3043217243273957,2.095814287056091,1.332677229843883,4,1,1,0,1,0,1,1,0,0,0,0,1,0,1,0,0,0,1,0,1,1,0,0,0,1,0,1
0,0.7944795871072851,0.3496479131612826,0.6948978712163456,0.31315580797325665,4,1,1,0,1,0,0,0,0,0,1,0,1,0,0,0,0,0,1,0,1,1,0,1,0,0,1,0
0,1.2023316804945712,1.4390405025581543,2.0008727953735588,1.4985702093535906,6,1,1,1,1,0,0,1,0,0,1,0,1,0,1,0,1,0,1,0,1,0,1,0,0,0,1,0
0,-0.6737879490869448,0.7105611832362765,-0.41923082776359405,0.6254821706589859,2,0,0,0,1,0,0,1,0,0,0,0,1,0,0,0,0,0,0,0,1,0,0,1,0,1,0,0
1,-1.1224252518129596,0.5359257299741825,-0.8464895992317558,0.3129709145919272,1,0,1,0,1,0,1,1,0,0,0,0,1,0,0,0,0,0,0,0,0,0,0,1,0,1,0,1
0,-0.8369287864418593,1.0249049991080457,-0.4880987034682562,1.1198116273340384,3,1,0,0,1,0,0,1,0,0,0,0,0,0,1,0,0,0,1,0,1,1,0,0,0,1,0,0
0,1.6101837738818572,1.7284363965353382,2.7297208034317726,1.7523488865530024,6,0,1,1,1,0,1,1,0,0,1,0,1,0,1,0,1,0,1,0,1,0,1,1,0,0,0,0
1,1.5693985645431285,1.3592071524954825,2.2466971409381826,1.296092215795985,4,1,0,0,1,0,1,1,0,0,0,0,1,0,0,0,1,0,1,0,1,1,0,0,0,0,0,0
0,-0.347506274377116,-1.4881823330731347,-0.8089012391418314,-1.5202267717843791,0,0,1,0,1,0,0,0,1,1,0,1,0,1,0,1,0,1,0,1,0,1,0,0,0,0,1,0
0,-0.7145731584256735,-1.5064774757958301,-0.8641587755416325,-1.4184047115593739,0,0,0,0,1,0,0,0,1,1,0,1,0,1,0,1,0,1,0,1,0,0,1,0,0,0,1,0
0,1.4062577271882142,0.8552591302248684,1.661386374138853,0.8454227442568599,3,1,1,0,1,0,0,1,0,0,1,0,1,0,0,0,0,0,0,0,1,1,0,1,1,0,0,1
0,-1.2447808798291453,-0.13101538200771892,-0.9510708288011996,0.07990324397514705,2,1,0,1,1,0,1,0,0,0,1,0,1,0,0,0,0,0,0,0,0,0,0,0,0,0,0,0
0,-1.1224252518129596,-1.325189243361847,-0.9550855480126822,-1.3191658456447848,0,0,1,1,0,1,0,0,0,0,0,0,0,0,0,0,0,0,0,0,0,0,0,0,0,0,1,0
0,-0.7145731584256735,0.773762585369225,-0.3969513420295425,0.9222179833971945,2,0,1,0,1,0,0,1,0,0,0,0,0,0,0,0,0,0,1,0,1,0,0,0,0,1,0,1
0,-1.285566089167874,-1.4865191382801624,-1.0015415846026945,-1.4816169958613172,0,1,0,0,1,0,0,0,1,1,0,1,0,1,0,1,0,1,0,1,0,0,0,1,0,0,1,1
0,0.34584228438127035,-0.1526369143163593,0.0974767700922698,-0.1206337657495915,3,1,1,1,1,0,0,0,0,0,1,0,1,0,1,0,0,0,0,0,0,1,0,1,0,0,0,0
0,0.4274127030587276,-0.031223694429379518,0.19707268899250993,-0.041029185599903074,3,0,0,1,1,0,0,0,0,0,1,0,1,0,0,0,0,0,0,0,1,0,0,1,0,1,0,0
1,-1.285566089167874,0.3130576277158912,-0.977673858301463,0.31197631571305046,0,1,1,0,1,0,1,1,0,0,0,0,0,0,0,0,0,0,0,0,0,0,0,0,0,1,0,0
1,-1.285566089167874,0.18998121303593918,-0.9793062166621758,0.18930912065158711,0,0,0,0,1,0,0,1,0,0,0,0,0,0,0,0,0,0,0,0,0,0,0,1,0,0,1,0
0,-0.2659358556996588,0.8619119093967579,0.031520668760770795,0.8602808258630423,2,0,1,1,1,0,0,1,0,0,0,0,0,0,0,0,0,0,1,0,1,0,0,1,0,1,0,1
0,-0.4290766930545732,0.48104030180609575,-0.24706113850193862,0.4562685015500908,1,1,0,0,1,0,1,1,0,0,0,0,1,0,0,0,0,0,0,0,0,0,0,1,0,1,0,1
0,1.5693985645431285,0.8535959354318963,1.814850118942612,0.8390203319516252,6,1,1,0,1,0,1,0,0,0,1,0,1,0,1,0,1,0,1,0,1,0,1,0,0,0,0,0
0,-1.0408548331355023,-1.511467060174747,-0.9375046072898713,-1.368185361817995,0,1,0,0,1,0,0,0,1,1,0,1,0,1,0,1,0,1,0,1,0,0,1,0,0,0,1,0
1,-0.18436543702220157,-0.014591746499656288,-0.1865094668782046,0.06001126639761265,3,0,0,0,1,0,1,0,0,0,0,0,1,0,1,0,1,0,0,0,0,0,0,0,0,0,0,0
1,-0.6737879490869448,0.15838051196946543,-0.5501724389688709,0.010488530553542005,0,1,0,0,1,0,0,1,0,0,0,0,0,0,0,0,0,0,0,0,0,0,0,0,0,1,0,0
0,-1.0408548331355023,-1.509803865381775,-0.9537178964131662,-1.5422401656214229,0,1,0,0,1,0,0,0,1,1,0,1,0,1,0,1,0,1,0,1,0,1,0,0,0,0,1,0
0,1.4878281458656715,1.5172106578278532,2.278726659042977,1.4309000544493704,5,0,0,0,1,0,1,1,0,0,0,0,1,0,1,0,1,0,1,0,1,0,1,1,0,0,0,0
0,-1.285566089167874,-1.3368316069126531,-0.9995562838937196,-1.3324271640298078,0,0,0,1,0,1,0,0,0,0,0,0,0,0,0,0,0,0,0,0,0,0,0,0,0,0,1,0
0,-1.2039956704904167,0.4161757048801755,-0.9195045475284989,0.1268704132554372,4,1,0,0,1,0,0,0,0,0,1,0,0,0,1,0,0,0,1,0,1,0,0,1,0,1,0,0
1,-0.46986190239330183,1.0614952845534367,-0.11472981680037925,1.0539786539226736,3,1,0,0,1,0,0,1,0,0,0,0,0,0,1,0,0,0,1,0,1,0,0,1,0,0,0,1
0,1.4878281458656715,0.6822868717557472,1.5789963947163952,0.6688307057332178,2,0,1,0,1,0,1,1,0,0,0,0,1,0,1,0,0,0,0,0,0,0,0,1,0,0,0,0
0,1.5693985645431285,-0.5750883917313292,0.4797574510537673,-0.5740571925820634,4,0,1,0,0,1,0,0,0,0,1,0,1,0,1,0,1,0,0,0,0,0,1,1,0,0,0,0
0,1.4878281458656715,-1.5131302549677197,-0.4165396423580947,-1.5044879652499803,0,0,1,1,1,0,0,0,1,1,0,1,0,1,0,1,0,1,0,1,0,0,1,0,0,0,1,0
0,0.6313387497523706,1.2960057503625342,1.1716347481315152,1.2648918318535223,4,0,0,0,1,0,1,1,0,0,0,0,0,0,1,0,1,0,1,0,1,0,0,1,0,1,0,0
0,0.590553540413642,0.6140958852438816,0.7829349282109987,0.7160938318183538,2,1,1,0,1,0,1,1,0,0,0,0,1,0,1,0,0,0,0,0,0,0,0,1,0,0,0,1
0,-1.2447808798291453,-0.5152133791843257,-0.963445869887143,-0.38507173189972366,0,0,0,0,1,0,1,0,0,0,0,0,0,0,0,0,0,0,0,0,0,0,0,1,0,1,0,1
0,0.5089831217361848,1.4490196713159882,1.1798627166253777,1.50637905825746,5,1,0,0,1,0,1,1,0,0,1,0,0,0,1,0,1,0,1,0,1,0,0,1,1,0,0,0
0,0.7536943777685564,0.5359257299741825,0.7920893703690496,0.5046879743032506,1,1,0,0,1,0,1,1,0,0,0,0,1,0,0,0,0,0,0,0,0,0,0,0,0,0,0,0
0,-0.4290766930545732,0.476050717427179,-0.24159053210387446,0.4749549047289873,4,0,1,0,1,0,1,0,0,0,1,0,0,0,0,0,1,0,1,0,1,0,0,1,0,1,0,1
0,1.6101837738818572,0.7238667415800553,1.7357910329318786,0.7149730466356957,6,1,0,0,1,0,1,0,0,0,1,0,1,0,1,0,1,0,1,0,1,0,1,0,0,0,0,0
0,0.18270144702635593,0.9334292854945679,0.4962795647317916,0.90887004829299,3,1,1,1,1,0,1,1,0,0,0,0,1,0,1,0,0,0,1,0,0,0,0,1,0,1,0,0
0,1.5693985645431285,0.8469431562600068,1.7801073565355514,0.8022481903030135,6,1,1,1,1,0,1,0,0,0,1,0,1,0,1,0,1,0,1,0,1,0,1,0,0,1,0,0
0,-1.0408548331355023,-0.5384981062859381,-0.8603425864010473,-0.5398265812678052,1,1,1,1,1,0,0,0,0,0,0,0,0,0,1,0,0,0,0,0,0,0,0,0,0,1,0,1
0,1.3654725178494855,-1.3218628537759025,-0.26768620697851103,-1.3056031336601022,0,0,0,0,1,0,1,0,1,1,0,1,0,1,0,1,0,1,0,1,0,0,1,1,1,0,0,0
0,0.7536943777685564,0.382911809020729,0.7393906659941497,0.42703775464192734,4,1,1,1,1,0,0,0,0,0,1,0,0,0,0,0,1,0,1,0,1,1,0,1,0,0,0,0
0,-0.10279501834474433,-1.5081406705888027,-0.7419966052493777,-1.4788542211977709,0,0,1,1,1,0,0,0,1,1,0,1,0,1,0,1,0,1,0,1,0,1,0,0,0,0,0,0
0,0.060345819010170096,0.6806236769627745,0.26746262857405273,0.6731522223169135,1,0,0,0,1,0,1,1,0,0,0,0,0,0,0,0,0,0,1,0,0,0,0,0,0,1,0,0
0,1.2839020991720282,-1.3335052173267088,-0.3421349835650693,-1.3665905994787249,0,1,1,1,1,0,1,0,1,1,0,1,0,1,0,1,0,1,0,1,0,0,1,1,0,0,1,0
1,1.324687308510757,1.2727210232609218,1.986225687920677,1.3131803512469349,4,1,1,0,1,0,1,1,0,0,0,0,1,0,1,0,0,0,1,0,1,1,0,1,0,0,0,0
0,0.590553540413642,1.1928876731982503,1.0494946367360267,1.1422900322561693,4,1,0,0,1,0,1,1,0,0,1,0,1,0,0,0,1,0,1,0,0,0,0,0,0,0,1,0
0,-1.285566089167874,1.0215786095221007,-0.968276768278982,1.018141519715528,3,0,0,0,1,0,0,1,0,0,1,0,0,0,0,0,0,0,1,0,1,0,0,1,0,1,0,1
0,0.6721239590910992,-0.17093205703905476,0.2840950367359091,-0.1659724244492087,2,0,0,0,1,0,1,0,0,0,1,0,1,0,0,0,0,0,0,0,0,0,0,1,1,0,0,1
0,1.4062577271882142,0.9716827657329311,1.7702029118874434,0.9674714076772313,3,0,1,1,1,0,1,1,0,0,0,0,1,0,0,0,1,0,1,0,0,0,1,0,1,0,0,0
0,0.2642718657038131,-1.5147934497606919,-0.6666875316889304,-1.488927722663317,0,1,0,1,1,0,0,0,1,1,0,1,0,1,0,1,0,1,0,1,0,1,0,0,0,0,0,0
0,-0.7553583677644021,-1.4964983070379965,-0.8852691397470653,-1.479367307921001,0,1,0,0,1,0,0,0,1,1,0,1,0,1,0,1,0,1,0,1,0,0,0,0,0,0,1,0
1,0.4274127030587276,1.4390405025581543,1.0192739481660757,1.39585779162383,5,0,0,0,1,0,0,1,0,0,1,0,1,0,0,0,1,0,1,0,1,0,0,1,1,0,0,1
1,0.9576204244621995,1.2028668419560842,1.4574959913271324,1.1604638830976504,3,1,0,0,1,0,1,1,0,0,0,0,0,0,1,0,0,0,1,0,1,0,0,1,0,1,0,0
0,-0.7553583677644021,-0.19255358934769493,-0.6694890115782617,-0.32113323254336246,2,0,0,0,1,0,0,0,0,0,0,0,0,0,0,0,1,0,0,0,1,1,0,0,1,0,0,0
0,-1.285566089167874,0.214929134930524,-0.97897533321068,0.21417409262350534,0,0,0,0,1,0,0,1,0,0,0,0,0,0,0,0,0,0,0,0,0,0,0,0,0,1,0,1
0,-0.6737879490869448,-0.3006612508908959,-0.632010945972169,-0.3738824945123605,2,1,1,1,1,0,0,0,0,0,1,0,1,0,0,0,0,0,0,0,0,1,0,1,0,0,1,0
0,1.5286133552044,1.3691863212533164,2.3222268034662936,1.4264243594944255,4,1,1,1,1,0,1,1,0,0,1,0,1,0,0,0,0,0,1,0,1,0,0,1,0,1,0,0
1,1.6101837738818572,0.6390438071384664,1.6285186179569353,0.6030116033954747,5,1,1,0,1,0,1,0,0,0,1,0,1,0,1,0,0,0,1,0,1,0,1,1,1,0,0,0
0,-0.3882914837158446,0.34632152357533763,-0.25917147282668535,0.30332762980977457,1,0,1,1,1,0,0,1,0,0,0,0,0,0,1,0,0,0,0,0,0,0,0,1,1,0,0,0
0,-0.46986190239330183,-1.3368316069126531,-0.8043571064079554,-1.413810611975991,0,1,0,1,1,0,1,0,1,1,0,1,0,1,0,1,0,1,0,1,0,0,0,0,0,0,1,0
0,-1.285566089167874,-1.4881823330731347,-1.0015636434994608,-1.4832746606594451,0,0,0,0,1,0,0,0,1,1,0,1,0,1,0,1,0,1,0,1,0,0,0,1,0,0,1,1
0,-1.285566089167874,0.16170690155540987,-0.9796812179072044,0.16112881908341334,0,1,0,1,1,0,0,1,0,0,0,0,0,0,0,0,0,0,0,0,0,0,0,0,0,0,0,1
1,-0.02122459966728712,0.9417452594594296,0.28263914954932745,0.8853211277655315,2,0,1,0,1,0,1,1,0,0,0,0,0,0,0,0,0,0,1,0,1,0,0,1,0,1,0,1
0,-0.6330027397482163,0.5309361455952655,-0.39242926819243307,0.5806155227037745,1,1,1,1,1,0,0,1,0,0,0,0,0,0,0,0,0,0,1,0,0,0,0,0,0,1,0,1
0,-1.1632104611516882,-1.0391197389706075,-0.9496370005113844,-1.0087681121953391,2,0,0,0,0,1,0,0,0,0,1,0,1,0,0,0,0,0,0,0,0,0,0,1,0,1,0,1
0,0.14191623768762732,-0.3023244456838684,-0.15390641745748365,-0.36333790454649134,1,0,0,0,1,0,1,0,0,0,0,0,0,0,1,0,0,0,0,0,0,1,0,0,0,1,0,0
0,0.7129091684298279,-0.8378731690209562,-0.1577667243916015,-0.8697729188723161,3,0,0,0,0,1,0,0,0,0,0,0,1,0,1,0,1,0,0,0,0,0,1,0,1,0,0,0
0,0.6313387497523706,-1.1771649067873102,-0.382635118028157,-1.1684219530650308,1,0,1,1,0,1,0,0,0,0,0,0,0,0,0,0,1,0,0,0,0,0,0,1,1,0,0,0
0,0.7129091684298279,-1.4881823330731347,-0.5821357803833667,-1.5075760265999998,0,0,0,1,1,0,0,0,1,1,0,1,0,1,0,1,0,1,0,1,0,0,1,0,1,0,0,0
0,1.6101837738818572,0.48769308097798514,1.5531874854997216,0.5243876410953816,5,1,1,0,1,0,1,0,0,0,1,0,1,0,1,0,1,0,0,0,1,0,1,0,1,0,0,0
0,-0.9184992051193165,-1.3335052173267088,-0.9116736391764313,-1.409011277703316,0,1,0,1,1,0,1,0,1,1,0,1,0,1,0,1,0,1,0,1,0,0,0,0,1,0,0,0
0,-0.5922175304094877,-1.504814281002858,-0.8376439816284345,-1.4298610171642137,0,0,0,0,1,0,0,0,1,1,0,1,0,1,0,1,0,1,0,1,0,0,0,0,0,0,1,0
0,-1.285566089167874,0.5009986393217639,-0.9751812029668614,0.49929243790150124,1,1,0,0,1,0,0,1,0,0,0,0,0,0,0,0,0,0,1,0,0,0,0,1,0,1,0,1
0,-1.285566089167874,-1.5164566445536642,-1.0019386447444893,-1.5114549622276192,0,0,0,0,1,0,0,0,1,1,0,1,0,1,0,1,0,1,0,1,0,0,0,0,0,1,0,1
0,-0.9592844144580451,0.9700195709399588,-0.6523713076875448,0.8385611665850077,3,1,0,0,1,0,0,1,0,0,0,0,0,0,1,0,0,0,1,0,1,0,0,1,0,1,0,0
0,-1.2447808798291453,0.8602487146037856,-0.9333575346977904,0.7454556604234915,2,1,0,0,1,0,1,1,0,0,1,0,0,0,0,0,0,0,0,0,1,0,0,0,0,0,1,0
0,0.30505707504254176,0.4644083538763725,0.36904384818326774,0.4403210127081018,1,0,1,0,1,0,1,1,0,0,0,0,0,0,0,0,1,0,0,0,0,0,0,1,1,0,0,0
0,1.4878281458656715,1.1513078033739421,2.007843406751737,1.1358837686376255,3,1,1,0,1,0,1,1,0,0,0,0,0,0,1,0,0,0,1,0,1,1,0,0,0,0,0,0
0,0.18270144702635593,1.1413286346161082,0.6459932970852643,1.2129395343712044,4,0,1,0,1,0,1,1,0,0,1,0,0,0,1,0,1,0,0,0,1,1,0,1,0,1,0,1
0,-0.5922175304094877,0.5209569768374316,-0.38987043616753203,0.43952441268011266,1,1,0,1,1,0,1,1,0,0,0,0,0,0,1,0,0,0,0,0,0,0,0,1,1,0,0,0
1,-0.877713995780588,0.17667565469216087,-0.6422021562782401,0.36441880205382376,0,1,1,0,1,0,0,1,0,0,0,0,0,0,0,0,0,0,0,0,0,0,0,1,0,1,0,0
0,-1.0000696237967737,0.6756340925838579,-0.7336583422716831,0.44873366155860067,1,0,1,0,1,0,1,1,0,0,0,0,0,0,0,0,0,0,0,0,1,0,0,1,1,0,0,1
0,-1.2039956704904167,0.3446583287823654,-0.903688318546999,0.523052300008001,0,0,0,0,1,0,1,1,0,0,0,0,0,0,0,0,0,0,0,0,0,0,0,0,0,1,0,1
0,0.9168352151234709,-0.1809112257968886,0.3823453629333995,-0.24831438605417344,2,1,1,1,1,0,0,0,0,0,1,0,0,0,0,0,0,0,0,0,1,1,0,0,1,0,0,0
0,0.01956060967144149,0.9467348438383462,0.3536687971370956,0.9550497928534488,3,1,1,0,1,0,1,1,0,0,0,0,1,0,1,0,0,0,0,0,1,0,0,1,0,1,0,0
0,0.5497683310749134,-0.6632377157588624,-0.05358255496395269,-0.5881356696703891,0,0,0,0,1,0,0,0,0,0,0,0,0,0,0,0,0,0,0,0,0,0,0,0,0,0,0,0
0,0.060345819010170096,-1.2902621527094282,-0.577944589997753,-1.195377289102235,0,1,0,0,1,0,1,0,1,1,0,1,0,1,0,1,0,1,0,1,0,0,1,0,0,0,0,0
0,-1.2039956704904167,-1.4865191382801624,-0.9813576940614499,-1.4224936180614227,0,0,0,0,1,0,0,0,1,1,0,1,0,1,0,1,0,1,0,1,0,0,0,0,0,1,0,0
0,-0.10279501834474433,-1.4515920476277435,-0.6963788067364881,-1.3645858611134887,0,1,1,1,1,0,0,0,1,1,0,1,0,1,0,1,0,1,0,1,0,0,1,0,0,0,1,0
0,0.01956060967144149,-0.18257442058986106,-0.14892110678828008,-0.18944216958732876,2,0,0,0,1,0,1,0,0,0,1,0,0,0,0,0,1,0,0,0,0,1,0,0,0,1,0,0
0,0.5089831217361848,1.001620272006433,0.9169868438603365,1.0673925827176831,3,1,1,1,1,0,1,1,0,0,0,0,1,0,1,0,0,0,0,0,1,1,0,1,1,0,0,0
0,0.30505707504254176,-0.0994146809412449,0.15738873370977846,0.04268866925717603,3,1,0,0,1,0,0,0,0,0,1,0,1,0,0,0,1,0,0,0,0,0,0,1,0,0,1,0
0,1.5693985645431285,1.7883114090823422,2.7296766856382395,1.8072833531904915,6,0,0,0,1,0,1,1,0,0,1,0,1,0,1,0,1,0,1,0,1,0,1,1,0,1,0,0
0,-1.285566089167874,-0.35055709468006563,-0.9864753581112518,-0.34943193873997414,1,1,0,0,1,0,1,0,0,0,0,0,0,0,1,0,0,0,0,0,0,0,0,0,0,1,0,1
0,1.6101837738818572,-0.014591746499656288,0.9872003122677482,-0.06633962821524607,6,0,1,1,0,1,0,0,0,0,1,0,1,0,1,0,1,0,1,0,1,0,1,0,0,0,0,0
0,-0.4290766930545732,0.5076514184936533,-0.22045810900167506,0.5471386718474649,1,0,1,1,1,0,0,1,0,0,0,0,0,0,0,0,0,0,0,0,1,0,0,1,0,1,0,0
0,0.5497683310749134,-1.4865191382801624,-0.6373933167831677,-1.5418695076541393,0,1,1,1,1,0,0,0,1,1,0,1,0,1,0,1,0,1,0,1,0,1,0,1,0,0,0,0
0,0.9168352151234709,-1.4599080215926052,-0.4764957237691363,-1.4217602269689178,0,0,1,1,1,0,0,0,1,1,0,1,0,1,0,1,0,1,0,1,0,0,1,0,0,0,1,0
0,-1.285566089167874,-1.4782031643153006,-1.0014312901188627,-1.4733286718706777,0,1,0,0,1,0,0,0,1,1,0,1,0,1,0,1,0,1,0,1,0,0,0,0,0,0,1,0
0,-0.8369287864418593,0.36461666629803313,-0.633488892055517,0.2093392369622992,3,0,0,0,1,0,1,0,0,0,0,0,0,0,0,0,1,0,1,0,1,1,0,1,0,0,1,0
0,-0.06200980900601573,0.5176305872514871,0.06121194380832842,0.4465145296514296,1,1,0,0,1,0,1,1,0,0,0,0,1,0,0,0,0,0,0,0,0,0,0,1,0,1,0,0
0,-1.1224252518129596,-1.3285156329477916,-0.9661591141894087,-1.4855953913768243,0,1,1,0,0,1,0,0,0,0,0,0,0,0,0,0,0,0,0,0,0,0,0,1,0,1,0,1
0,1.4062577271882142,0.352974302747227,1.2966645750034,0.43635065810392915,3,0,1,1,1,0,1,0,0,0,1,0,0,0,0,0,0,0,1,0,1,0,1,1,0,1,0,0
0,-1.285566089167874,-0.6798696636885856,-0.9908430196709966,-0.6776495687692946,0,1,0,0,1,0,0,0,0,0,0,0,0,0,0,0,0,0,0,0,0,0,0,0,0,0,1,0
0,0.30505707504254176,-0.7497238449934231,-0.2531935118029943,-0.7286642029316802,3,1,1,0,0,1,0,0,0,0,1,0,1,0,1,0,0,0,0,0,0,1,0,1,0,1,0,1
0,0.34584228438127035,0.3213736016807528,0.323470167463911,0.2935802795387047,4,1,1,1,1,0,1,0,0,0,1,0,1,0,1,0,0,0,1,0,0,0,0,1,1,0,0,0
0,-1.285566089167874,0.34632152357533763,-0.9772326803661353,0.3451296116756081,0,1,0,0,1,0,1,1,0,0,0,0,0,0,0,0,0,0,0,0,0,0,0,1,0,1,0,1
0,0.7536943777685564,0.9949674928345437,1.1237890010452205,0.9934390639002891,3,1,0,0,1,0,1,1,0,0,1,0,1,0,0,0,0,0,1,0,0,1,0,1,0,1,0,1
0,0.38662749371999894,-0.5567932490086338,-0.11384746092972374,-0.5470887318119844,4,1,1,1,0,1,0,0,0,0,1,0,0,0,1,0,1,0,1,0,0,0,1,0,1,0,0,0
0,-0.3882914837158446,-1.504814281002858,-0.81770273895162,-1.521545095781441,0,1,1,1,1,0,0,0,1,1,0,1,0,1,0,1,0,1,0,1,0,1,0,0,0,0,1,0
1,-1.285566089167874,0.18831801824296696,-0.9793282755589421,0.18765145585345933,0,0,0,0,1,0,0,1,0,0,0,0,0,0,0,0,0,0,0,0,0,0,0,1,0,1,0,1
0,-1.285566089167874,-1.4881823330731347,-1.0015636434994608,-1.4832746606594451,0,0,0,0,1,0,0,0,1,1,0,1,0,1,0,1,0,1,0,1,0,0,0,0,0,0,1,0
0,0.9576204244621995,1.3874814639760118,1.5898273130286915,1.3380412245970996,4,0,0,0,1,0,1,1,0,0,1,0,1,0,0,0,0,0,1,0,1,0,0,1,1,0,0,0
0,-0.7145731584256735,0.8685646885686472,-0.37954687248086266,1.009411151778721,2,1,0,1,1,0,1,1,0,0,0,0,1,0,0,0,0,0,1,0,0,0,0,1,0,1,0,0
0,-0.8369287864418593,-1.3135468798110408,-0.8723646851387286,-1.2865651046149367,0,1,1,1,1,0,1,0,1,1,0,1,0,1,0,1,0,1,0,1,0,0,1,1,0,0,0,0
0,0.8760500057847422,0.16835968072729926,0.6977214100024434,0.22580844370666245,4,0,1,1,1,0,0,0,0,0,1,0,0,0,1,0,1,0,0,0,1,0,1,0,0,0,0,0
0,-1.0408548331355023,0.06524160356301494,-0.8083497667226718,0.018332837187540352,2,0,0,0,1,0,0,0,0,0,0,0,0,0,0,0,0,0,1,0,1,0,0,1,0,1,0,0
0,0.01956060967144149,0.707234793650332,0.2008888781330948,0.6071411143130333,1,0,1,1,1,0,1,1,0,0,0,0,0,0,0,0,0,0,0,0,1,0,0,0,1,0,0,1
0,-0.6737879490869448,-1.4881823330731347,-0.8598572906721869,-1.4440087257537908,0,1,1,1,1,0,0,0,1,1,0,1,0,1,0,1,0,1,0,1,0,0,0,0,0,1,0,0
0,-0.46986190239330183,-0.0012861881558779858,-0.4206867149501756,-0.04086947703131276,3,0,0,1,1,0,0,0,0,0,1,0,0,0,1,0,0,0,0,0,1,1,0,0,0,0,1,0
1,-0.10279501834474433,0.33135277043858663,-0.04791341849499112,0.2597598745720221,3,1,1,0,1,0,1,0,0,0,0,0,0,0,1,0,0,0,1,0,1,0,1,0,0,1,0,0
0,-1.2039956704904167,-0.4786230937389345,-0.9452693389516397,-0.5185137481490181,1,1,0,0,1,0,0,0,0,0,0,0,0,0,0,0,1,0,0,0,0,0,0,1,0,0,1,0
0,-0.877713995780588,0.2664881735126664,-0.649371297727316,0.3154423421091362,1,1,0,0,1,0,0,1,0,0,0,0,0,0,1,0,0,0,0,0,0,0,0,0,0,1,0,0
0,1.2023316804945712,1.6685613839883346,2.1366673638674407,1.6631602818902882,6,0,0,0,1,0,1,1,0,0,1,0,1,0,1,0,1,0,1,0,1,1,0,1,1,0,0,0
0,-0.5922175304094877,-1.5264358133114981,-0.8565705150539951,-1.5088763725416423,0,1,0,0,1,0,0,0,1,1,0,1,0,1,0,1,0,1,0,1,0,0,0,0,0,1,0,0
0,-1.081640042474231,-1.5081406705888027,-0.9537178964131662,-1.4407279308408294,0,1,0,1,1,0,0,0,1,1,0,1,0,1,0,1,0,1,0,1,0,0,0,0,0,0,1,0
0,0.5497683310749134,1.2045300367490563,1.051788761999731,1.217637874551092,3,0,0,0,1,0,1,1,0,0,0,0,0,0,1,0,0,0,1,0,1,1,0,1,0,1,0,0
0,-0.46986190239330183,0.6390438071384664,-0.24392877516111153,0.5916480480829119,1,1,0,0,1,0,1,1,0,0,0,0,0,0,0,0,0,0,0,0,1,0,0,1,0,1,0,0
0,1.4470429365269428,-1.355126749635349,-0.34919383053031333,-1.4205515499891064,0,1,0,0,1,0,1,0,1,1,0,1,0,1,0,1,0,1,0,1,0,0,1,1,0,0,0,0
0,-1.285566089167874,-0.4919286520827131,-0.9883503643363948,-0.49033344658084405,0,0,0,0,1,0,1,0,0,0,0,0,0,0,0,0,0,0,0,0,0,0,0,1,0,1,0,0
0,-0.30672106503838736,0.323036796473725,-0.21732574566084806,0.2327399383625377,1,0,1,0,1,0,0,1,0,0,0,0,0,0,1,0,0,0,0,0,0,0,0,1,0,1,0,0
0,-0.347506274377116,-1.5014878914169132,-0.7907026493095616,-1.4632445443487334,0,0,0,1,1,0,0,0,1,1,0,1,0,1,0,1,0,1,0,1,0,0,1,0,0,0,1,0
0,-0.10279501834474433,0.6689813134119684,0.14730781788753936,0.7487709900197471,1,0,1,0,1,0,1,1,0,0,0,0,0,0,0,0,0,0,0,0,1,0,0,1,0,1,0,1
0,-1.2447808798291453,0.5209569768374316,-0.9292325210024759,0.9004473190484483,1,0,0,0,1,0,0,1,0,0,0,0,0,0,0,0,0,0,0,0,1,0,0,0,0,1,0,1
0,0.7536943777685564,1.3941342431479014,1.4154958518839305,1.4232617950854483,4,1,1,0,1,0,1,1,0,0,0,0,1,0,1,0,0,0,1,0,1,1,0,1,0,0,0,0
0,0.9984056338009281,0.6523493654822452,1.1272301889407765,0.6669492372209262,5,0,1,1,1,0,1,0,0,0,1,0,0,0,1,0,1,0,1,0,1,0,1,1,0,1,0,0
0,-0.7145731584256735,-1.325189243361847,-0.8476146029668417,-1.33552147165298,0,0,0,0,1,0,1,0,1,1,0,1,0,1,0,1,0,1,0,1,0,0,1,0,0,0,0,0
0,1.6101837738818572,0.6257382487946881,1.6793643750034588,0.6560799000577631,6,0,1,1,1,0,0,0,0,0,1,0,1,0,1,0,1,0,1,0,1,0,1,1,0,0,0,0
0,-1.2447808798291453,0.36295347150506085,-0.9395340257923789,0.5133825886855882,1,0,0,0,1,0,0,1,0,0,0,0,0,0,1,0,0,0,0,0,0,0,0,1,0,1,0,1
0,-0.18436543702220157,1.0548425053815471,0.17382261180073724,1.0270810691625747,3,1,1,0,1,0,1,1,0,0,0,0,1,0,1,0,0,0,1,0,0,0,0,0,1,0,0,0
1,-0.14358022768347295,1.1180439075144957,0.31491131551855256,1.28308208314045,3,1,1,0,1,0,1,1,0,0,0,0,0,0,1,0,0,0,1,0,1,0,0,1,0,1,0,1
0,1.5286133552044,1.2045300367490563,2.075498043134248,1.1615532056792777,5,1,1,1,1,0,0,1,0,0,1,0,1,0,1,0,1,0,1,0,0,0,1,1,1,0,0,0
0,-0.7961435771031307,-1.4865191382801624,-0.8899015080680067,-1.4544567957073757,0,0,0,0,1,0,0,0,1,1,0,1,0,1,0,1,0,1,0,1,0,1,0,0,0,0,1,0
1,1.0799760524783852,0.9700195709399588,1.4089223006475466,0.9302009973741674,4,0,1,0,1,0,1,1,0,0,1,0,1,0,1,0,1,0,0,0,0,1,0,1,0,1,0,0
1,-0.7961435771031307,1.0099362459712946,-0.4661942189792332,0.9948066998649588,2,1,1,0,1,0,1,1,0,0,0,0,0,0,0,0,0,0,1,0,1,0,0,1,0,1,0,1
1,-1.0408548331355023,0.31638401730183613,-0.7775555468367945,0.34891855978561465,0,1,1,0,1,0,1,1,0,0,0,0,0,0,0,0,0,0,0,0,0,0,0,1,0,0,1,1
0,1.2023316804945712,0.5359257299741825,1.189215688854326,0.5147996247226971,5,0,1,0,1,0,0,0,0,0,1,0,0,0,1,0,1,0,1,0,1,0,1,0,0,0,1,0
0,-0.46986190239330183,-0.15430010910933153,-0.4552971239766378,-0.16472071837715335,3,0,0,0,1,0,0,0,0,0,1,0,0,0,1,0,1,0,0,0,0,1,0,1,0,1,0,0
0,-1.2447808798291453,-0.1343417715936636,-0.9613061569008035,-0.3046749891905213,2,0,0,0,1,0,0,0,0,0,0,0,0,0,1,0,0,0,0,0,1,0,0,0,0,1,0,0
0,-1.285566089167874,-0.6965016116183088,-0.9910636086386605,-0.6942262167505734,0,0,0,0,1,0,0,0,0,0,0,0,0,0,0,0,0,0,0,0,0,0,0,0,1,0,0,0
0,-1.1632104611516882,0.7039084040643871,-0.8745264570218346,0.4023190472110203,2,1,0,0,1,0,0,1,0,0,0,0,0,0,1,0,0,0,0,0,1,0,0,0,0,1,0,0
0,-0.551432321070759,-1.48485594348719,-0.8411954640078229,-1.48187873240839,0,0,0,0,1,0,0,0,1,1,0,1,0,1,0,1,0,1,0,1,0,1,0,0,1,0,0,0
0,-0.10279501834474433,0.6739708977908856,0.11715330600788751,0.6732367307183871,2,0,0,0,1,0,0,1,0,0,0,0,0,0,0,0,1,0,1,0,0,0,0,0,0,1,0,1
0,1.4062577271882142,-1.5131302549677197,-0.44389267434841534,-1.5158589075121978,0,1,1,1,1,0,0,0,1,1,0,1,0,1,0,1,0,1,0,1,0,0,1,1,1,0,0,0
1,1.6101837738818572,1.2560890753311986,2.3205723862088146,1.325316016057503,4,1,1,0,1,0,1,1,0,0,1,0,1,0,1,0,0,0,0,0,1,0,1,1,1,0,0,0
0,0.8352647964460137,-1.4964983070379965,-0.5207238117857435,-1.456939684055225,0,1,1,0,1,0,0,0,1,1,0,1,0,1,0,1,0,1,0,1,0,0,1,0,1,0,0,0
0,-1.1224252518129596,-1.5081406705888027,-0.966512056537671,-1.4908999187308334,0,0,0,0,1,0,0,0,1,1,0,1,0,1,0,1,0,1,0,1,0,1,0,0,0,1,0,0
1,1.5693985645431285,1.0182522199361563,1.94859321003722,0.9805755667551368,4,1,1,0,1,0,0,1,0,0,0,0,1,0,1,0,1,0,0,0,1,0,1,1,1,0,0,0
0,0.7129091684298279,0.6407070019314391,0.8267880149825771,0.6099581398245184,5,0,1,1,1,0,1,0,0,0,0,0,1,0,1,0,1,0,1,0,1,1,0,1,1,0,0,0
0,0.9576204244621995,1.2743842180538942,1.580915518735071,1.3260823571248916,4,1,1,1,1,0,1,1,0,0,0,0,0,0,1,0,1,0,1,0,1,0,1,1,0,1,0,0
0,-1.2447808798291453,-0.4886022624967684,-0.9622546894617582,-0.3403147823502708,1,1,0,0,1,0,0,0,0,0,0,0,0,0,0,0,1,0,0,0,0,0,0,1,1,0,0,0
1,-1.2447808798291453,0.7870681437130033,-0.9313722339888155,0.8200505763392463,2,0,0,0,1,0,1,1,0,0,0,0,0,0,1,0,0,0,0,0,1,0,0,1,0,1,0,1
0,-0.347506274377116,-0.33725153633628707,-0.42009112473748306,-0.30281011629262744,1,1,1,1,1,0,1,0,0,0,1,0,0,0,0,0,0,0,0,0,0,0,0,0,0,1,0,1
0,0.5497683310749134,-1.4948351122450239,-0.6299815274696613,-1.529761347389553,0,1,1,1,1,0,0,0,1,1,0,1,0,1,0,1,0,1,0,1,0,0,1,0,1,0,0,0
0,1.5693985645431285,1.7084780590196704,2.7681253427020533,1.8479778566149547,6,1,1,0,1,0,1,1,0,0,1,0,1,0,1,0,1,0,1,0,1,0,1,1,0,1,0,0
0,-0.14358022768347295,-1.1206162838262512,-0.6018343751957508,-1.09246589428702,1,0,0,0,0,1,0,0,0,0,0,0,0,0,0,0,1,0,0,0,0,0,0,1,0,1,0,0
0,1.4878281458656715,-1.3451475808775148,-0.25242145041617076,-1.325748456582278,0,1,1,1,1,0,1,0,1,1,0,1,0,1,0,1,0,1,0,1,0,0,1,0,0,0,0,0
0,1.5693985645431285,0.6423701967244113,1.6175774051608074,0.6302246095620812,5,1,1,0,1,0,1,0,0,0,0,0,1,0,1,0,1,0,1,0,1,0,1,0,1,0,0,0
1,-1.285566089167874,0.8785438573264811,-0.9701738334008913,0.8755823470765302,2,0,0,0,1,0,0,1,0,0,0,0,0,0,0,0,0,0,1,0,1,0,0,1,0,1,0,1
1,0.9576204244621995,0.6906028457206088,1.1179875111956603,0.7048724740264677,6,1,1,0,1,0,0,0,0,0,1,0,1,0,1,0,1,0,1,0,1,0,1,1,0,0,0,0
0,0.9576204244621995,-1.453255242420716,-0.4639883293025944,-1.4180041092331597,0,1,0,1,1,0,0,0,1,1,0,1,0,1,0,1,0,1,0,1,0,1,0,1,0,0,1,0
0,-1.285566089167874,0.4860298861850129,-0.9753797330377588,0.4843734547183502,1,1,0,0,1,0,0,1,0,0,0,0,0,0,0,0,0,0,1,0,0,0,0,1,0,1,0,1
0,-0.18436543702220157,-1.3085572954321238,-0.7138935707689998,-1.3553976619467227,0,0,1,0,1,0,1,0,1,1,0,1,0,1,0,1,0,1,0,1,0,1,0,0,0,0,1,0
0,-0.551432321070759,-1.4865191382801624,-0.8418351720140481,-1.4844088523634273,0,0,1,1,1,0,0,0,1,1,0,1,0,1,0,1,0,1,0,1,0,0,0,0,0,0,1,0
0,1.3654725178494855,-0.034550084015324216,0.8709940441024183,-0.009108332457658809,2,1,1,0,1,0,1,0,0,0,0,0,0,0,0,0,1,0,0,0,1,0,0,0,0,1,0,0
0,-0.6330027397482163,-0.09775148614827245,-0.5380841635408905,-0.06324098682789575,2,0,1,1,1,0,1,0,0,0,0,0,0,0,1,0,1,0,0,0,0,1,0,1,0,0,1,0
0,0.7944795871072851,-1.3019045162602345,-0.41669405463545944,-1.2932488940894393,0,1,1,1,1,0,1,0,1,1,0,1,0,1,0,1,0,1,0,1,0,0,1,0,0,0,1,0
0,-0.551432321070759,-0.22249109562119668,-0.5493121419949818,-0.32744606878585697,2,0,0,0,1,0,0,0,0,0,0,0,1,0,0,0,0,0,1,0,0,1,0,0,0,1,0,0
0,0.14191623768762732,0.6972556248924977,0.31464660875735595,0.6147303725933514,6,0,0,0,1,0,0,0,0,0,1,0,1,0,1,0,1,0,1,0,1,1,0,0,0,0,0,0
1,-1.0408548331355023,0.17334926510621596,-0.8041806352338244,0.06308978673699296,0,1,1,0,1,0,0,1,0,0,0,0,0,0,0,0,0,0,0,0,0,0,0,1,0,0,1,1
0,1.6101837738818572,1.3309328410149532,2.3149253086366195,1.3194220967752706,5,1,1,1,1,0,1,1,0,0,1,0,1,0,1,0,1,0,0,0,1,1,0,1,1,0,0,0
0,1.4062577271882142,1.5438217745154104,2.290484051019462,1.5510188991495328,5,1,1,1,1,0,1,1,0,0,1,0,1,0,1,0,0,0,1,0,1,1,0,1,0,1,0,1
1,0.060345819010170096,1.1629501669247482,0.4644706355946607,1.108581760907505,4,1,0,0,1,0,0,1,0,0,0,0,1,0,1,0,0,0,1,0,1,1,0,1,0,1,0,0
1,0.9984056338009281,1.0099362459712946,1.383841335024164,1.0052582652318327,3,1,1,0,1,0,1,1,0,0,0,0,1,0,1,0,0,0,0,0,1,0,0,1,0,0,0,1
0,-1.0408548331355023,0.7105611832362765,-0.7514378130653917,0.6293007199261025,2,0,1,0,1,0,0,1,0,0,0,0,0,0,1,0,0,0,1,0,0,0,0,1,0,1,0,1
1,-1.285566089167874,1.1945508679912225,-0.9659826430152776,1.1905386587208275,3,0,1,0,1,0,1,1,0,0,0,0,0,0,1,0,0,0,1,0,1,0,0,1,0,1,0,1
0,-1.0000696237967737,-1.5081406705888027,-0.9393575546182478,-1.4834818687592113,0,1,1,0,1,0,0,0,1,1,0,1,0,1,0,1,0,1,0,1,0,0,0,1,0,0,0,0
0,1.4878281458656715,1.3009953347414513,2.0903657395547937,1.2257580296491677,4,0,0,0,1,0,1,1,0,0,0,0,0,0,1,0,1,0,1,0,1,0,1,0,0,1,0,0
0,0.7129091684298279,1.31430089308523,1.2981866388802807,1.3184440745443746,4,0,1,0,1,0,1,1,0,0,1,0,0,0,1,0,0,0,1,0,1,1,0,1,0,0,1,0
0,-0.9184992051193165,-1.509803865381775,-0.9108133422025423,-1.4025463849906172,0,1,0,0,1,0,0,0,1,1,0,1,0,1,0,1,0,1,0,1,0,1,0,0,0,0,1,0
0,-0.8369287864418593,-1.3185364641899577,-0.8892618000617815,-1.3923793742287662,0,0,1,1,1,0,1,0,1,1,0,1,0,1,0,1,0,1,0,1,0,0,1,0,1,0,0,0
0,-0.7553583677644021,0.7122243780292488,-0.48944429617100577,0.6452853447651924,2,0,0,0,1,0,0,1,0,0,0,0,1,0,0,0,0,0,0,0,1,0,0,1,0,1,0,1
0,1.5286133552044,-0.5002446260475747,0.47640449874527624,-0.5551244592619567,4,0,1,0,0,1,0,0,0,0,1,0,0,0,1,0,1,0,0,0,1,0,1,1,0,0,0,0
1,1.2839020991720282,1.4656516192457114,2.126895272599931,1.532483825359645,5,0,0,0,1,0,1,1,0,0,1,0,0,0,1,0,1,0,1,0,1,0,0,1,0,0,0,0
0,1.3654725178494855,0.8319744031232563,1.618459761031463,0.8419518445811786,6,0,1,1,1,0,1,0,0,0,1,0,1,0,1,0,1,0,1,0,1,0,1,0,1,0,0,0
0,1.5693985645431285,0.5691896258336291,1.6365480563799009,0.650303366271799,5,0,1,1,1,0,0,0,0,0,1,0,0,0,1,0,1,0,1,0,1,0,1,1,1,0,0,0
1,-0.5106471117320305,0.8336375979162285,-0.2831936114052815,0.5812639621689248,2,1,0,0,1,0,0,1,0,0,0,0,0,0,0,0,0,0,1,0,1,0,0,0,0,1,0,0
0,1.6101837738818572,0.48104030180609575,1.5277535775280768,0.49784198120313927,5,1,1,0,1,0,0,0,0,0,1,0,1,0,0,0,1,0,1,0,1,0,1,1,0,0,0,0
0,1.5693985645431285,-0.027897304843435063,0.9717149667377438,-0.05336366683772556,4,0,1,1,1,0,0,0,0,0,1,0,1,0,1,0,1,0,0,0,0,0,1,0,1,0,0,0
0,0.22348665636508452,1.206193231542029,0.7351553578150031,1.300729745038486,3,1,1,1,1,0,1,1,0,0,0,0,0,0,1,0,0,0,1,0,1,0,0,1,1,0,0,0
0,-0.18436543702220157,0.8336375979162285,0.14788134920346552,0.9574591476412042,2,0,0,0,1,0,1,1,0,0,0,0,1,0,0,0,0,0,0,0,1,0,0,1,0,1,0,1
1,-0.6330027397482163,0.3845750038137013,-0.4663045134630652,0.2540555574725825,1,1,1,0,1,0,0,1,0,0,0,0,1,0,0,0,0,0,0,0,0,0,0,1,0,1,0,1
0,0.01956060967144149,-0.8578315065366242,-0.4329514615522871,-0.8362328344568621,2,1,0,0,0,1,0,0,0,0,0,0,1,0,0,0,0,0,1,0,0,1,0,1,0,1,0,0
0,-0.3882914837158446,-1.0075190379041332,-0.6515771874039549,-0.9787679829683508,2,0,1,1,0,1,0,0,0,0,1,0,0,0,0,0,1,0,0,0,0,0,1,0,0,0,1,0
0,1.0391908431396566,-1.5081406705888027,-0.5212752842049032,-1.517514012869052,0,1,1,1,1,0,0,0,1,1,0,1,0,1,0,1,0,1,0,1,0,1,0,1,0,1,0,0
1,1.5286133552044,1.3159640878782022,2.231917680104703,1.329474649729632,4,0,1,0,1,0,1,1,0,0,0,0,1,0,0,0,1,0,1,0,1,0,1,1,0,0,0,0
0,-1.1632104611516882,0.18665482344999473,-0.8806588303228903,0.28711134374113223,0,1,1,0,1,0,0,1,0,0,0,0,0,0,0,0,0,0,0,0,0,0,0,0,0,1,0,0
0,0.5089831217361848,-1.4815295539012454,-0.6005108413897675,-1.4667348496736803,0,1,1,1,1,0,0,0,1,1,0,1,0,1,0,1,0,1,0,1,0,0,1,0,0,0,1,0
0,-0.9184992051193165,0.17002287552027148,-0.6839817067537782,0.3020303269242833,0,1,0,0,1,0,0,1,0,0,0,0,0,0,0,0,0,0,0,0,0,0,0,1,0,1,0,1
0,0.14191623768762732,-1.511467060174747,-0.6775846266915259,-1.4564757464230444,0,1,1,1,1,0,0,0,1,1,0,1,0,1,0,1,0,1,0,1,0,0,1,0,1,0,0,0
0,0.8760500057847422,0.16669648593432704,0.7027728973619463,0.23283817035057508,4,1,0,0,1,0,0,0,0,0,1,0,1,0,0,0,1,0,1,0,0,0,0,1,0,0,1,0
0,-0.3882914837158446,-0.17259525183202698,-0.38653954275580754,-0.11281830690285088,2,1,1,1,1,0,1,0,0,0,0,0,1,0,0,0,1,0,0,0,0,0,1,0,0,0,1,0
0,0.34584228438127035,0.44777640594664925,0.4062572070281636,0.44531725484050766,4,0,1,1,1,0,1,0,0,0,1,0,1,0,1,0,0,0,1,0,0,1,0,1,1,0,0,0
1,-1.1224252518129596,0.21825552451646896,-0.8465116581285224,0.3126393816323019,0,1,0,0,1,0,0,1,0,0,0,0,0,0,0,0,0,0,0,0,0,0,0,1,0,0,1,0
0,-0.22515064636093016,-0.6333002094853606,-0.4605692003038044,-0.6208592006852839,3,1,1,1,0,1,0,0,0,0,0,0,1,0,1,0,0,0,0,0,1,1,0,1,1,0,0,0
0,-1.285566089167874,1.0298945834869624,-0.9681664737951501,1.0264298437061672,3,0,0,0,1,0,0,1,0,0,0,0,0,0,0,0,1,0,1,0,1,0,0,1,0,1,0,0
0,1.4062577271882142,-0.9709287524587421,0.11265329106754432,-0.8916367753216538,2,0,1,1,0,1,0,0,0,0,1,0,0,0,0,0,1,0,0,0,0,0,1,0,1,0,0,0
1,1.6101837738818572,0.8203320395724497,1.8346369493420618,0.8181396571969599,6,0,1,1,1,0,1,0,0,0,1,0,1,0,1,0,1,0,1,0,1,0,1,1,1,0,0,0
0,0.9576204244621995,-1.3285156329477916,-0.3624071096933794,-1.2816907807442508,0,0,1,1,1,0,1,0,1,1,0,1,0,1,0,1,0,1,0,1,0,0,1,1,1,0,0,0
0,0.4681979123974562,-1.3318420225337362,-0.5632754236481052,-1.3875821927675176,0,1,1,1,1,0,1,0,1,1,0,1,0,1,0,1,0,1,0,1,0,1,0,0,0,1,0,0
1,1.3654725178494855,1.1945508679912225,1.9413578918978451,1.2096018038992984,3,0,1,0,1,0,1,1,0,0,0,0,1,0,0,0,0,0,1,0,1,0,0,1,0,1,0,0
0,0.060345819010170096,-0.016254941292628517,-0.0889429664804721,-0.11457984072285626,3,0,0,0,1,0,1,0,0,0,1,0,1,0,0,0,1,0,0,0,0,1,0,1,0,0,1,1
0,1.4878281458656715,1.3459015941517039,2.183961638534576,1.3276924026702777,4,0,1,0,1,0,1,1,0,0,0,0,0,0,1,0,1,0,1,0,1,0,1,0,0,0,0,0
0,-1.285566089167874,1.2494362961593093,-0.9652546994219869,1.245241597059048,4,0,1,1,1,0,1,1,0,0,1,0,0,0,1,0,0,0,1,0,1,0,0,1,0,1,0,1
0,0.30505707504254176,-1.504814281002858,-0.6441653980904486,-1.4631754749821444,0,0,0,0,1,0,0,0,1,1,0,1,0,1,0,1,0,1,0,1,0,0,1,0,1,0,0,0
0,-0.10279501834474433,-0.3472307050941209,-0.3095539930411147,-0.395625531114471,1,1,1,1,1,0,1,0,0,0,1,0,0,0,0,0,0,0,0,0,0,0,0,1,0,0,0,0
0,-0.877713995780588,0.18665482344999473,-0.64458451712901,0.3481435476722043,3,0,0,0,1,0,0,0,0,0,0,0,0,0,0,0,1,0,1,0,1,0,0,0,0,0,1,0
0,-0.7145731584256735,-1.489845527866107,-0.8770191123564364,-1.4828326167132777,0,0,0,0,1,0,0,0,1,1,0,1,0,1,0,1,0,1,0,1,0,1,0,0,1,0,0,0
0,-0.877713995780588,0.1484013432116311,-0.6962243944591234,-0.00463766072937482,3,1,0,0,1,0,0,0,0,0,0,0,0,0,1,0,0,0,1,0,1,0,0,1,0,1,0,0
0,1.2839020991720282,-1.499824696623941,-0.4207528916404747,-1.458901807924471,0,0,1,1,1,0,0,0,1,1,0,1,0,1,0,1,0,1,0,1,0,1,0,0,0,0,0,0
1,1.6101837738818572,0.31638401730183613,1.354591237911934,0.31711047196280784,5,1,1,0,1,0,0,0,0,0,1,0,1,0,1,0,1,0,1,0,0,0,1,0,0,0,0,0
1,1.6101837738818572,0.9367556750805124,1.9609020744328642,0.9499240086481268,4,1,1,0,1,0,1,1,0,0,1,0,1,0,1,0,1,0,0,0,0,0,1,1,0,0,0,0
0,-1.285566089167874,-0.4553383666373219,-0.9878650686075342,-0.45386482102203063,1,0,0,1,1,0,0,0,0,0,1,0,0,0,0,0,0,0,0,0,0,0,0,0,0,0,1,0
0,-0.7145731584256735,0.02366173373870686,-0.5648636642152851,0.08100835384056557,4,0,0,1,1,0,0,0,0,0,1,0,1,0,1,0,1,0,0,0,0,1,0,0,1,0,0,0
0,1.1207612618171139,0.5209569768374316,1.1279581325340677,0.5269478122836012,4,0,0,0,1,0,1,0,0,0,0,0,0,0,1,0,1,0,1,0,1,1,0,0,1,0,0,0
0,0.9576204244621995,-0.40544252284815224,0.321771632412899,-0.3635812918382802,2,1,0,0,1,0,0,0,0,0,1,0,0,0,1,0,0,0,0,0,0,1,0,0,0,0,1,0
0,-1.0000696237967737,-1.4648976059715222,-0.9391369656505839,-1.4814097877615513,0,0,0,0,1,0,0,0,1,1,0,1,0,1,0,1,0,1,0,1,0,0,1,0,0,0,1,0
0,-1.2039956704904167,0.5059882237006805,-0.9144751190657625,0.25285293791315605,2,0,0,0,1,0,0,1,0,0,0,0,0,0,1,0,1,0,0,0,0,0,0,0,1,0,0,1
0,0.6721239590910992,-0.4237376655708479,0.12944011150676538,-0.40315381015685336,0,0,1,0,1,0,1,0,0,0,0,0,0,0,0,0,0,0,0,0,0,0,0,1,1,0,0,0
0,-1.2447808798291453,0.5093146132866255,-0.9460193414416967,0.2697058633607898,1,0,0,0,1,0,0,1,0,0,0,0,0,0,0,0,0,0,1,0,0,0,0,1,0,1,0,1
0,-1.081640042474231,1.1064015439636896,-0.760106959494582,0.9841593913539066,5,0,0,0,1,0,0,1,0,0,1,0,1,0,1,0,1,0,0,0,1,0,0,1,0,0,0,1
0,1.5286133552044,1.66523499440239,2.3915799748998166,1.500877189856055,6,1,0,0,1,0,1,1,0,0,1,0,1,0,1,0,1,0,1,0,1,0,1,1,0,0,0,0
0,-0.8369287864418593,1.5987072026834972,-0.3995322329512098,1.6744386410409917,5,1,0,0,1,0,1,1,0,0,0,0,1,0,1,0,1,0,1,0,1,0,0,1,0,0,1,1
1,0.7944795871072851,1.3159640878782022,1.4077531791189282,1.3433307236713454,5,1,1,0,1,0,0,1,0,0,1,0,0,0,1,0,1,0,1,0,1,1,0,1,0,0,0,0
0,1.6101837738818572,1.6219919297851098,2.5737644032934113,1.5895754126257227,6,0,1,0,1,0,1,1,0,0,1,0,1,0,1,0,1,0,1,0,1,0,1,1,1,0,0,0
0,0.30505707504254176,-1.4732135799363837,-0.6454668729996655,-1.4656205305593832,0,0,0,0,1,0,0,0,1,1,0,1,0,1,0,1,0,1,0,1,0,0,1,1,0,0,0,0
0,-1.285566089167874,0.19996038179377348,-0.9791738632815774,0.1992551094403548,0,0,0,0,1,0,0,1,0,0,0,0,0,0,0,0,0,0,0,0,0,0,0,0,0,0,1,1
1,-1.2039956704904167,0.7305195207519442,-0.9129751140856482,0.2904266733373878,2,0,0,0,1,0,0,1,0,0,0,0,0,0,1,0,0,0,1,0,0,0,0,1,0,1,0,1
1,0.30505707504254176,0.8868598312913427,0.6102578843237164,0.8934851268963114,2,0,0,0,1,0,0,1,0,0,0,0,0,0,0,0,0,0,1,0,1,0,0,1,0,1,0,0
0,-1.285566089167874,-0.5002446260475747,-0.9884606588202267,-0.49862177057148344,1,1,0,1,1,0,0,0,0,0,0,0,0,0,1,0,0,0,0,0,0,0,0,1,0,1,0,0
0,-0.10279501834474433,-1.499824696623941,-0.7560481224895665,-1.5140519704113529,0,1,1,0,1,0,0,0,1,1,0,1,0,1,0,1,0,1,0,1,0,1,0,0,1,0,0,0
0,-0.3882914837158446,1.1629501669247482,0.018064741733274346,1.209133333412871,4,1,1,1,1,0,0,1,0,0,1,0,0,0,0,0,1,0,1,0,1,0,0,1,0,1,0,1
0,-1.285566089167874,0.3197104068877806,-0.9775856227143975,0.31860697490556206,0,1,1,1,1,0,1,1,0,0,0,0,0,0,0,0,0,0,0,0,0,0,0,1,0,1,0,1
1,0.4681979123974562,1.3059849191203683,0.9729282060598952,1.2360867664693869,4,0,1,0,1,0,1,1,0,0,0,0,0,0,1,0,1,0,1,0,1,0,0,0,0,1,0,0
0,1.324687308510757,1.4723043984176007,2.05185090580068,1.3890503939304806,5,1,0,0,1,0,1,1,0,0,0,0,1,0,1,0,1,0,1,0,1,0,0,1,0,1,0,1
1,-1.0408548331355023,-0.5551300542156613,-0.8602984686075146,-0.5393529627540542,1,0,0,0,1,0,0,0,0,0,1,0,0,0,0,0,0,0,0,0,0,0,0,1,0,1,0,0
1,1.6101837738818572,-1.3235260485688747,-0.22078899245317088,-1.327131845924677,0,1,0,0,1,0,1,0,1,1,0,1,0,1,0,1,0,1,0,1,0,0,1,1,1,0,0,0
1,-1.0000696237967737,1.1729293356825825,-0.6096211657542856,1.6138648065427352,3,0,0,0,1,0,1,1,0,0,0,0,0,0,0,0,1,0,1,0,1,0,0,1,1,0,0,0
0,-0.6737879490869448,0.010356175394928559,-0.5501503800721046,0.010592134603424903,2,0,0,0,1,0,1,0,0,0,0,0,0,0,1,0,0,0,0,0,1,0,0,1,1,0,0,1
1,1.3654725178494855,1.1513078033739421,1.9993286725999115,1.2756070022247539,3,1,1,1,1,0,1,1,0,0,0,0,0,0,1,0,0,0,1,0,1,0,0,1,1,0,0,1
0,-1.285566089167874,0.2215819141024134,-0.9788870976236144,0.22080475181601697,0,1,0,0,1,0,0,1,0,0,0,0,0,0,0,0,0,0,0,0,0,0,0,1,0,0,1,1
0,-1.2039956704904167,-0.2989980560979237,-0.9409457951854276,-0.4102129813379963,2,1,0,1,1,0,0,0,0,0,1,0,0,0,1,0,0,0,0,0,0,0,0,0,0,0,1,0
0,0.8352647964460137,0.9650299865610421,1.2083186934540175,0.9946214455986948,3,1,1,0,1,0,1,1,0,0,1,0,0,0,1,0,0,0,0,0,1,0,0,0,0,1,0,1
1,-1.0000696237967737,-0.016254941292628517,-0.7538201739161614,0.2593454583724905,3,1,1,0,1,0,0,0,0,0,0,0,0,0,1,0,1,0,0,0,1,0,0,1,1,0,0,0
1,1.4878281458656715,1.4473564765230158,2.2181749874192427,1.3649538244368917,5,1,1,0,1,0,1,1,0,0,0,0,1,0,1,0,1,0,1,0,1,0,1,1,0,0,0,1
0,-1.1224252518129596,0.6789604821698023,-0.8249601159877615,0.6365470831864899,2,0,0,0,1,0,0,1,0,0,0,0,1,0,0,0,0,0,1,0,0,0,0,1,0,0,1,0
0,1.6101837738818572,1.4157557754565417,2.3322194837014667,1.3374722245771071,5,0,1,1,1,0,1,1,0,0,1,0,0,0,1,0,1,0,1,0,1,0,1,0,0,0,1,0
0,-0.7961435771031307,-0.5368349114929658,-0.7310112746597166,-0.5359829848677503,3,0,1,0,0,1,0,0,0,0,0,0,0,0,1,0,0,0,1,0,1,0,0,1,0,0,0,1
0,-1.1632104611516882,0.6906028457206088,-0.8685484959981434,0.5146258372841839,1,0,0,0,1,0,1,1,0,0,0,0,0,0,0,0,0,0,1,0,0,0,0,1,0,1,0,1
0,0.8760500057847422,0.8785438573264811,1.179995070005976,0.8969478044746229,6,0,1,1,1,0,1,0,0,0,1,0,1,0,1,0,1,0,1,0,1,0,1,0,1,0,0,0
0,1.6101837738818572,0.7005820144784427,1.7036291614464854,0.6814053344736056,5,1,1,0,1,0,1,0,0,0,0,0,1,0,1,0,1,0,1,0,1,0,1,0,0,0,0,0
0,-0.8369287864418593,1.3908078535619568,-0.4572603657888462,1.3129295763159365,4,1,0,0,1,0,1,1,0,0,0,0,1,0,1,0,0,0,1,0,1,0,0,1,0,1,0,1
0,-1.285566089167874,-1.3218628537759025,-0.9993577538228221,-1.317508180846657,0,1,0,0,0,1,0,0,0,0,0,0,0,0,0,0,0,0,0,0,0,0,0,1,0,1,0,1
1,-1.285566089167874,-0.6549217417940008,-0.9905121362195007,-0.6527845967973764,0,1,0,0,1,0,0,0,0,0,0,0,0,0,0,0,0,0,0,0,0,0,0,0,0,1,0,0
0,0.8760500057847422,1.512221073448936,1.5894743706804293,1.4667854275792127,5,0,1,0,1,0,1,1,0,0,0,0,1,0,1,0,1,0,1,0,1,1,0,0,0,1,0,1
0,1.4878281458656715,0.476050717427179,1.3810177962380663,0.45321416133904774,1,1,1,1,1,0,1,1,0,0,0,0,0,0,1,0,0,0,0,0,0,0,1,1,1,0,0,0
0,0.6313387497523706,-0.31230361444170224,0.14867546948705535,-0.33661957123777747,2,0,0,0,1,0,0,0,0,0,1,0,1,0,0,0,0,0,0,0,0,0,1,0,1,0,0,0
0,0.6313387497523706,1.2760474128468664,1.2120025292140044,1.3280903022821477,4,0,1,1,1,0,1,1,0,0,1,0,1,0,0,0,0,0,1,0,1,1,0,1,1,0,0,1
0,-1.0000696237967737,0.8436167666740624,-0.6823272894962992,0.9309069097140483,2,0,1,0,1,0,1,1,0,0,0,0,0,0,0,0,1,0,0,0,1,0,0,1,0,1,0,0
0,1.5693985645431285,0.8768806625335088,1.896732743739443,0.9256858492847335,6,1,1,1,1,0,1,0,0,0,1,0,1,0,1,0,1,0,1,0,1,0,1,1,0,0,1,0
0,-1.2447808798291453,-0.5684356125594401,-0.9696664787752645,-0.6188024684357548,1,1,0,0,1,0,0,0,0,0,1,0,0,0,0,0,0,0,0,0,0,0,0,1,0,1,0,1
0,1.4062577271882142,1.1978772575771675,1.9600638363557417,1.1804194810725546,4,1,1,0,1,0,0,1,0,0,1,0,1,0,0,0,0,0,1,0,1,1,0,1,1,0,0,0
0,0.060345819010170096,1.0914327908269386,0.4939633805713209,1.173766991351534,3,1,1,1,1,0,1,1,0,0,0,0,1,0,0,0,0,0,1,0,1,0,0,1,0,0,0,0
0,-1.2039956704904167,0.16503329114135434,-0.9222839685210638,0.05724849173406587,0,0,0,0,1,0,0,1,0,0,0,0,0,0,0,0,0,0,0,0,0,0,0,1,0,1,0,0
0,-0.9592844144580451,0.02366173373870686,-0.7487025098663596,0.03422536953784534,3,0,1,1,1,0,0,0,0,0,0,0,1,0,0,0,1,0,1,0,0,1,0,1,0,0,1,0
0,1.5693985645431285,1.3226168670500917,2.205027884946476,1.2519889932091737,5,1,1,1,1,0,0,1,0,0,1,0,1,0,1,0,0,0,1,0,1,1,0,1,0,0,0,0
0,0.9984056338009281,0.8502695458459517,1.296818987280765,0.8905304120982449,2,1,0,0,1,0,1,1,0,0,0,0,0,0,0,0,1,0,1,0,0,0,1,1,1,0,0,0
0,1.6101837738818572,-0.03953966839424113,0.9593178667550343,-0.09544085467126871,6,1,0,0,0,1,0,0,0,0,1,0,1,0,1,0,1,0,1,0,1,0,1,1,0,0,0,0
1,0.6313387497523706,1.3176272826711746,1.225458456241501,1.3491564590916896,5,0,1,1,1,0,0,1,0,0,1,0,0,0,1,0,1,0,1,0,1,0,0,1,0,1,0,0
0,-0.5922175304094877,-1.489845527866107,-0.8331660255848579,-1.4111662419408821,0,1,0,0,1,0,0,0,1,1,0,1,0,1,0,1,0,1,0,1,0,1,0,0,0,0,1,0
0,0.4274127030587276,1.310974503499285,0.9536046124925399,1.2810934171115815,4,1,1,1,1,0,1,1,0,0,0,0,0,0,1,0,1,0,1,0,1,1,0,1,1,0,0,0
0,1.6101837738818572,0.9434084542524017,1.9405637716142545,0.9286966899832112,6,0,1,1,1,0,1,0,0,0,1,0,1,0,1,0,1,0,1,0,1,0,1,1,0,0,0,0
0,0.1011310283488987,0.2847833162353619,0.163565224804367,0.36937887957965004,3,1,1,1,1,0,1,0,0,0,0,0,0,0,0,0,1,0,1,0,1,1,0,1,0,0,0,0
0,-1.1632104611516882,-1.4698871903504391,-0.9782253307206227,-1.5458515067887726,0,1,0,0,1,0,0,0,1,1,0,1,0,1,0,1,0,1,0,1,0,0,0,0,0,0,1,0
0,0.6721239590910992,-1.3185364641899577,-0.4759001335564438,-1.3315137568961455,0,0,1,1,1,0,1,0,1,1,0,1,0,1,0,1,0,1,0,1,0,0,1,0,0,0,1,0
0,1.5693985645431285,1.1845716992333886,2.091314272115748,1.1316331899084806,4,0,1,1,1,0,1,1,0,0,1,0,1,0,1,0,0,0,1,0,0,0,1,0,0,0,0,0
0,-0.877713995780588,0.8552591302248684,-0.560363649274942,0.9235039294224091,2,1,1,1,1,0,0,1,0,0,0,0,0,0,0,0,0,0,1,0,1,0,0,0,0,1,0,0
0,1.2431168898332998,0.8153424551935331,1.4591062907910783,0.7944093962475697,6,1,1,1,1,0,1,0,0,0,1,0,1,0,1,0,1,0,1,0,1,0,1,1,1,0,0,0
1,1.324687308510757,1.0165890251431842,1.735129266028887,1.0228849912917095,3,0,0,0,1,0,1,1,0,0,0,0,1,0,1,0,0,0,1,0,0,0,0,1,0,0,0,0
0,0.6721239590910992,-1.4782031643153006,-0.5584004074627335,-1.458037559855294,0,0,0,1,1,0,0,0,1,1,0,1,0,1,0,1,0,1,0,1,0,0,1,0,1,0,0,0
0,-0.14358022768347295,1.1213702971004402,0.2836097410070484,1.201970829742399,3,0,0,0,1,0,1,1,0,0,0,0,0,0,1,0,0,0,1,0,1,0,0,1,1,0,0,1
1,-0.7145731584256735,0.6041167164860477,-0.45531918287340417,0.6298059130074365,2,0,1,0,1,0,1,1,0,0,0,0,0,0,1,0,1,0,0,0,0,0,0,1,0,1,0,1
0,-1.1632104611516882,-1.4948351122450239,-0.9738797280576443,-1.4642115154809745,0,0,1,1,1,0,0,0,1,1,0,1,0,1,0,1,0,1,0,1,0,0,0,1,0,1,0,0
0,1.6101837738818572,1.4723043984176007,2.426146266132746,1.435504678888615,5,0,1,0,1,0,1,1,0,0,0,0,1,0,1,0,1,0,1,0,1,1,0,0,1,0,0,0
1,-0.2659358556996588,0.6922660405135811,-0.09853858657385071,0.4843734547183502,2,0,1,0,1,0,0,1,0,0,0,0,0,0,1,0,0,0,1,0,0,0,0,1,1,0,0,0
1,0.1011310283488987,1.2361307378155306,0.5127355017195169,1.1190696249958285,3,0,1,0,1,0,1,1,0,0,0,0,0,0,1,0,0,0,1,0,1,0,0,0,0,0,0,0
0,0.9984056338009281,0.9916411032485992,1.4023266905143967,1.0296288459481686,3,0,0,0,1,0,1,1,0,0,0,0,1,0,0,0,1,0,0,0,1,1,0,0,0,1,0,0
0,-0.18436543702220157,-0.016254941292628517,-0.21538456274540593,-0.017484562914865994,2,1,1,1,1,0,1,0,0,0,0,0,1,0,0,0,0,0,0,0,1,0,0,0,0,1,0,0
0,-0.30672106503838736,-1.266977425607816,-0.6868273044366423,-1.1785295641716154,0,0,1,0,1,0,1,0,1,1,0,1,0,1,0,1,0,1,0,1,0,1,0,1,0,0,1,0
0,0.590553540413642,0.038630486875457865,0.3225436937997226,-0.020015146941795327,3,0,1,0,1,0,0,0,0,0,1,0,0,0,1,0,0,0,1,0,0,1,0,1,1,0,0,0
0,0.9984056338009281,0.010356175394928559,0.6165446699021369,-0.006324407366066302,3,0,1,1,1,0,1,0,0,0,1,0,1,0,0,0,1,0,0,0,0,0,0,0,0,0,0,0
1,-0.6737879490869448,0.6706445082049407,-0.3967086941651122,0.7312619055895218,1,1,1,0,1,0,1,1,0,0,0,0,0,0,0,0,0,0,1,0,0,0,0,1,1,0,0,0
0,-1.1224252518129596,-0.3023244456838684,-0.8894162123391463,-0.33219222483944405,2,1,0,0,1,0,0,0,0,0,1,0,0,0,1,0,0,0,0,0,0,0,0,1,0,0,1,0
0,-0.6330027397482163,0.18332843386405026,-0.47484130651165724,0.21631930589167078,0,1,1,0,1,0,0,1,0,0,0,0,0,0,0,0,0,0,0,0,0,0,0,1,0,0,0,1
1,0.9576204244621995,1.325943256636036,1.420723810417564,1.1111187541962364,4,0,0,0,1,0,1,1,0,0,0,0,1,0,1,0,0,0,1,0,1,1,0,1,0,0,0,1
0,1.6101837738818572,-1.4948351122450239,-0.42684114714799776,-1.5421908303595735,0,1,1,1,1,0,0,0,1,1,0,1,0,1,0,1,0,1,0,1,0,0,1,0,0,0,0,0
1,-0.46986190239330183,0.9766723501118483,-0.13967842904316363,0.9647015640806436,2,0,0,0,1,0,1,1,0,0,0,0,0,0,0,0,0,0,1,0,1,0,0,1,0,1,0,1
0,0.6313387497523706,-0.6615745209658901,-0.04149427953597224,-0.6343430759182037,3,0,1,1,0,1,0,0,0,0,1,0,0,0,1,0,0,0,0,0,1,1,0,0,1,0,0,0
0,1.4470429365269428,1.663571799609418,2.449947815743678,1.6727972278585317,6,0,1,0,1,0,1,1,0,0,1,0,1,0,1,0,1,0,1,0,1,0,1,0,0,0,0,0
0,-0.10279501834474433,1.380828684804123,0.4065660315828932,1.3981888024329803,4,0,0,0,1,0,1,1,0,0,1,0,0,0,0,0,1,0,1,0,1,0,0,0,0,0,0,0
0,-1.2039956704904167,-0.624984235520499,-0.9530340706134081,-0.7130130844626895,0,0,1,0,1,0,0,0,0,0,0,0,0,0,0,0,0,0,0,0,0,0,0,1,0,0,1,0
1,-0.7553583677644021,-0.8378731690209562,-0.7050038353721457,-0.5117646843280689,3,0,0,0,0,1,0,0,0,0,1,0,0,0,1,0,1,0,0,0,0,0,1,0,0,0,1,0
0,-1.1632104611516882,-1.4915087226590795,-0.9727326654257923,-1.442661873105312,0,0,0,1,1,0,0,0,1,1,0,1,0,1,0,1,0,1,0,1,0,0,0,1,0,0,0,0
0,1.5693985645431285,1.0265681939010178,2.0113507713375927,1.0469988956378666,3,0,1,1,1,0,1,1,0,0,0,0,1,0,1,0,0,0,0,0,1,0,1,1,1,0,0,0
0,-1.0000696237967737,-1.3468107756704872,-0.92047513898622,-1.3061117353595277,0,1,1,1,1,0,1,0,1,1,0,1,0,1,0,1,0,1,0,1,0,1,0,0,0,0,1,0
0,1.1615464711558425,-1.0407829337635797,-0.07639145422039761,-1.0006224560766697,2,1,1,1,0,1,0,0,0,0,1,0,0,0,1,0,0,0,0,0,0,0,0,0,0,0,0,0
0,1.6101837738818572,0.8502695458459517,1.886254767775409,0.8720137631361161,3,1,1,1,1,0,1,1,0,0,0,0,1,0,1,0,1,0,0,0,0,0,1,0,0,0,0,0
0,-1.1224252518129596,0.635717417552522,-0.8230630508658522,0.6650589177142894,1,0,0,0,1,0,1,1,0,0,0,0,0,0,0,0,0,0,1,0,0,0,0,1,0,1,0,0
0,0.6721239590910992,0.08353674628571088,0.44845587654226315,0.0860941145477472,4,0,0,0,1,0,0,0,0,0,1,0,1,0,1,0,1,0,0,0,0,0,1,0,0,0,0,0
0,-1.0000696237967737,-1.5031510862098856,-0.9359384256194576,-1.4513646132954834,0,1,0,0,1,0,0,0,1,1,0,1,0,1,0,1,0,1,0,1,0,0,0,1,0,0,0,0
0,-1.2039956704904167,0.5143041976655421,-0.8984824189101316,0.6534552641273944,1,1,0,0,1,0,0,1,0,0,0,0,0,0,0,0,0,0,0,0,1,0,0,1,0,1,0,0
0,-0.9592844144580451,-1.5064774757958301,-0.9233648544626167,-1.4241512828595506,0,1,1,1,1,0,0,0,1,1,0,1,0,1,0,1,0,1,0,1,0,0,1,0,0,0,1,0
0,1.4062577271882142,-0.3555466790589825,0.6828757724786644,-0.2520750584320158,2,1,1,1,1,0,0,0,0,0,1,0,1,0,0,0,0,0,0,0,0,0,1,1,0,0,0,0
0,0.5497683310749134,-0.6549217417940008,-0.09935476575420701,-0.6629107665424621,0,1,0,0,1,0,0,0,0,0,0,0,0,0,0,0,0,0,0,0,0,0,0,1,1,0,0,0
0,1.4062577271882142,0.33966874440344824,1.2238702156743209,0.35470448147971995,4,0,1,0,1,0,1,0,0,0,1,0,1,0,1,0,0,0,0,0,1,1,0,0,0,0,1,0
0,0.9168352151234709,-1.5031510862098856,-0.5074884737259109,-1.4641060277210936,0,0,1,0,1,0,0,0,1,1,0,1,0,1,0,1,0,1,0,1,0,1,0,0,0,1,0,0
0,0.01956060967144149,0.26149858913374924,0.06930755892159264,0.307505643984766,4,1,1,0,1,0,1,0,0,0,1,0,1,0,1,0,0,0,1,0,0,0,0,1,0,0,0,0
0,1.2023316804945712,-1.4915087226590795,-0.4528485864355687,-1.4754675941908426,0,1,1,1,1,0,0,0,1,1,0,1,0,1,0,1,0,1,0,1,0,0,1,0,1,0,0,0
0,-1.285566089167874,-0.6299738198994158,-0.990181252768005,-0.6279196248254582,0,0,0,1,1,0,0,0,0,0,0,0,0,0,0,0,0,0,0,0,0,0,0,0,0,0,1,1
0,0.6721239590910992,-0.8545051169506794,-0.19950215707360683,-0.9076251870891587,2,1,1,1,0,1,0,0,0,0,1,0,0,0,0,0,0,0,0,0,1,0,0,1,0,1,0,0
0,-1.285566089167874,-0.6698904949307517,-0.9907106662903982,-0.6677035799805274,0,1,0,0,1,0,0,0,0,0,0,0,0,0,0,0,0,0,0,0,0,0,0,1,0,1,0,0
0,-0.7553583677644021,0.5908111581422695,-0.4876575255329284,0.6548761196686465,2,1,1,0,1,0,1,1,0,0,0,0,1,0,1,0,0,0,0,0,0,0,0,1,0,1,0,0
1,-0.5922175304094877,0.9650299865610421,-0.2410831774782475,1.0606882495341439,3,1,0,0,1,0,1,1,0,0,0,0,0,0,1,0,1,0,1,0,0,0,0,0,0,0,0,0
1,-1.285566089167874,0.17501245989918865,-0.9795047467330732,0.17439013746843657,0,0,0,0,1,0,0,1,0,0,0,0,0,0,0,0,0,0,0,0,0,0,0,1,0,1,0,1
0,-1.285566089167874,0.6872764561346639,-0.9727106065290257,0.6849508952918237,2,0,0,0,1,0,0,1,0,0,0,0,0,0,1,0,0,0,1,0,0,0,0,1,1,0,0,1
0,1.6101837738818572,1.7384155652931723,2.75257382048175,1.7762008411482866,6,0,1,0,1,0,1,1,0,0,1,0,1,0,1,0,1,0,1,0,1,0,1,1,1,0,0,0
0,1.2839020991720282,1.1429918294090806,1.879019449636033,1.2414341482258477,4,1,0,0,1,0,1,1,0,0,1,0,0,0,1,0,1,0,0,0,1,0,1,0,1,0,0,0
0,1.4878281458656715,1.5854016443397183,2.433602173239785,1.59957345369076,6,1,1,0,1,0,1,1,0,0,1,0,1,0,1,0,1,0,1,0,1,0,1,1,0,0,0,0
0,-1.285566089167874,-1.3035677110532067,-0.9991151059583919,-1.2992738680672502,0,0,0,0,1,0,1,0,1,1,0,1,0,1,0,1,0,1,0,1,0,0,0,1,0,1,0,0
0,1.5693985645431285,0.8452799614670345,1.763364653889863,0.7845275201371117,6,1,1,1,1,0,1,0,0,0,1,0,1,0,1,0,1,0,1,0,1,0,1,0,1,0,0,0
0,1.3654725178494855,-0.5152133791843257,0.4241910900992368,-0.517835612549784,1,0,1,1,1,0,0,0,0,0,0,0,0,0,0,0,1,0,0,0,0,1,0,1,1,0,0,0
0,-1.2447808798291453,-1.5131302549677197,-0.9881297753687308,-1.3125351864522734,0,1,0,0,1,0,0,0,1,1,0,1,0,1,0,1,0,1,0,1,0,0,0,0,0,0,1,0
1,1.5693985645431285,1.4905995411402961,2.4767273164180725,1.539558814597077,6,0,1,0,1,0,0,1,0,0,1,0,1,0,1,0,1,0,1,0,1,0,1,1,0,0,0,0
0,-0.877713995780588,-0.12103621324988506,-0.6884155450038222,0.04870900641037701,2,1,0,0,1,0,0,0,0,0,0,0,1,0,0,0,0,0,1,0,0,1,0,1,0,1,0,0
0,0.590553540413642,-0.3189563936135916,0.16045492036030645,-0.2791751668703839,2,1,0,1,1,0,0,0,0,0,1,0,1,0,0,0,0,0,0,0,0,0,0,1,0,1,0,0
0,0.1011310283488987,0.18000204427810534,0.05567516071996525,0.13773206450412287,0,0,1,0,1,0,0,1,0,0,0,0,0,0,0,0,0,0,0,0,0,0,0,1,0,1,0,1
1,-0.02122459966728712,1.3791654900111503,0.5428238369088695,1.4963260119504804,4,1,1,0,1,0,1,1,0,0,0,0,1,0,1,0,0,0,1,0,1,0,0,0,0,0,0,1
0,1.1207612618171139,1.2926793607765896,1.6233568361136008,1.1474117462228675,4,1,1,1,1,0,1,1,0,0,0,0,1,0,0,0,1,0,1,0,1,0,0,1,0,0,0,0
0,-0.877713995780588,-1.509803865381775,-0.9103942231639808,-1.4677528902769748,0,1,0,0,1,0,0,0,1,1,0,1,0,1,0,1,0,1,0,1,0,1,0,0,0,0,1,0
0,-0.14358022768347295,-0.8445259481928457,-0.5327679694201911,-0.9134952569443168,3,0,0,0,0,1,0,0,0,0,1,0,1,0,0,0,1,0,0,0,0,1,0,0,1,0,0,0
0,-0.46986190239330183,-1.2919253475024006,-0.7608569619846391,-1.2581479937898872,0,1,1,1,0,1,0,0,0,0,0,0,0,0,0,0,0,0,0,0,0,0,0,1,0,1,0,0
1,0.6313387497523706,0.8702278833616195,0.917825081937459,0.8675357658689513,2,1,1,0,1,0,1,1,0,0,0,0,0,0,1,0,0,0,0,0,1,0,0,1,1,0,0,0
0,-1.2039956704904167,-1.1721753224083933,-0.9707253058200509,-1.1561621404955431,1,0,0,1,0,1,0,0,0,0,0,0,1,0,0,0,0,0,0,0,0,0,0,0,0,0,1,0
0,0.4274127030587276,-0.4886022624967684,-0.05336196599628882,-0.4786912426498062,1,0,1,1,1,0,0,0,0,0,0,0,1,0,0,0,0,0,0,0,0,0,0,0,0,0,1,0
0,-1.1224252518129596,1.3442383993587315,-0.7675408077048547,1.499527377091865,4,1,0,0,1,0,1,1,0,0,0,0,1,0,1,0,0,0,1,0,1,0,0,0,0,1,0,0
0,-1.285566089167874,-0.31396680923467446,-0.9859900623823913,-0.31296331318116066,1,0,0,0,1,0,0,0,0,0,0,0,0,0,0,0,0,0,0,0,1,0,0,1,0,1,0,0
0,1.5693985645431285,0.6839500665487195,1.7693426149135543,0.7908546632398249,5,1,1,1,1,0,1,0,0,0,1,0,0,0,1,0,1,0,1,0,1,1,0,0,0,1,0,0
0,-1.0000696237967737,-1.499824696623941,-0.9398428503471082,-1.4880404469540627,0,0,1,1,1,0,0,0,1,1,0,1,0,1,0,1,0,1,0,1,0,1,0,0,0,1,0,0
0,-1.0000696237967737,-0.18756400496877798,-0.8178350923322184,-0.3419724471483986,1,1,0,0,1,0,1,0,0,0,0,0,0,0,0,0,0,0,1,0,0,0,0,1,0,1,0,0
0,-0.5106471117320305,0.8585855198108133,-0.22456106380022325,0.8015676138401202,2,1,0,0,1,0,1,1,0,0,0,0,0,0,1,0,0,0,1,0,0,0,0,1,1,0,0,0
0,0.01956060967144149,1.2910161659836175,0.5191105228850028,1.3317917924279672,4,0,1,1,1,0,1,1,0,0,1,0,0,0,1,0,0,0,1,0,1,1,0,1,0,0,1,1
0,1.5693985645431285,0.47106113304826186,1.4391871070110305,0.44141425431616277,1,1,0,0,1,0,1,1,0,0,0,0,1,0,0,0,0,0,0,0,0,1,0,1,1,0,0,0
1,-0.06200980900601573,0.8585855198108133,0.24050665672552707,0.8811435451089593,2,0,1,0,1,0,1,1,0,0,0,0,0,0,1,0,0,0,1,0,0,1,0,1,0,1,0,0
1,0.22348665636508452,1.001620272006433,0.573926881349476,0.9818910079459422,3,0,1,0,1,0,1,1,0,0,1,0,1,0,0,0,0,0,0,0,1,1,0,0,1,0,0,0
0,-1.285566089167874,0.7804153645411139,-0.9714753083101082,0.777780123986985,2,1,0,0,1,0,0,1,0,0,0,0,0,0,0,0,0,0,1,0,1,0,0,1,0,1,0,1
0,-1.2447808798291453,-1.1522169848927255,-0.9823282855191708,-1.094552265498457,1,0,1,1,0,1,0,0,0,0,0,0,1,0,0,0,0,0,0,0,0,0,0,1,0,0,1,0
0,-0.8369287864418593,-0.5002446260475747,-0.7381804161087926,-0.4462671906972779,3,0,1,0,0,1,0,0,0,0,0,0,0,0,1,0,0,0,1,0,1,0,0,1,0,0,0,0
0,-0.9592844144580451,0.9350924802875401,-0.6265182806773385,1.0544259602967716,4,0,0,1,1,0,0,1,0,0,1,0,0,0,1,0,1,0,0,0,1,0,0,0,0,0,0,0
1,-0.877713995780588,-0.34390431550817646,-0.7451951452805039,-0.3391845563515474,2,1,0,1,1,0,0,0,0,0,0,0,1,0,0,0,1,0,0,0,0,0,0,1,0,1,0,0
0,-1.081640042474231,-1.5031510862098856,-0.9611958624169715,-1.5343859919350546,0,1,0,1,1,0,0,0,1,1,0,1,0,1,0,1,0,1,0,1,0,0,0,0,0,0,1,0
0,1.5693985645431285,0.6623285342400791,1.6569525358888093,0.6718997034305073,6,0,1,0,1,0,0,0,0,0,1,0,1,0,1,0,1,0,1,0,1,1,0,1,0,0,0,0
0,0.38662749371999894,0.9833251292837376,0.7206406037427202,0.9459936327874859,3,0,1,1,1,0,1,1,0,0,1,0,1,0,0,0,0,0,1,0,0,1,0,1,1,0,0,0
0,-1.0000696237967737,0.975009155318876,-0.6675257697660532,1.0699435446570242,3,0,1,1,1,0,0,1,0,0,0,0,0,0,1,0,0,0,1,0,1,0,0,1,0,1,0,1
0,-1.1224252518129596,1.043200141830741,-0.7843717459376083,1.2465677288975505,3,0,0,0,1,0,0,1,0,0,0,0,1,0,0,0,0,0,1,0,1,0,0,1,0,1,0,1
0,-1.2447808798291453,0.1933076026218841,-0.9480487599442046,0.19345328264690684,0,0,1,0,1,0,0,1,0,0,0,0,0,0,0,0,0,0,0,0,0,0,0,1,0,1,0,1
0,0.5089831217361848,-1.4648976059715222,-0.6168564838936607,-1.4940310633495195,0,0,1,1,1,0,0,0,1,1,0,1,0,1,0,1,0,1,0,1,0,0,1,0,0,0,1,0
0,-0.18436543702220157,-0.16261608307419315,-0.26837003277826904,-0.15968852166855058,5,1,1,1,0,1,0,0,0,0,0,0,1,0,1,0,1,0,1,0,1,1,0,1,1,0,0,0
0,0.4274127030587276,0.5176305872514871,0.48906630548918284,0.46926171981448667,1,0,1,0,1,0,1,1,0,0,0,0,1,0,0,0,0,0,0,0,0,0,0,0,0,1,0,0
0,1.1207612618171139,0.6673181186189963,1.1887524520222321,0.6030898820109424,5,1,0,1,1,0,1,0,0,0,1,0,0,0,1,0,1,0,1,0,1,0,1,1,0,1,0,0
0,0.38662749371999894,-1.0424461285565523,-0.37281890896711445,-1.0104455110982067,2,0,1,0,0,1,0,0,0,0,0,0,1,0,0,0,1,0,0,0,0,1,0,0,0,0,1,1
0,-1.0408548331355023,-0.5068974052194641,-0.8756514607569204,-0.7041722055393409,4,1,1,1,0,1,0,0,0,0,1,0,0,0,1,0,1,0,0,0,1,0,1,0,1,0,0,0
0,-0.30672106503838736,-1.4865191382801624,-0.7863791055433496,-1.4777712135296606,0,0,1,0,1,0,0,0,1,1,0,1,0,1,0,1,0,1,0,1,0,1,0,1,0,0,0,0
1,0.30505707504254176,0.986651518869682,0.5956328357676014,0.8660093328673414,2,0,1,1,1,0,1,1,0,0,0,0,0,0,0,0,0,0,1,0,1,0,0,1,1,0,0,1
0,-0.22515064636093016,1.1845716992333886,0.1690137723056647,1.1314152809209332,3,1,0,0,1,0,1,1,0,0,0,0,0,0,1,0,0,0,1,0,1,1,0,1,0,0,0,0
0,-0.9184992051193165,-0.9692655576657698,-0.8384822197055573,-0.8589980976844848,2,1,0,0,0,1,0,0,0,0,0,0,1,0,0,0,1,0,0,0,0,0,0,0,0,1,0,0
1,-0.22515064636093016,0.7172139624081659,0.048836902722385084,0.7969353616542412,2,0,0,0,1,0,1,1,0,0,0,0,1,0,1,0,0,0,0,0,0,0,0,1,0,0,0,0
0,-0.877713995780588,-0.3688522374027613,-0.723003895133518,-0.18758357572276116,2,0,0,0,1,0,0,0,0,0,0,0,0,0,1,0,1,0,0,0,0,1,0,0,0,0,0,0
0,-1.1632104611516882,-0.8761266492593198,-0.941585503191653,-0.8575061993661699,2,1,1,1,0,1,0,0,0,0,1,0,0,0,0,0,0,0,1,0,0,0,0,0,1,0,0,0
0,1.4470429365269428,-0.8312203898490671,0.22323454055744552,-0.7879574101153044,2,1,0,0,0,1,0,0,0,0,0,0,0,0,1,0,0,0,0,0,1,0,0,1,0,0,0,0
1,-1.285566089167874,0.1716860703132437,-0.979548864526606,0.17107480787218052,0,1,0,0,1,0,0,1,0,0,0,0,0,0,0,0,0,0,0,0,0,0,0,1,0,1,0,0
0,-0.5922175304094877,-1.489845527866107,-0.8308719003211534,-1.4015886231072543,0,0,0,0,1,0,0,0,1,1,0,1,0,1,0,1,0,1,0,1,0,1,0,0,0,0,1,0
0,0.9984056338009281,1.5987072026834972,1.841761972997605,1.6089681519745813,5,0,0,0,1,0,1,1,0,0,1,0,1,0,1,0,0,0,1,0,1,0,1,1,0,0,0,1
0,-0.2659358556996588,-1.4831927486942178,-0.7849011594600016,-1.4994050142719972,0,1,0,0,1,0,0,0,1,1,0,1,0,1,0,1,0,1,0,1,0,0,0,1,0,1,0,0
0,-0.6330027397482163,-0.9725919472517146,-0.7254303737778206,-0.891390818033784,2,0,1,0,0,1,0,0,0,0,0,0,1,0,1,0,0,0,0,0,0,0,0,1,1,0,0,0
0,-1.285566089167874,-0.964275973286853,-0.9946150910180488,-0.9611102492491624,1,1,0,0,0,1,0,0,0,0,0,0,0,0,0,0,0,0,0,0,1,0,0,0,0,1,0,1
0,0.22348665636508452,1.1429918294090806,0.6559418595269052,1.1440804216154015,3,1,0,1,1,0,1,1,0,0,0,0,0,0,1,0,0,0,1,0,1,0,0,1,0,0,0,1
1,1.0799760524783852,0.6007903269001033,1.1527082147059544,0.6038658002511956,3,1,1,0,1,0,0,1,0,0,1,0,1,0,1,0,0,0,0,0,0,1,0,1,1,0,0,0
0,-0.10279501834474433,-0.3073140300627853,-0.28081125055451167,-0.32362762338245027,2,1,0,0,1,0,0,0,0,0,1,0,0,0,1,0,0,0,0,0,0,0,1,1,0,0,1,0
1,-1.2447808798291453,-1.3451475808775148,-0.9894974269682468,-1.3639227951942376,0,1,0,0,0,1,0,0,0,0,0,0,0,0,0,0,0,0,0,0,0,0,0,1,0,0,1,1
1,0.7129091684298279,-1.32019965898293,-0.43414264197767205,-1.2851505639872007,0,0,1,0,1,0,1,0,1,1,0,1,0,1,0,1,0,1,0,1,0,1,0,0,0,1,0,0
0,-0.9592844144580451,-0.4686439249811007,-0.8059232880783691,-0.44355046227812384,4,1,0,0,0,1,0,0,0,0,1,0,0,0,1,0,1,0,0,0,1,1,0,0,0,0,1,0
0,-1.2039956704904167,-1.504814281002858,-0.9836959371186869,-1.4810644409286078,0,0,1,1,1,0,0,0,1,1,0,1,0,1,0,1,0,1,0,1,0,0,0,0,0,0,1,0
0,-0.7553583677644021,-0.16926886224608254,-0.6465477589412185,-0.19799241896814837,2,0,0,1,1,0,0,0,0,0,0,0,0,0,1,0,0,0,1,0,0,0,0,1,1,0,0,0
1,-0.06200980900601573,0.28810970582130635,-0.08634001666203832,0.08883324466183631,1,0,0,0,1,0,0,1,0,0,1,0,0,0,0,0,0,0,0,0,0,0,0,1,1,0,0,0
0,-1.0408548331355023,-0.11604662887096814,-0.8168203830809645,-0.0726019174526181,3,0,0,0,1,0,0,0,0,0,1,0,1,0,1,0,0,0,0,0,0,0,0,0,0,1,0,0
0,-1.0000696237967737,1.279373802432811,-0.6366433142931105,1.3600348843294034,4,0,0,0,1,0,1,1,0,0,1,0,0,0,0,0,1,0,1,0,1,0,0,1,0,0,0,1
0,-0.6330027397482163,-1.4964983070379965,-0.8649749547219887,-1.5082371423253709,0,1,1,1,1,0,0,0,1,1,0,1,0,1,0,1,0,1,0,1,0,1,0,0,0,0,0,0
0,-0.02122459966728712,-1.511467060174747,-0.7128568026209797,-1.4524524558192549,0,1,1,1,1,0,0,0,1,1,0,1,0,1,0,1,0,1,0,1,0,0,0,1,1,0,0,0
1,-1.2447808798291453,0.5525576779039059,-0.9387399055087888,0.5432205550518902,1,0,0,0,1,0,0,1,0,0,0,0,0,0,0,0,0,0,1,0,0,0,0,0,0,0,1,0
1,-1.0408548331355023,0.6623285342400791,-0.7691511071688009,0.4391428866551466,1,1,0,0,1,0,1,1,0,0,0,0,0,0,0,0,0,0,1,0,0,0,0,1,0,1,0,1
0,1.6101837738818572,1.485609956761379,2.469227291517501,1.4804688365378333,5,0,1,1,1,0,1,1,0,0,1,0,1,0,1,0,0,0,1,0,1,0,1,0,1,0,0,0
1,-0.06200980900601573,1.1662765565106932,0.3954262887158674,1.2566848314719308,3,0,0,0,1,0,1,1,0,0,0,0,1,0,0,0,0,0,1,0,1,0,0,1,0,1,0,1
0,-0.22515064636093016,0.31638401730183613,-0.14029607815262252,0.2705346957598534,1,0,1,1,1,0,0,1,0,0,1,0,0,0,0,0,0,0,0,0,0,0,0,0,0,0,1,0
0,-0.5922175304094877,0.8353007927092008,-0.3366202593734724,0.6618356806068183,2,0,0,0,1,0,1,1,0,0,0,0,1,0,0,0,0,0,1,0,0,0,0,1,1,0,0,1
0,-1.0408548331355023,0.33301596523155935,-0.7940335427212861,0.1720220448996825,1,1,0,0,1,0,0,1,0,0,0,0,0,0,1,0,0,0,0,0,0,0,0,1,0,1,0,0
1,-0.7553583677644021,1.3292696462219806,-0.3348334887353949,1.4751833854850724,4,0,0,0,1,0,1,1,0,0,0,0,1,0,1,0,0,0,1,0,1,0,0,1,0,1,0,1
0,-0.877713995780588,-0.17425844662499945,-0.7090185545836282,-0.09204180463066301,2,1,1,1,1,0,0,0,0,0,0,0,0,0,1,0,0,0,1,0,0,0,0,1,0,0,0,0
0,1.6101837738818572,1.515547463034881,2.5449334252197433,1.5594841919152627,5,0,1,1,1,0,1,1,0,0,1,0,0,0,1,0,1,0,1,0,1,0,1,1,0,0,0,0
0,-0.18436543702220157,1.3708495160462886,0.24575667415592736,1.2201398158302543,4,1,1,1,1,0,1,1,0,0,1,0,1,0,0,0,0,0,1,0,1,1,0,0,0,1,0,1
1,-0.7145731584256735,0.30973123812994674,-0.5102017180281765,0.35485457849129176,0,1,0,0,1,0,1,1,0,0,0,0,0,0,0,0,0,0,0,0,0,0,0,1,1,0,0,1
1,-1.1632104611516882,0.31804721209480835,-0.8805485358390583,0.2891834247387921,0,0,0,0,1,0,1,1,0,0,0,0,0,0,0,0,0,0,0,0,0,0,0,1,0,1,0,0
0,1.5693985645431285,-1.3418211912915703,-0.25200233137760936,-1.3485602115721511,0,0,0,0,1,0,1,0,1,1,0,1,0,1,0,1,0,1,0,1,0,0,1,0,0,1,0,0
0,-1.1224252518129596,0.8136792604005604,-0.8067615261554918,0.9100617748775903,3,0,0,0,1,0,0,1,0,0,0,0,1,0,0,0,1,0,0,0,1,0,0,1,0,1,0,1
0,0.590553540413642,-1.3418211912915703,-0.4984884438452247,-1.3327445892039174,0,1,1,1,1,0,1,0,1,1,0,1,0,1,0,1,0,1,0,1,0,0,1,0,0,0,1,0
1,0.9984056338009281,0.8569223250178412,1.2835836492209323,0.8730813089600566,3,1,1,0,1,0,0,1,0,0,0,0,1,0,1,0,0,0,1,0,0,1,0,1,0,1,0,0
1,0.7129091684298279,1.33592242539387,1.2674806545814694,1.272294686564495,4,1,1,0,1,0,1,1,0,0,1,0,0,0,1,0,0,0,1,0,1,0,1,1,1,0,0,0
0,-1.0000696237967737,-1.4782031643153006,-0.9388501999926208,-1.4787160824645933,0,1,0,0,1,0,0,0,1,1,0,1,0,1,0,1,0,1,0,1,0,0,0,1,1,0,0,0
0,0.6313387497523706,-1.5081406705888027,-0.620738849724545,-1.5411893245440378,0,0,1,1,1,0,0,0,1,1,0,1,0,1,0,1,0,1,0,1,0,0,1,0,0,0,1,0
0,1.5286133552044,-1.5031510862098856,-0.41861317865413517,-1.515954338108252,0,0,0,0,1,0,0,0,1,1,0,1,0,1,0,1,0,1,0,1,0,1,0,0,0,0,0,0
0,-1.285566089167874,0.18499162865702248,-0.9793723933524751,0.18433612625720378,4,1,0,1,1,0,0,0,0,0,1,0,1,0,0,0,1,0,0,0,1,0,0,1,0,0,0,0
0,-1.0000696237967737,0.6906028457206088,-0.7195185894444287,0.5815540535085975,1,1,1,0,1,0,1,1,0,0,0,0,0,0,0,0,0,0,0,0,1,0,0,1,0,0,0,0
0,-1.285566089167874,0.4078597309153139,-0.9764165011857789,0.40646320920634,0,0,0,0,1,0,1,1,0,0,0,0,0,0,0,0,0,0,0,0,0,0,0,1,0,1,0,1
0,-1.285566089167874,-0.9858975055954932,-0.9949018566760118,-0.9826598916248249,1,1,0,0,0,1,0,0,0,0,0,0,0,0,0,0,0,0,0,0,1,0,0,1,0,0,0,1
0,1.1207612618171139,-1.4748767747293563,-0.478811907929607,-1.485457252643647,0,1,1,1,1,0,0,0,1,1,0,1,0,1,0,1,0,1,0,1,0,0,1,0,0,0,1,0
0,0.6721239590910992,1.0997487647918003,1.1592155892520386,1.1761271239452666,3,1,1,1,1,0,1,1,0,0,0,0,0,0,0,0,1,0,1,0,1,1,0,1,0,1,0,0
0,-1.1632104611516882,-0.5434876906648552,-0.9217766138954369,-0.48536045218646046,3,1,1,0,0,1,0,0,0,0,0,0,1,0,0,0,0,0,1,0,1,0,0,1,0,1,0,1
0,-0.14358022768347295,-1.4931719174520517,-0.746055442254393,-1.4661835649821957,0,0,0,0,1,0,0,0,1,1,0,1,0,1,0,1,0,1,0,1,0,1,0,0,0,0,1,0
0,1.4062577271882142,-1.3185364641899577,-0.24582584028302085,-1.293707083297418,0,0,1,0,1,0,1,0,1,1,0,1,0,1,0,1,0,1,0,1,0,0,1,1,1,0,0,0
0,0.8352647964460137,1.1147175179285513,1.2613923990739464,1.0698731720948396,3,0,1,0,1,0,1,1,0,0,0,0,1,0,0,0,0,0,1,0,1,0,0,1,1,0,0,1
0,1.4062577271882142,0.19996038179377348,1.0529799424251163,0.16303389653797817,4,1,1,0,1,0,1,0,0,0,1,0,1,0,1,0,1,0,0,0,0,0,1,0,1,0,0,0
0,-1.081640042474231,-1.4981615018309686,-0.9578208512117141,-1.4921155395827939,0,0,1,1,1,0,0,0,1,1,0,1,0,1,0,1,0,1,0,1,0,0,0,0,0,0,1,0
0,0.590553540413642,1.3791654900111503,1.1288625473014897,1.2691895629724277,4,0,0,0,1,0,1,1,0,0,0,0,1,0,1,0,0,0,1,0,1,0,0,1,0,1,0,0
0,0.8352647964460137,1.1513078033739421,1.3826060368052464,1.2417386072969663,5,0,0,0,1,0,0,1,0,0,1,0,1,0,1,0,1,0,0,0,1,0,1,0,0,0,1,0
0,1.4878281458656715,0.6590021446541346,1.5831875851020087,0.6733952899599466,6,1,1,0,1,0,0,0,0,0,1,0,1,0,1,0,1,0,1,0,1,0,1,1,0,0,1,0
0,-1.2039956704904167,0.7039084040643871,-0.902430961431315,0.5545479311724303,2,1,0,0,1,0,0,1,0,0,1,0,0,0,0,0,0,0,0,0,1,0,0,1,0,0,1,0
0,-1.1632104611516882,-0.6765432741026411,-0.9130633496727137,-0.32166605337133214,0,1,0,0,1,0,0,0,0,0,0,0,0,0,0,0,0,0,0,0,0,0,0,0,0,0,1,0
0,0.9576204244621995,0.36461666629803313,0.8694940391223037,0.37141543918877884,4,1,1,1,1,0,1,0,0,0,1,0,1,0,0,0,1,0,0,0,1,0,1,1,1,0,0,0
1,1.0799760524783852,0.9633667917680695,1.449003316072073,0.9812514539538008,2,1,1,0,1,0,1,1,0,0,0,0,0,0,0,0,0,0,1,0,1,0,0,1,0,0,0,1
1,1.1615464711558425,-1.3268524381548195,-0.3479144145178628,-1.335117472472671,0,1,1,0,1,0,1,0,1,1,0,1,0,1,0,1,0,1,0,1,0,0,1,0,0,0,0,0
0,-1.2447808798291453,-0.6615745209658901,-0.9708576592006494,-0.6635594179852077,0,0,1,0,1,0,0,0,0,0,0,0,0,0,0,0,0,0,0,0,0,0,0,1,0,1,0,0
1,0.5497683310749134,1.191224478405278,0.9930238610140744,1.1216374610247297,4,1,1,1,1,0,1,1,0,0,1,0,1,0,1,0,0,0,1,0,0,0,0,1,0,1,0,1
0,-0.8369287864418593,-1.4765399695223285,-0.8977324164200744,-1.4454246477688584,0,1,1,1,1,0,0,0,1,1,0,1,0,1,0,1,0,1,0,1,0,0,0,0,0,0,1,0
0,-0.7553583677644021,0.5176305872514871,-0.5375106322249644,0.3872816593994314,1,0,0,0,1,0,1,1,0,0,0,0,0,0,1,0,0,0,0,0,0,0,0,1,0,1,0,1
0,-0.18436543702220157,0.8502695458459517,0.09657235532484783,0.819754564768152,2,0,1,1,1,0,1,1,0,0,0,0,0,0,0,0,1,0,0,0,1,1,0,1,0,1,0,0
0,-0.347506274377116,-0.14764732993744215,-0.3748262685728557,-0.16107977605269364,3,1,0,0,1,0,0,0,0,0,1,0,1,0,0,0,1,0,0,0,0,0,0,0,0,0,0,0
0,-0.06200980900601573,-0.32061958840656385,-0.2535464541512565,-0.31649253500943303,2,1,0,0,1,0,0,0,0,0,0,0,0,0,1,0,1,0,0,0,0,0,0,1,0,1,0,1
0,1.4470429365269428,0.4511027955325942,1.3425029624839537,0.4489530583701179,5,0,1,1,1,0,1,0,0,0,1,0,1,0,1,0,1,0,0,0,1,1,0,1,0,1,0,0
0,0.2642718657038131,1.186234894026361,0.7080890914826455,1.1600631289706305,3,1,0,1,1,0,1,1,0,0,0,0,0,0,0,0,1,0,1,0,1,0,1,0,0,0,1,0
0,0.38662749371999894,-1.4815295539012454,-0.6266726929547032,-1.464645665785246,0,0,1,0,1,0,0,0,1,1,0,1,0,1,0,1,0,1,0,1,0,0,0,0,1,0,0,0
0,-0.7961435771031307,-0.3472307050941209,-0.6986067553098932,-0.34866686267929975,4,1,1,0,0,1,0,0,0,0,1,0,0,0,0,0,1,0,1,0,1,0,0,1,0,1,0,1
0,-1.081640042474231,0.8602487146037856,-0.7844599815246739,0.6791490684983763,2,0,1,0,1,0,1,1,0,0,0,0,1,0,0,0,0,0,0,0,1,0,0,1,0,1,0,0
0,0.1011310283488987,0.34798471836830985,0.15251371752440693,0.34565059204073434,0,1,0,0,1,0,1,1,0,0,0,0,0,0,0,0,0,0,0,0,0,0,0,0,1,0,0,1
0,0.22348665636508452,-1.48485594348719,-0.6510036560880288,-1.4404807352130387,0,0,1,0,1,0,0,0,1,1,0,1,0,1,0,1,0,1,0,1,0,1,0,1,1,0,0,0
0,-0.5922175304094877,-1.4915087226590795,-0.8390116332279505,-1.435570751468876,0,1,0,0,1,0,0,0,1,1,0,1,0,1,0,1,0,1,0,1,0,0,1,0,1,0,0,0
0,-1.1632104611516882,-1.5064774757958301,-0.9692253008399367,-1.3767696973797288,0,0,1,0,1,0,0,0,1,1,0,1,0,1,0,1,0,1,0,1,0,0,0,0,0,0,1,0
0,-0.22515064636093016,-0.3688522374027613,-0.39728222548103836,-0.4447169671360659,2,1,1,0,1,0,0,0,0,0,0,0,1,0,0,0,1,0,0,0,0,0,0,1,0,1,0,0
0,0.34584228438127035,0.17667565469216087,0.2665582138066309,0.1892686898028528,4,1,0,1,1,0,0,0,0,0,1,0,1,0,1,0,0,0,1,0,0,1,0,0,0,0,1,0
0,0.7129091684298279,0.352974302747227,0.7655525175590853,0.5179245902324585,4,1,1,1,1,0,0,0,0,0,1,0,0,0,0,0,1,0,1,0,1,1,0,0,0,1,0,0
0,1.6101837738818572,-1.4815295539012454,-0.41292198328840707,-1.5276632402537582,0,1,1,1,1,0,0,0,1,1,0,1,0,1,0,1,0,1,0,1,0,0,1,0,0,1,0,0
0,1.5286133552044,-1.2919253475024006,-0.19145065975387535,-1.2720881653779532,0,0,0,0,1,0,1,0,1,1,0,1,0,1,0,1,0,1,0,1,0,1,0,0,1,0,0,0
0,0.4681979123974562,-1.4732135799363837,-0.6019226107828163,-1.453587391092973,0,1,1,1,1,0,0,0,1,1,0,1,0,1,0,1,0,1,0,1,0,1,0,0,0,0,0,0
0,-1.2447808798291453,0.3596270819191164,-0.9269825135323044,0.9849882237529702,1,1,0,0,1,0,0,1,0,0,1,0,0,0,0,0,0,0,0,0,0,0,0,1,0,1,0,1
0,0.060345819010170096,-1.489845527866107,-0.7095259092092552,-1.4861999514796707,0,0,1,1,1,0,0,0,1,1,0,1,0,1,0,1,0,1,0,1,0,1,0,1,0,0,0,0
1,1.6101837738818572,-1.350137165256432,-0.22573018532884173,-1.3322890252966306,0,0,1,0,1,0,1,0,1,1,0,1,0,1,0,1,0,1,0,1,0,0,1,0,0,0,0,0
0,1.5693985645431285,-1.3434843860845427,-0.20918601275405102,-1.3032429246261479,0,1,1,0,1,0,1,0,1,1,0,1,0,1,0,1,0,1,0,1,0,0,1,1,0,1,0,0
0,1.2839020991720282,1.5172106578278532,2.108343740419399,1.5107010738717457,5,0,0,0,1,0,1,1,0,0,0,0,1,0,1,0,1,0,1,0,1,0,1,1,1,0,0,0
0,1.6101837738818572,-1.3185364641899577,-0.1981565643708572,-1.3035101225513548,0,0,1,0,1,0,1,0,1,1,0,1,0,1,0,1,0,1,0,1,0,0,1,1,0,0,0,0
0,-1.285566089167874,0.31139443292291896,-0.9776959171982295,0.31031865091492267,0,1,0,0,1,0,1,1,0,0,0,0,0,0,0,0,0,0,0,0,0,0,0,1,0,0,1,1
1,-0.14358022768347295,0.8386271822951452,0.16162404188892485,0.8858713009959446,3,1,1,0,1,0,0,1,0,0,1,0,0,0,1,0,0,0,0,0,1,1,0,0,0,0,0,0
0,-0.3882914837158446,0.1284430056959634,-0.2651053160568436,0.28394015890993124,4,0,1,0,1,0,0,0,0,0,1,0,0,0,1,0,1,0,0,0,1,1,0,1,0,0,0,0
0,0.7944795871072851,-1.5197830341396088,-0.5451209516093681,-1.4788435951413725,0,1,1,1,1,0,0,0,1,1,0,1,0,1,0,1,0,1,0,1,0,0,1,0,0,0,1,0
1,-0.30672106503838736,0.8253216239513669,-0.04535458647009007,0.7496661290107367,2,0,0,0,1,0,1,1,0,0,0,0,1,0,0,0,0,0,0,0,1,0,0,1,0,1,0,1
0,1.2839020991720282,1.6702245787813068,2.225167657694188,1.647872835916828,6,0,0,0,1,0,1,1,0,0,1,0,1,0,1,0,1,0,1,0,1,0,1,1,0,0,0,0
1,-0.6737879490869448,1.0481897262096582,-0.31286282755607286,1.1250608991947766,2,0,0,0,1,0,1,1,0,0,0,0,0,0,0,0,0,0,1,0,1,0,0,1,0,1,0,1
1,-1.285566089167874,0.15339092759054826,-0.9797915123910363,0.15284049509277392,0,1,0,0,1,0,0,1,0,0,0,0,0,0,0,0,0,0,0,0,0,0,0,1,0,0,0,1
0,-0.347506274377116,1.1562973877528593,0.050513378876630426,1.1707157505098817,3,1,0,0,1,0,1,1,0,0,0,0,1,0,0,0,0,0,1,0,1,0,0,1,0,0,0,0
0,-1.2447808798291453,0.8835334417053983,-0.934813421884372,0.6907527220852713,2,1,1,0,1,0,1,1,0,0,0,0,0,0,1,0,0,0,1,0,0,0,0,1,0,1,0,0
0,0.060345819010170096,0.6606653394471068,0.24224930957007162,0.6174254321916142,6,0,1,1,1,0,0,0,0,0,1,0,1,0,1,0,1,0,1,0,1,0,1,0,0,0,1,0
1,0.14191623768762732,0.67729728737683,0.3716467980017015,0.7337138681034189,1,1,1,0,1,0,1,1,0,0,0,0,0,0,0,0,0,0,0,0,1,0,0,1,1,0,0,1
0,0.8352647964460137,0.461081964290428,0.7288685722365826,0.31482249489474184,4,1,1,1,1,0,1,0,0,0,0,0,0,0,1,0,1,0,1,0,1,1,0,1,0,0,1,0
0,0.590553540413642,-1.48485594348719,-0.625128570181056,-1.5352265808220489,0,0,1,1,1,0,0,0,1,1,0,1,0,1,0,1,0,1,0,1,0,0,1,0,1,0,0,0
0,1.6101837738818572,-1.4964983070379965,-0.3356055501222185,-1.4469671969560052,0,1,0,1,1,0,0,0,1,1,0,1,0,1,0,1,0,1,0,1,0,0,1,0,1,0,0,0
0,1.6101837738818572,1.093095985619911,2.0740862737411994,1.0680556486369341,4,1,1,1,1,0,1,1,0,0,1,0,1,0,0,0,1,0,0,0,1,0,1,1,1,0,0,0
0,-1.285566089167874,-1.5131302549677197,-1.0018945269509567,-1.5081396326313634,0,1,0,0,1,0,0,0,1,1,0,1,0,1,0,1,0,1,0,1,0,0,0,0,0,0,1,1
0,-0.9592844144580451,0.6124326904509093,-0.6560551434475316,0.8078022753308566,1,0,0,0,1,0,1,1,0,0,0,0,0,0,0,0,0,0,0,0,1,0,0,1,0,1,0,1
0,-1.0000696237967737,0.5059882237006805,-0.7107612074281728,0.6638156691156932,1,0,0,0,1,0,0,1,0,0,0,0,0,0,0,0,0,0,1,0,0,0,0,1,0,0,0,1
1,0.5089831217361848,-0.0728035642536876,0.22109482757110596,-0.09470411476098978,3,1,0,0,1,0,0,0,0,0,1,0,0,0,1,0,0,0,0,0,1,1,0,0,1,0,0,1
0,-1.0408548331355023,1.1812453096474442,-0.6950111551369721,1.235058799013405,4,0,0,0,1,0,0,1,0,0,0,0,0,0,1,0,1,0,1,0,1,0,0,1,0,1,0,0
0,1.5693985645431285,-1.3451475808775148,-0.2685685628491666,-1.36609410260587,0,0,1,0,1,0,1,0,1,1,0,1,0,1,0,1,0,1,0,1,0,0,1,1,1,0,0,0
1,0.34584228438127035,1.2045300367490563,0.7614054449670044,1.0962539194712124,4,0,0,0,1,0,0,1,0,0,0,0,0,0,1,0,1,0,1,0,1,1,0,1,0,0,0,0
0,1.4062577271882142,-0.465317535395156,0.4373381925720039,-0.5274700863120373,3,1,1,1,0,1,0,0,0,0,1,0,0,0,0,0,0,0,1,0,1,0,1,0,1,0,0,0
0,1.4878281458656715,1.40743980149168,2.2176896916903828,1.364425293631692,5,1,1,0,1,0,1,1,0,0,1,0,1,0,1,0,1,0,0,0,1,1,0,1,1,0,0,0
1,1.5286133552044,0.9084813635999831,1.8459311044864517,0.9151058120490363,6,0,1,0,1,0,1,0,0,0,1,0,1,0,1,0,1,0,1,0,1,0,1,1,0,0,0,0
0,-0.30672106503838736,-1.3168732693969856,-0.7120626823373898,-1.2543843053339472,0,1,0,0,1,0,1,0,1,1,0,1,0,1,0,1,0,1,0,1,0,1,0,0,0,0,0,1
0,1.6101837738818572,1.6136759558202483,2.591367402912989,1.607947864138307,6,1,0,0,1,0,1,1,0,0,1,0,1,0,1,0,1,0,1,0,1,0,1,0,0,0,0,0
0,0.060345819010170096,-0.8095988575404269,-0.4255176133420145,-0.8584812963062451,2,1,1,1,0,1,0,0,0,0,0,0,0,0,0,0,1,0,1,0,0,0,1,1,0,1,0,0
0,1.324687308510757,-1.2935885422953728,-0.28037007261918395,-1.3072561616336198,0,0,1,1,1,0,1,0,1,1,0,1,0,1,0,1,0,1,0,1,0,0,1,0,1,0,0,0
0,1.5286133552044,1.5654433068240508,2.4289477460220765,1.5409926779707495,6,0,0,0,1,0,1,1,0,0,1,0,1,0,1,0,1,0,1,0,1,0,1,1,1,0,0,0
0,1.6101837738818572,-0.3688522374027613,0.7332803515898602,-0.3313587878159411,4,0,1,1,0,1,0,0,0,0,1,0,0,0,1,0,0,0,1,0,1,0,1,1,1,0,0,0
0,0.1011310283488987,0.23987705682510888,0.09035174643672655,0.2121848948657523,3,1,0,1,1,0,0,0,0,0,0,0,0,0,0,0,1,0,1,0,1,1,0,1,0,0,1,0
0,-0.7961435771031307,1.1064015439636896,-0.4676942239593476,0.9861358378439821,3,1,0,0,1,0,1,1,0,0,1,0,0,0,0,0,0,0,1,0,1,0,0,0,0,0,1,1
0,-0.8369287864418593,0.4644083538763725,-0.6236506240977081,0.2709491119593855,4,0,1,0,1,0,1,0,0,0,1,0,0,0,1,0,0,0,1,0,1,1,0,0,0,1,0,0
0,1.2023316804945712,0.19497079741485634,0.8704866894767912,0.1284835171718949,4,0,1,1,1,0,0,0,0,0,1,0,0,0,1,0,1,0,1,0,0,1,0,1,0,0,0,0
0,-0.30672106503838736,0.3745958350558674,-0.13120781268487078,0.4916008732381879,4,0,0,0,1,0,0,0,0,0,1,0,0,0,0,0,1,0,1,0,1,0,0,1,1,0,0,0
0,0.7944795871072851,-0.8578315065366242,-0.13599459328317695,-0.8875991910860299,3,0,0,0,0,1,0,0,0,0,1,0,1,0,0,0,1,0,0,0,0,0,1,0,0,0,1,0
1,-1.0000696237967737,0.16835968072729926,-0.7622025546873887,0.18060638046141614,0,1,0,0,1,0,0,1,0,0,0,0,0,0,0,0,0,0,0,0,0,0,0,1,1,0,0,0
0,-1.2447808798291453,-1.4915087226590795,-0.99558568247577,-1.5926805373358852,0,1,0,0,1,0,0,0,1,1,0,1,0,1,0,1,0,1,0,1,0,0,0,0,0,0,1,0
0,0.9576204244621995,-1.4915087226590795,-0.5295253115955322,-1.505949147005266,0,0,1,1,1,0,0,0,1,1,0,1,0,1,0,1,0,1,0,1,0,0,1,0,0,0,1,0
0,-0.8369287864418593,-1.511467060174747,-0.9101074575060178,-1.522920477081337,0,0,0,0,1,0,0,0,1,1,0,1,0,1,0,1,0,1,0,1,0,0,0,0,0,0,0,0
0,0.590553540413642,-1.2636510360218711,-0.45860595849159597,-1.268977398671679,0,0,1,0,1,0,1,0,1,1,0,1,0,1,0,1,0,1,0,1,0,1,0,0,0,1,0,0
1,-1.2447808798291453,-1.5197830341396088,-0.9940415597021228,-1.5346622694014094,0,1,0,0,1,0,0,0,1,1,0,1,0,1,0,1,0,1,0,1,0,0,0,0,0,1,0,0
0,-0.5922175304094877,-0.4952550416686578,-0.6166138360292305,-0.5070942795396925,1,0,0,0,1,0,0,0,0,0,0,0,0,0,1,0,0,0,0,0,0,0,0,1,0,0,1,0
0,-1.0000696237967737,-0.16261608307419315,-0.7952688409402038,-0.12999856108779587,2,0,0,0,1,0,0,0,0,0,1,0,0,0,0,0,0,0,1,0,0,0,0,1,0,1,0,0
0,0.5089831217361848,0.6540125602752175,0.6280594140141912,0.5849016154759276,2,1,1,0,1,0,1,1,0,0,1,0,0,0,1,0,0,0,0,0,0,0,0,1,0,0,1,0
0,-1.2039956704904167,-0.6466057678291391,-0.9479384654603726,-0.5853728950068429,0,1,0,0,1,0,0,0,0,0,0,0,0,0,0,0,0,0,0,0,0,0,0,0,0,0,1,0
0,0.22348665636508452,-1.4915087226590795,-0.7112465031570333,-1.5596144868890185,0,0,0,0,1,0,0,0,1,1,0,1,0,1,0,1,0,1,0,1,0,1,0,0,0,0,1,0
0,1.6101837738818572,1.6851933319180579,2.706603079620598,1.7282206544913628,6,1,1,0,1,0,1,1,0,0,1,0,1,0,1,0,1,0,1,0,1,0,1,1,0,1,0,0
0,0.5497683310749134,0.9583772073891528,0.822552706803431,0.8431497749392459,3,1,0,0,1,0,1,1,0,0,1,0,1,0,0,0,0,0,0,0,1,0,0,1,0,1,0,1
0,1.5693985645431285,1.134675855444219,2.1049907881109085,1.1461085726526958,4,0,1,1,1,0,1,1,0,0,1,0,1,0,1,0,0,0,1,0,0,0,1,1,1,0,0,0
0,1.3654725178494855,-0.4769598989459623,0.4739118434106746,-0.4612238480803861,3,1,1,1,0,1,0,0,0,0,0,0,0,0,0,0,1,0,1,0,1,0,1,0,0,0,0,0
1,-0.30672106503838736,1.3658599316673719,0.1609843338826997,1.3698979898782644,4,1,0,0,1,0,1,1,0,0,0,0,1,0,1,0,0,0,1,0,1,0,0,0,0,0,1,1
0,-0.5922175304094877,0.5691896258336291,-0.3815762909833703,0.4741511884632282,4,1,0,0,1,0,1,0,0,0,0,0,0,0,1,0,1,0,1,0,1,1,0,1,1,0,0,1
0,-0.7961435771031307,-1.3268524381548195,-0.8637617153998374,-1.3033542737241803,0,0,1,1,1,0,1,0,1,1,0,1,0,1,0,1,0,1,0,1,0,0,1,1,0,0,0,0
0,1.324687308510757,0.8868598312913427,1.6207097685016343,0.8906033404011042,6,0,1,1,1,0,1,0,0,0,1,0,1,0,1,0,1,0,1,0,1,0,1,0,0,0,0,0
0,1.1207612618171139,1.0265681939010178,1.5231873858974345,1.0219541487512218,3,1,1,0,1,0,1,1,0,0,0,0,1,0,1,0,0,0,1,0,0,0,0,1,0,1,0,1
0,-0.7145731584256735,-1.5147934497606919,-0.8874309116301714,-1.534993802361035,0,1,1,1,1,0,0,0,1,1,0,1,0,1,0,1,0,1,0,1,0,0,1,0,0,0,1,0
0,1.6101837738818572,-1.3318420225337362,-0.18463446065306166,-1.2893969486450716,0,0,1,0,1,0,1,0,1,1,0,1,0,1,0,1,0,1,0,1,0,0,1,0,1,0,0,0
0,-0.10279501834474433,0.9700195709399588,0.2541611138239209,1.016428599424129,2,1,1,0,1,0,1,1,0,0,0,0,0,0,0,0,0,0,1,0,1,0,0,1,1,0,0,1
0,0.38662749371999894,1.1812453096474442,0.8882220424769667,1.245833620201236,4,0,1,1,1,0,0,1,0,0,0,0,0,0,1,0,1,0,1,0,1,0,1,1,0,1,0,0
0,1.5693985645431285,-1.3268524381548195,-0.237068458266765,-1.332754027511129,0,0,1,0,1,0,1,0,1,1,0,1,0,1,0,1,0,1,0,1,0,0,1,0,0,0,0,0
0,-1.285566089167874,-0.33725153633628707,-0.9862988869371206,-0.3361706203549511,1,0,0,0,1,0,0,0,0,0,0,0,0,0,0,0,0,0,0,0,1,0,0,1,0,0,1,1
1,0.2642718657038131,1.0232418043150735,0.647956538897473,1.0441966100040507,2,1,0,0,1,0,1,1,0,0,0,0,0,0,0,0,0,0,1,0,1,0,0,1,0,0,0,1
0,0.1011310283488987,-1.5181198393466364,-0.7379598271411287,-1.5662526242685895,0,0,0,0,1,0,0,0,1,1,0,1,0,1,0,1,0,1,0,1,0,0,0,0,0,0,0,0
0,0.8352647964460137,1.4423668921440986,1.6079817850674287,1.5612925930039958,5,0,1,1,1,0,0,1,0,0,0,0,1,0,1,0,1,0,1,0,1,0,0,1,0,0,0,0
0,-1.285566089167874,0.9883147136626543,-0.9687179462143097,0.9849882237529702,2,0,0,0,1,0,1,1,0,0,0,0,0,0,0,0,0,0,1,0,1,0,0,1,0,1,0,1
1,-0.06200980900601573,1.1313494658582746,0.27394794422337077,0.9622087010432133,4,0,1,1,1,0,0,1,0,0,0,0,0,0,1,0,1,0,1,0,1,0,0,1,0,1,0,1
0,0.6313387497523706,-1.4881823330731347,-0.5767975273659007,-1.4723962354217306,0,1,0,0,1,0,0,0,1,1,0,1,0,1,0,1,0,1,0,1,0,0,1,0,1,0,0,0
1,-0.10279501834474433,1.2111828159209457,0.30183038973608467,1.135835720382608,3,0,0,1,1,0,1,1,0,0,0,0,0,0,0,0,1,0,1,0,1,0,0,1,0,1,0,0
0,-0.9184992051193165,-1.4931719174520517,-0.9227913231466908,-1.4925575835289613,0,1,0,0,1,0,0,0,1,1,0,1,0,1,0,1,0,1,0,1,0,0,0,0,1,0,0,0
0,-0.8369287864418593,1.3442383993587315,-0.4476647456954676,1.3730199252480724,4,0,0,1,1,0,1,1,0,0,0,0,1,0,1,0,0,0,1,0,1,0,0,1,0,1,0,0
1,0.9984056338009281,0.16503329114135434,0.7555818962206781,0.1769784211006012,4,0,0,0,1,0,0,0,0,0,1,0,0,0,1,0,1,0,1,0,0,0,1,0,0,0,0,0
0,1.0391908431396566,0.012019370187900788,0.6623168806923911,0.015997407964561894,3,0,1,0,1,0,0,0,0,0,1,0,1,0,0,0,0,0,1,0,0,0,0,1,1,0,0,0
0,0.18270144702635593,-1.499824696623941,-0.651643364094254,-1.4225682876469241,0,0,0,0,1,0,0,0,1,1,0,1,0,1,0,1,0,1,0,1,0,0,1,0,0,0,1,0
0,0.4681979123974562,-1.5064774757958301,-0.6662242948568362,-1.5634076839689452,0,0,1,1,1,0,0,0,1,1,0,1,0,1,0,1,0,1,0,1,0,0,0,0,0,0,1,0
0,-0.22515064636093016,-1.4915087226590795,-0.7665260984536008,-1.4724077469828292,0,1,0,1,1,0,0,0,1,1,0,1,0,1,0,1,0,1,0,1,0,1,0,0,1,0,0,0
0,-1.0000696237967737,-0.5152133791843257,-0.8303424867987601,-0.4594594397157123,1,0,0,0,1,0,0,0,0,0,0,0,0,0,0,0,1,0,0,0,0,0,0,0,0,1,0,0
1,-1.2039956704904167,0.3712694454699225,-0.908188333487342,0.4103310937353048,0,1,0,0,1,0,1,1,0,0,0,0,0,0,0,0,0,0,0,0,0,0,0,1,0,1,0,1
1,-0.30672106503838736,0.7820785593340867,-0.0437663459029102,0.7544402036293447,3,0,1,0,1,0,0,1,0,0,0,0,1,0,1,0,0,0,0,0,1,0,0,0,0,0,0,0
0,0.9984056338009281,1.1878980888193331,1.4653048407824334,1.1126574950473807,3,0,1,1,1,0,1,1,0,0,0,0,1,0,0,0,0,0,1,0,1,0,0,1,0,1,0,0
0,-0.8369287864418593,-1.511467060174747,-0.901813312321856,-1.4709803134066635,0,0,0,0,1,0,0,0,1,1,0,1,0,1,0,1,0,1,0,1,0,0,0,0,0,0,1,0
0,1.2023316804945712,-1.4831927486942178,-0.4386205980212487,-1.4582225329845124,0,0,1,1,1,0,0,0,1,1,0,1,0,1,0,1,0,1,0,1,0,0,1,0,0,0,0,0
0,1.324687308510757,1.422408554628431,2.114343760339857,1.4612990765935003,5,0,1,0,1,0,1,1,0,0,0,0,1,0,1,0,1,0,1,0,1,0,1,1,0,0,0,0
0,1.5693985645431285,0.5176305872514871,1.4876063854132513,0.49266177870898964,4,0,1,0,1,0,1,0,0,0,0,0,0,0,1,0,1,0,1,0,1,0,1,1,0,0,0,0
0,-0.46986190239330183,-0.20086956331255654,-0.47422365740219835,-0.23244816584352065,2,0,1,1,1,0,0,0,0,0,0,0,1,0,0,0,0,0,1,0,0,1,0,1,1,0,0,0
0,1.5693985645431285,1.4872731515543511,2.454624301858152,1.5161647282911033,5,1,1,0,1,0,1,1,0,0,1,0,1,0,1,0,0,0,1,0,1,1,0,1,0,1,0,0
0,-1.0408548331355023,0.34133193919642096,-0.778834962849245,0.3351836228868409,1,0,0,0,1,0,0,1,0,0,0,0,0,0,1,0,0,0,0,0,0,0,0,1,0,1,0,0
0,1.6101837738818572,0.2698145630986109,1.3124366861913672,0.2731132854458303,5,0,0,0,1,0,0,0,0,0,1,0,1,0,1,0,1,0,0,0,1,0,1,1,1,0,0,0
0,-1.285566089167874,0.17334926510621596,-0.9795268056298397,0.1727324726703083,0,0,0,0,1,0,0,1,0,0,0,0,0,0,0,0,0,0,0,0,0,0,0,0,0,1,0,0
0,1.6101837738818572,1.1230334918934128,2.1349026521261294,1.1315303965319141,4,0,1,1,1,0,1,1,0,0,0,0,1,0,1,0,1,0,0,0,1,0,1,1,0,0,0,0
0,1.2839020991720282,1.5488113588943275,2.1955646182336954,1.6131136771810837,5,0,1,1,1,0,1,1,0,0,0,0,1,0,1,0,1,0,1,0,1,1,0,1,0,1,0,0
0,1.6101837738818572,1.663571799609418,2.738103184203,1.7610976729875665,6,0,0,0,1,0,1,1,0,0,1,0,1,0,1,0,1,0,1,0,1,0,1,1,0,1,0,0
0,-0.14358022768347295,1.186234894026361,0.25958760242845236,1.139722658529942,3,0,0,0,1,0,1,1,0,0,0,0,0,0,1,0,0,0,1,0,1,0,0,0,0,0,0,0
0,-0.7961435771031307,-1.4798663591082732,-0.8951735843951734,-1.484932325457573,0,0,0,0,1,0,0,0,1,1,0,1,0,1,0,1,0,1,0,1,0,0,1,1,0,0,1,0
0,-0.06200980900601573,1.3126376982922574,0.4037866105903282,1.276951120455494,4,0,0,0,1,0,1,1,0,0,1,0,1,0,0,0,0,0,1,0,1,0,0,0,0,1,0,0
1,-1.285566089167874,0.16170690155540987,-0.9796812179072044,0.16112881908341334,0,1,0,0,1,0,0,1,0,0,0,0,0,0,0,0,0,0,0,0,0,0,0,1,0,1,0,1
0,-1.0408548331355023,-1.010845427490078,-0.8872544404560402,-0.8287338746558073,2,1,1,1,0,1,0,0,0,0,1,0,0,0,0,0,1,0,0,0,0,0,0,1,0,1,0,1
0,1.1615464711558425,1.3525543733235932,1.7607837629681957,1.2626334900230123,4,1,1,0,1,0,1,1,0,0,0,0,1,0,1,0,0,0,1,0,1,0,0,1,0,1,0,1
0,0.2642718657038131,-1.1572065692716424,-0.5113487806600288,-1.1896129660372519,1,0,0,1,0,1,0,0,0,0,0,0,0,0,1,0,0,0,0,0,0,0,0,0,1,0,0,1
0,-0.9184992051193165,0.18000204427810534,-0.6847758270373682,0.29606273365102315,0,1,1,0,1,0,0,1,0,0,0,0,0,0,0,0,0,0,0,0,0,0,0,1,0,1,0,1
0,-0.7553583677644021,0.5176305872514871,-0.5088120075318942,0.5413260809968867,4,0,1,1,1,0,1,0,0,0,0,0,1,0,0,0,1,0,1,0,1,0,0,0,1,0,0,0
0,-1.285566089167874,0.5093146132866255,-0.9750709084830295,0.5075807618921406,1,0,0,0,1,0,1,1,0,0,0,0,1,0,0,0,0,0,0,0,0,0,0,1,0,0,1,1
0,1.4062577271882142,0.9799987396977927,1.7872544390878609,0.9865964060198109,3,0,1,1,1,0,1,1,0,0,1,0,0,0,0,0,1,0,0,0,1,1,0,1,1,0,0,1
0,1.6101837738818572,0.8802070521194533,1.9442034895807085,0.9324955051455874,6,0,0,0,1,0,1,0,0,0,1,0,1,0,1,0,1,0,1,0,1,0,1,1,0,0,0,0
0,-1.081640042474231,-0.6748800793096686,-0.8953941733628372,-0.7102503097991429,0,1,1,1,1,0,0,0,0,0,0,0,0,0,0,0,0,0,0,0,0,0,0,1,0,0,0,1
0,-1.285566089167874,-1.5064774757958301,-1.0018062913638912,-1.5015089734388518,0,0,0,0,1,0,0,0,1,1,0,1,0,1,0,1,0,1,0,1,0,0,0,1,0,0,1,1
0,-0.30672106503838736,-1.4964983070379965,-0.7874599914849025,-1.481020236533991,0,1,1,1,1,0,0,0,1,1,0,1,0,1,0,1,0,1,0,1,0,1,0,0,0,1,0,0
1,0.01956060967144149,1.515547463034881,0.6022505047975176,1.521117205280815,5,0,0,0,1,0,1,1,0,0,0,0,1,0,1,0,1,0,1,0,1,0,0,1,0,1,0,1
0,-0.5922175304094877,0.11513744735218463,-0.43701029855730245,0.24272276414681895,4,1,0,0,1,0,0,0,0,0,1,0,0,0,1,0,1,0,1,0,0,0,0,1,0,1,0,0
0,1.5693985645431285,0.47272432784123414,1.4446356545123284,0.447181060022326,5,1,1,0,1,0,0,0,0,0,0,0,1,0,1,0,1,0,1,0,1,0,1,1,1,0,0,0
1,-0.18436543702220157,-0.4619911458092113,-0.4008337078604267,-0.5151984185527623,0,1,1,1,1,0,1,0,0,0,0,0,0,0,0,0,0,0,0,0,0,1,0,1,0,1,0,0
0,-1.2447808798291453,0.5209569768374316,-0.9274678092611649,0.9667539109735637,1,0,0,1,1,0,1,1,0,0,1,0,0,0,0,0,0,0,0,0,0,0,0,0,1,0,0,0
0,-0.6330027397482163,0.060252019184098254,-0.5352826836515593,-0.05085725568894059,3,1,1,1,1,0,1,0,0,0,0,0,1,0,1,0,1,0,0,0,0,0,0,1,0,0,1,0
0,0.9576204244621995,0.7155507676151937,1.1612008899610136,0.762861140803834,2,1,0,0,1,0,1,1,0,0,1,0,1,0,0,0,0,0,0,0,0,0,0,1,0,1,0,0
0,1.1207612618171139,-0.4935918468756855,0.27403617981043626,-0.5425498877218724,4,0,1,0,0,1,0,0,0,0,1,0,1,0,1,0,0,0,0,0,1,1,0,0,0,1,0,0
0,0.01956060967144149,-1.3035677110532067,-0.6459962865220588,-1.3213760653756221,0,0,0,0,1,0,1,0,1,1,0,1,0,1,0,1,0,1,0,1,0,0,1,0,1,0,0,0
0,-1.285566089167874,0.6157590800368543,-0.9736591390899805,0.6136713089723251,3,0,0,0,1,0,0,1,0,0,1,0,1,0,0,0,1,0,0,0,0,0,0,1,0,0,1,0
0,-1.2447808798291453,0.1933076026218841,-0.9483796433957004,0.18102079666094772,0,1,0,0,1,0,0,1,0,0,0,0,0,0,0,0,0,0,0,0,0,0,0,0,1,0,0,1
0,1.2431168898332998,0.6573389498611624,1.3621133217092722,0.6787149181941049,2,1,1,0,1,0,1,1,0,0,1,0,0,0,0,0,1,0,0,0,0,0,1,1,1,0,0,0
1,-1.0408548331355023,1.1429918294090806,-0.7168715218324622,1.0003808254498723,3,1,1,0,1,0,1,1,0,0,0,0,0,0,1,0,0,0,1,0,1,0,0,1,0,1,0,1
0,0.9168352151234709,-0.004612577741822443,0.5853313309776984,0.02902800435260416,3,0,0,0,1,0,0,0,0,0,0,0,1,0,1,0,0,0,0,0,1,0,1,1,0,0,1,0
0,1.324687308510757,1.1729293356825825,1.9205122344536087,1.2372082984219668,4,0,1,0,1,0,1,1,0,0,1,0,1,0,0,0,1,0,1,0,0,1,0,1,0,0,0,0
0,-1.285566089167874,0.6623285342400791,-0.9730414899805216,0.6600859233199056,2,1,1,0,1,0,0,1,0,0,0,0,0,0,0,0,1,0,1,0,0,0,0,1,0,1,0,1
0,1.2431168898332998,-1.3185364641899577,-0.32252462433975065,-1.330743187092027,0,1,0,0,1,0,1,0,1,1,0,1,0,1,0,1,0,1,0,1,0,0,1,0,0,0,1,0
1,1.5286133552044,1.6003703974764694,2.513499497327641,1.631761666131095,6,0,1,0,1,0,1,1,0,0,1,0,1,0,1,0,1,0,1,0,1,0,1,1,1,0,0,0
0,0.14191623768762732,-0.8062724679544823,-0.32779670066691735,-0.726320449092105,3,0,1,1,0,1,0,0,0,0,1,0,0,0,1,0,1,0,0,0,0,0,1,0,1,0,0,0
0,0.7944795871072851,1.3342592306008978,1.3837530994370986,1.3086472755874397,5,1,0,0,1,0,0,1,0,0,0,0,1,0,1,0,1,0,1,0,1,1,0,1,0,0,0,1
0,-0.4290766930545732,-0.3472307050941209,-0.5130914335045734,-0.45243320142364757,1,1,0,0,1,0,1,0,0,0,1,0,0,0,0,0,0,0,0,0,0,0,0,1,0,1,0,1
0,-0.4290766930545732,0.9999570772134608,-0.06509729907600699,1.0778174524481319,4,1,0,0,1,0,0,1,0,0,0,0,1,0,1,0,1,0,0,0,1,0,0,1,0,0,0,0
1,-1.1224252518129596,-0.16594247266013784,-0.8834603102122216,-0.24267832574053835,3,0,0,0,1,0,0,0,0,0,1,0,1,0,0,0,1,0,0,0,0,0,0,0,1,0,0,0
0,0.590553540413642,0.6789604821698023,0.7743981351624067,0.7024445493316416,2,0,1,0,1,0,0,1,0,0,0,0,0,0,1,0,0,0,0,0,1,0,0,1,0,1,0,1
0,0.01956060967144149,0.6140958852438816,0.20624919004732706,0.6193475550992474,1,0,0,0,1,0,1,1,0,0,0,0,0,0,0,0,0,0,0,0,1,0,0,1,0,1,0,1
0,-0.5922175304094877,-1.0441093233495244,-0.7457466176996637,-1.0462037088863936,2,1,0,0,0,1,0,0,0,0,0,0,1,0,1,0,0,0,0,0,0,0,0,1,1,0,0,1
0,-1.285566089167874,-1.499824696623941,-1.0017180557768255,-1.4948783142463404,0,0,0,0,1,0,0,0,1,1,0,1,0,1,0,1,0,1,0,1,0,0,0,0,1,0,0,0
0,0.9576204244621995,0.5625368466617396,0.990045909950612,0.5331857627917941,5,1,0,0,1,0,0,0,0,0,0,0,1,0,1,0,1,0,1,0,1,0,1,1,1,0,0,0
0,-1.2447808798291453,-1.4931719174520517,-0.99240920134141,-1.4733286718706777,0,0,0,0,1,0,0,0,1,1,0,1,0,1,0,1,0,1,0,1,0,0,0,1,0,0,1,0
0,0.1011310283488987,-0.17592164141797167,-0.08622972217820637,-0.1669467253917819,2,1,0,0,1,0,1,0,0,0,1,0,0,0,1,0,0,0,0,0,0,0,0,1,0,1,0,0
0,1.2839020991720282,-1.3268524381548195,-0.311274586988893,-1.330355083032148,0,0,1,0,1,0,1,0,1,1,0,1,0,1,0,1,0,1,0,1,0,0,1,0,1,0,0,0
0,-0.7145731584256735,0.647359781103328,-0.4357529414416183,0.7278291580700651,2,0,0,0,1,0,1,1,0,0,1,0,0,0,1,0,0,0,0,0,0,0,0,1,1,0,0,0
0,-0.347506274377116,0.8469431562600068,-0.022876570665141163,0.9409219678694041,2,1,0,0,1,0,0,1,0,0,0,0,0,0,0,0,0,0,1,0,1,0,0,1,0,1,0,1
0,-1.285566089167874,-0.31064041964873,-0.9859459445888584,-0.3096479835849051,1,1,0,0,1,0,0,0,0,0,0,0,0,0,0,0,0,0,0,0,1,0,0,0,0,0,1,0
0,1.5286133552044,0.34798471836830985,1.388561938932171,0.4241054988435582,4,0,1,1,1,0,0,0,0,0,1,0,0,0,0,0,1,0,1,0,1,0,1,0,1,0,0,0
0,-1.285566089167874,0.8602487146037856,-0.9704164812653215,0.8573480342971236,2,1,1,0,1,0,0,1,0,0,0,0,0,0,0,0,0,0,1,0,1,0,0,1,0,1,0,1
0,-1.1632104611516882,0.821995234365422,-0.8491366668437224,0.8793120928723178,2,0,0,1,1,0,1,1,0,0,0,0,1,0,0,0,0,0,1,0,0,0,0,0,0,0,1,1
0,0.2642718657038131,-0.18590081017580576,-0.03582514306701066,-0.2733493749284636,2,0,0,0,1,0,0,0,0,0,0,0,0,0,0,0,1,0,0,0,1,1,0,0,0,1,0,0
0,-0.14358022768347295,0.040293681668430094,-0.16685498985935315,0.03468900758483146,2,0,0,0,1,0,1,0,0,0,1,0,0,0,0,0,0,0,0,0,1,0,0,1,0,1,0,0
0,-0.7553583677644021,-1.5330885924833875,-0.897710357523308,-1.5461475183598667,0,0,1,1,1,0,0,0,1,1,0,1,0,1,0,1,0,1,0,1,0,0,1,0,0,0,1,0
0,1.1615464711558425,0.7172139624081659,1.2727747898054025,0.6614446649577157,5,0,0,0,1,0,1,0,0,0,1,0,0,0,1,0,1,0,1,0,1,0,1,0,1,0,0,0
0,-0.7961435771031307,-0.42540086036382013,-0.7145773965687578,-0.44098604066734487,1,1,0,1,1,0,0,0,0,0,1,0,0,0,0,0,0,0,0,0,0,0,0,1,1,0,0,0
0,1.3654725178494855,-0.5817411709032186,0.39127921612378647,-0.555308883440796,4,0,0,0,0,1,0,0,0,0,1,0,1,0,1,0,1,0,0,0,0,0,1,1,0,0,1,0
0,-1.2447808798291453,-0.5202029635632426,-0.9705929524394526,-0.6536134291964405,3,1,0,0,0,1,0,0,0,0,0,0,0,0,1,0,0,0,1,0,1,0,0,1,0,1,0,1
0,1.0799760524783852,1.4723043984176007,1.882681226499254,1.533619079906244,5,0,1,0,1,0,1,1,0,0,1,0,1,0,1,0,0,0,1,0,1,1,0,1,1,0,0,0
0,1.2023316804945712,0.9999570772134608,1.5447830458317282,0.9457657357069448,3,1,1,1,1,0,1,1,0,0,1,0,1,0,0,0,0,0,1,0,0,1,0,1,1,0,0,0
1,0.01956060967144149,0.9533876230102356,0.3375658024976326,0.9183802382281956,4,1,1,0,1,0,0,1,0,0,1,0,1,0,0,0,1,0,0,0,1,1,0,1,0,1,0,0
0,1.3654725178494855,0.4860298861850129,1.2819512908602197,0.4588052310138931,5,1,0,1,1,0,0,0,0,0,0,0,1,0,1,0,1,0,1,0,1,0,1,1,1,0,0,0
0,1.6101837738818572,1.6685613839883346,2.697647167533445,1.7188732668796975,6,0,0,0,1,0,1,1,0,0,1,0,1,0,1,0,1,0,1,0,1,0,1,0,1,0,0,0
0,-1.285566089167874,-1.5014878914169132,-1.001740114673592,-1.4965359790444681,0,1,0,1,1,0,0,0,1,1,0,1,0,1,0,1,0,1,0,1,0,0,0,0,0,0,1,1
0,-0.551432321070759,1.0066098563853503,-0.22107575811113397,0.9707672046953469,3,0,0,0,1,0,1,1,0,0,1,0,1,0,0,0,0,0,0,0,1,0,0,1,0,1,0,1
0,0.7536943777685564,1.0066098563853503,1.1954583566392138,1.099042062510436,3,0,1,1,1,0,1,1,0,0,1,0,0,0,0,0,1,0,1,0,0,1,0,1,0,0,1,0
0,1.2431168898332998,1.3475647889446765,1.9512623365459525,1.381459544041715,4,1,0,0,1,0,1,1,0,0,0,0,1,0,0,0,1,0,1,0,1,0,0,0,0,1,0,0
0,-0.22515064636093016,-1.489845527866107,-0.7622466724809216,-1.4604971184333175,0,1,0,0,1,0,0,0,1,1,0,1,0,1,0,1,0,1,0,1,0,1,0,0,0,0,0,0
0,-0.4290766930545732,1.2128460107139178,0.011800015051620143,1.3404819745514858,3,1,0,0,1,0,1,1,0,0,1,0,0,0,0,0,0,0,1,0,1,0,0,1,0,0,0,1
1,-1.1632104611516882,-1.4915087226590795,-0.9701076567105922,-1.3933463453610075,0,0,0,0,1,0,0,0,1,1,0,1,0,1,0,1,0,1,0,1,0,0,0,0,0,0,1,0
0,0.38662749371999894,-1.4698871903504391,-0.6447830471999075,-1.4970490657676983,0,1,1,1,1,0,0,0,1,1,0,1,0,1,0,1,0,1,0,1,0,0,1,0,0,0,1,0
0,-0.14358022768347295,-1.4815295539012454,-0.7380921805217271,-1.4455484962882588,0,0,0,0,1,0,0,0,1,1,0,1,0,1,0,1,0,1,0,1,0,1,0,0,0,0,1,0
0,-1.1632104611516882,0.1716860703132437,-0.8927029879573379,0.06084009879667631,0,0,0,0,1,0,0,1,0,0,0,0,0,0,0,0,0,0,0,0,0,0,0,1,1,0,0,1
0,-0.10279501834474433,-1.5031510862098856,-0.7346951104197035,-1.4605646529250933,0,1,0,0,1,0,0,0,1,1,0,1,0,1,0,1,0,1,0,1,0,1,0,0,0,0,1,0
0,-1.1632104611516882,0.32469999126669774,-0.8774823491885304,0.34678727647373586,0,1,1,0,1,0,1,1,0,0,0,0,0,0,0,0,0,0,0,0,0,0,0,1,0,1,0,1
0,1.5693985645431285,0.6839500665487195,1.6498054533364994,0.6643351485770784,6,1,1,1,1,0,0,0,0,0,1,0,1,0,1,0,1,0,1,0,1,0,1,0,0,0,0,0
0,0.5497683310749134,-0.8145884419193439,-0.19749479746786558,-0.823235781474439,3,1,1,0,0,1,0,0,0,0,1,0,0,0,1,0,1,0,0,0,0,0,1,0,1,0,0,0
0,-1.1632104611516882,-0.48194948332487925,-0.9193060174576014,-0.4389458378388798,0,1,0,0,1,0,1,0,0,0,0,0,0,0,0,0,0,0,0,0,0,0,0,0,0,0,1,1
0,-1.0408548331355023,0.49101947056393,-0.7436730814036232,0.7126575783462471,1,0,0,0,1,0,1,1,0,0,1,0,0,0,0,0,0,0,0,0,0,0,0,1,0,0,1,1
0,1.4878281458656715,1.3409120097727871,2.248108910331231,1.39755456546674,4,1,0,0,1,0,1,1,0,0,0,0,1,0,0,0,1,0,1,0,1,1,0,1,0,0,0,0
0,1.6101837738818572,1.1895612836123057,2.225167657694188,1.2257410125588493,4,0,1,0,1,0,1,1,0,0,1,0,1,0,1,0,0,0,1,0,0,0,1,0,0,0,0,0
1,-0.551432321070759,0.497672249735819,-0.3611497525776954,0.416758180057871,1,1,0,0,1,0,1,1,0,0,0,0,0,0,1,0,0,0,0,0,0,0,0,1,0,1,0,1
0,-0.18436543702220157,0.8685646885686472,0.14814605596466213,0.95816957541183,3,1,0,0,1,0,0,1,0,0,0,0,0,0,1,0,1,0,0,0,1,0,0,0,0,1,0,0
0,-1.1224252518129596,0.461081964290428,-0.8286439517477483,0.5811810789290186,1,1,1,0,1,0,1,1,0,0,0,0,1,0,0,0,0,0,0,0,0,0,0,1,0,1,0,1
1,1.6101837738818572,1.7251100069493936,2.6411984507082584,1.6599570971795685,6,0,1,0,1,0,1,1,0,0,1,0,1,0,1,0,1,0,1,0,1,0,1,1,1,0,0,0
1,-1.0000696237967737,0.5176305872514871,-0.7530481125293379,0.26659774186429996,1,1,1,1,1,0,0,1,0,0,0,0,0,0,0,0,0,0,1,0,0,0,0,1,1,0,0,1
0,-1.0408548331355023,-0.19255358934769493,-0.8475484262765425,-0.4024772122800664,2,0,0,0,1,0,0,0,0,0,1,0,0,0,0,0,0,0,0,0,1,1,0,1,0,1,0,0
0,-0.4290766930545732,-0.5019078208405472,-0.5476356658407364,-0.5704287956903868,1,0,0,0,1,0,0,0,0,0,1,0,0,0,0,0,0,0,0,0,0,0,0,1,0,1,0,0
0,1.6101837738818572,-1.5164566445536642,-0.38627483599461093,-1.499851308640724,0,1,0,0,1,0,0,0,1,1,0,1,0,1,0,1,0,1,0,1,0,0,1,0,0,0,0,0
0,-1.0000696237967737,-1.504814281002858,-0.9355634243744291,-1.4478420755994617,0,1,1,1,1,0,0,0,1,1,0,1,0,1,0,1,0,1,0,1,0,0,0,0,1,0,0,0
0,0.7944795871072851,0.5492312883179613,0.9106338815916166,0.6249243026980776,5,1,1,0,1,0,1,0,0,0,1,0,1,0,1,0,1,0,0,0,1,1,0,1,1,0,0,0
0,1.4470429365269428,-0.8644842857085135,0.18919766284690936,-0.8255717745787063,3,0,0,0,0,1,0,0,0,0,1,0,0,0,1,0,1,0,0,0,0,0,1,0,0,0,1,0
0,1.5693985645431285,0.7671098061973356,1.7977985917421944,0.8209727983044021,6,0,1,0,1,0,1,0,0,0,1,0,1,0,1,0,1,0,1,0,1,0,1,0,0,0,0,0
0,-1.2447808798291453,-1.4981615018309686,-0.9876885974334031,-1.2959585384709946,0,1,0,0,1,0,0,0,1,1,0,1,0,1,0,1,0,1,0,1,0,0,0,0,0,0,1,0
1,0.060345819010170096,1.0465265314166856,0.39701452928304726,0.9594894387700033,3,0,0,0,1,0,1,1,0,0,0,0,1,0,0,0,1,0,1,0,0,0,0,1,0,1,0,0
0,0.1011310283488987,-1.355126749635349,-0.6519963064425162,-1.3816834894598935,0,0,0,0,0,1,0,0,0,0,0,0,0,0,0,0,0,0,0,0,0,0,0,0,0,1,0,0
0,1.1615464711558425,-1.5231094237255534,-0.5058340564684318,-1.5296621001742696,0,0,1,1,1,0,0,0,1,1,0,1,0,1,0,1,0,1,0,1,0,1,0,0,1,0,0,0
0,-1.285566089167874,-0.6948384168253365,-0.991041549741894,-0.6925685519524456,0,1,0,0,1,0,0,0,0,0,0,0,0,0,0,0,0,0,0,0,0,0,0,0,0,1,0,0
0,-1.285566089167874,-0.4919286520827131,-0.9883503643363948,-0.49033344658084405,0,0,0,0,1,0,1,0,0,0,0,0,0,0,0,0,0,0,0,0,0,0,0,1,0,0,1,1
0,0.8352647964460137,-0.14265774555852523,0.44411027387928487,-0.08892835187946238,2,0,1,1,1,0,0,0,0,0,0,0,0,0,1,0,0,0,0,0,1,1,0,0,1,0,0,0
0,1.6101837738818572,-1.3052309058461793,-0.17795061493284617,-1.282420942619617,0,0,1,0,1,0,1,0,1,1,0,1,0,1,0,1,0,1,0,1,0,0,1,0,0,0,0,0
0,-1.2447808798291453,0.382911809020729,-0.9434825683135621,0.36502158925314293,1,1,1,0,1,0,0,1,0,0,0,0,0,0,1,0,0,0,0,0,0,0,0,0,0,1,0,1
0,-1.2039956704904167,1.124696686686385,-0.8809014781873206,1.093841545496701,4,1,0,0,1,0,0,1,0,0,0,0,0,0,1,0,1,0,1,0,1,0,0,1,0,1,0,1
1,-0.7961435771031307,1.1945508679912225,-0.4333485216940821,1.1846730755889905,3,0,0,0,1,0,1,1,0,0,1,0,0,0,0,0,0,0,1,0,1,0,0,1,0,1,0,1
1,0.34584228438127035,-0.36386265302384413,-0.033067780971212206,-0.3599035285622941,4,1,1,0,0,1,0,0,0,0,0,0,1,0,1,0,0,0,1,0,1,0,0,1,0,1,0,0
0,-0.347506274377116,-1.4798663591082732,-0.7974526717200762,-1.4843797705248636,0,0,1,0,1,0,0,0,1,1,0,1,0,1,0,1,0,1,0,1,0,1,0,0,1,0,0,0
0,-0.18436543702220157,0.8386271822951452,0.13614601612374713,0.9259635164767739,2,0,1,1,1,0,0,1,0,0,0,0,0,0,0,0,0,0,1,0,1,1,0,1,0,0,0,1
0,-1.0000696237967737,-1.1821544911662272,-0.9149604147946232,-1.2543097104180316,1,1,0,0,0,1,0,0,0,0,1,0,0,0,0,0,0,0,0,0,0,0,0,0,0,0,1,0
0,0.8760500057847422,1.0049466615923774,1.2240466868484523,0.9582507045090931,3,0,0,0,1,0,1,1,0,0,0,0,0,0,1,0,1,0,0,0,1,0,1,1,0,0,0,0
0,0.34584228438127035,-1.3185364641899577,-0.5708416252389761,-1.3455671898686263,0,1,0,0,1,0,1,0,1,1,0,1,0,1,0,1,0,1,0,1,0,0,0,1,0,0,0,0
0,-0.551432321070759,-0.6649009105518348,-0.6400183254983677,-0.6861996293070071,0,0,1,0,1,0,0,0,0,0,0,0,0,0,0,0,0,0,0,0,0,0,0,0,0,0,1,0
0,1.6101837738818572,0.923450116736734,1.9599976596654425,0.9489800606380814,6,0,1,1,1,0,1,0,0,0,1,0,1,0,1,0,1,0,1,0,1,0,1,0,0,0,0,0
0,1.2023316804945712,-0.7048175855831704,0.1446828091723393,-0.7512284965829709,4,1,0,0,0,1,0,0,0,0,1,0,1,0,1,0,1,0,0,0,0,0,1,1,0,0,0,0
1,0.9576204244621995,0.2565090047548321,0.7914717212595908,0.2667161464927374,4,0,1,1,1,0,0,0,0,0,1,0,0,0,0,0,1,0,1,0,1,0,1,1,1,0,0,0
0,-0.7145731584256735,-0.44369600308651586,-0.6727316694029206,-0.4593903703491237,0,1,0,0,1,0,1,0,0,0,0,0,0,0,0,0,0,0,0,0,0,0,0,0,0,1,0,1
1,-0.9184992051193165,0.47771391222015125,-0.6603566283169772,0.479566226803779,1,1,0,0,1,0,0,1,0,0,0,0,0,0,0,0,0,0,0,0,1,0,0,1,0,1,0,1
0,-0.02122459966728712,-1.5280990081044703,-0.7395921855018415,-1.5152365100483483,0,1,1,1,1,0,0,0,1,1,0,1,0,1,0,1,0,1,0,1,0,0,1,0,0,0,1,0
0,-0.46986190239330183,-1.4765399695223285,-0.83272484764953,-1.515322846756584,0,1,0,0,1,0,0,0,1,1,0,1,0,1,0,1,0,1,0,1,0,0,0,0,1,0,0,0
0,1.2023316804945712,-1.4948351122450239,-0.4612750850003288,-1.4856809482696307,0,1,1,1,1,0,0,0,1,1,0,1,0,1,0,1,0,1,0,1,0,1,0,0,0,0,0,0
0,-1.2447808798291453,-1.3434843860845427,-0.9899827226971073,-1.3821571079736443,0,0,0,0,0,1,0,0,0,0,0,0,0,0,0,0,0,0,0,0,0,0,0,0,0,1,0,0
0,-0.22515064636093016,-1.4732135799363837,-0.7537539972258623,-1.4368600463118646,0,1,0,1,1,0,0,0,1,1,0,1,0,1,0,1,0,1,0,1,0,0,1,0,0,0,1,0
0,-1.1224252518129596,0.9966306876275159,-0.8062762304266313,0.917355499989353,2,1,0,0,1,0,1,1,0,0,0,0,0,0,0,0,0,0,1,0,1,0,0,1,0,0,0,1
0,-0.30672106503838736,-0.12768899242177445,-0.33095112290451073,-0.10880531664373076,5,0,0,0,0,1,0,0,0,0,1,0,1,0,1,0,0,0,1,0,1,1,0,0,0,1,0,0
0,-1.2447808798291453,0.6922660405135811,-0.9355413654776626,0.6634012529161616,1,0,0,0,1,0,1,1,0,0,0,0,0,0,0,0,0,0,0,0,1,0,0,1,0,1,0,1
0,0.6721239590910992,1.3891446587689846,1.2695983086710427,1.3454119127173472,4,1,0,0,1,0,1,1,0,0,0,0,1,0,0,0,1,0,1,0,1,1,0,1,0,0,0,0
0,1.2431168898332998,1.4423668921440986,1.98077714041938,1.4166651868971933,5,0,0,0,1,0,1,1,0,0,1,0,1,0,1,0,0,0,1,0,1,0,0,0,1,0,0,0
0,-1.1632104611516882,-1.4798663591082732,-0.9687620640078425,-1.3680669571895574,0,0,0,1,1,0,0,0,1,1,0,1,0,1,0,1,0,1,0,1,0,0,0,0,1,0,0,0
0,-1.285566089167874,-0.3189563936135916,-0.9860562390726904,-0.31793630757554453,1,0,1,0,1,0,0,0,0,0,0,0,0,0,0,0,0,0,1,0,0,0,0,1,0,0,1,0
0,-0.877713995780588,-1.48485594348719,-0.9186883683481426,-1.5244148870129826,0,1,0,0,1,0,0,0,1,1,0,1,0,1,0,1,0,1,0,1,0,0,0,0,0,0,1,0
1,0.7944795871072851,0.2681513683056386,0.679147818925145,0.2903947951681935,0,1,0,0,1,0,1,1,0,0,0,0,0,0,0,0,0,0,0,0,0,0,0,1,0,0,0,0
1,1.1207612618171139,0.8170056499865053,1.3254073174900034,0.774243772417646,2,0,1,0,1,0,1,1,0,0,0,0,1,0,0,0,0,0,0,0,1,0,0,0,0,1,0,0
0,1.2839020991720282,1.3226168670500917,2.0291743599248337,1.4177423401142306,4,1,0,0,1,0,1,1,0,0,0,0,0,0,1,0,1,0,1,0,1,1,0,1,1,0,0,0
0,0.4274127030587276,0.3429951339893932,0.42529403493755613,0.35781267489849333,4,0,1,1,1,0,0,0,0,0,1,0,0,0,1,0,0,0,1,0,1,0,1,0,0,0,0,0
0,1.1615464711558425,1.206193231542029,1.805982442442524,1.3183147223404557,3,0,1,0,1,0,1,1,0,0,0,0,0,0,0,0,1,0,1,0,1,1,0,0,0,0,0,0
0,-1.285566089167874,-0.681532858481558,-0.9908650785677628,-0.6793072335674226,0,0,0,0,1,0,0,0,0,0,0,0,0,0,0,0,0,0,0,0,0,0,0,0,0,0,1,1
1,-1.1224252518129596,0.8186688447794775,-0.7997026791902477,1.0161523219577744,2,1,0,0,1,0,0,1,0,0,0,0,0,0,0,0,0,0,1,0,1,0,0,1,0,1,0,1
0,1.3654725178494855,0.1284430056959634,0.9517075473706306,0.08279159930521855,4,1,0,0,1,0,1,0,0,0,1,0,1,0,1,0,1,0,0,0,0,0,1,0,0,0,0,0
0,1.4062577271882142,1.5355058005505486,2.219432344534927,1.471327282511176,6,1,1,0,1,0,0,1,0,0,1,0,1,0,1,0,1,0,1,0,1,0,1,1,0,1,0,0
0,0.38662749371999894,1.134675855444219,0.8138173836839414,1.1127073496277757,4,0,1,0,1,0,0,1,0,0,0,0,0,0,1,0,1,0,1,0,1,0,1,1,1,0,0,0
1,-1.285566089167874,0.7039084040643871,-0.9724900175613619,0.7015275432731026,1,1,1,0,1,0,1,1,0,0,0,0,0,0,0,0,0,0,1,0,0,0,0,1,0,1,0,1
0,-0.06200980900601573,-1.4599080215926052,-0.7026435334181421,-1.4051505229154182,0,0,1,1,1,0,0,0,1,1,0,1,0,1,0,1,0,1,0,1,0,0,1,0,0,0,1,0
0,-1.0408548331355023,-1.5131302549677197,-0.9360487201032897,-1.352555950864218,0,1,0,0,1,0,0,0,1,1,0,1,0,1,0,1,0,1,0,1,0,0,0,1,0,0,1,0
0,-1.1632104611516882,-0.6765432741026411,-0.9335560647686878,-0.7066587027365325,2,1,0,0,0,1,0,0,0,0,0,0,0,0,0,0,0,0,1,0,1,0,0,1,0,1,0,1
0,0.060345819010170096,0.40952292570828613,0.20446241940924978,0.5339083792741718,3,1,1,1,1,0,1,0,0,0,0,0,0,0,1,0,0,0,1,0,1,1,0,0,0,0,0,0
0,-1.2039956704904167,-1.511467060174747,-0.9799018068748683,-1.3860249925026096,0,1,0,0,1,0,0,0,1,1,0,1,0,1,0,1,0,1,0,1,0,1,0,1,0,0,1,0
0,-0.551432321070759,-1.3318420225337362,-0.8186292126158083,-1.3926265698565572,0,0,1,1,0,1,0,0,0,0,0,0,0,0,0,0,0,0,0,0,0,0,0,1,0,0,1,0
0,-0.06200980900601573,-0.9809079212165762,-0.5350841535806617,-0.9989691743160831,2,1,1,1,0,1,0,0,0,0,1,0,0,0,0,0,1,0,0,0,0,0,0,0,0,0,0,1
0,-1.285566089167874,1.0232418043150735,-0.9682547093822156,1.019799184513656,2,0,0,0,1,0,1,1,0,0,0,0,0,0,0,0,0,0,1,0,1,0,0,0,0,0,1,1
0,-1.2039956704904167,-0.7829877408528696,-0.9631370453324136,-0.966083243643546,3,1,0,0,0,1,0,0,0,0,1,0,0,0,1,0,1,0,0,0,0,0,0,0,0,0,1,0
0,0.5497683310749134,-1.5064774757958301,-0.6349227203453321,-1.5378334542326106,0,1,1,0,1,0,0,0,1,1,0,1,0,1,0,1,0,1,0,1,0,0,0,0,0,1,0,0
0,-1.285566089167874,-1.4615712163855774,-1.0012107011511988,-1.456752023889399,0,0,0,0,1,0,0,0,1,1,0,1,0,1,0,1,0,1,0,1,0,0,0,0,0,0,1,1
0,1.4878281458656715,0.6506861706892729,1.5698198936615781,0.6588366686894325,2,0,1,1,1,0,1,1,0,0,1,0,0,0,1,0,0,0,0,0,0,1,0,0,0,0,0,0
0,-1.1224252518129596,-1.48485594348719,-0.9620120415973278,-1.4232671949672158,0,1,0,0,1,0,0,0,1,1,0,1,0,1,0,1,0,1,0,1,0,0,0,0,0,0,1,0
0,-1.285566089167874,-1.504814281002858,-1.0017842324671247,-1.499851308640724,0,1,0,0,1,0,0,0,1,1,0,1,0,1,0,1,0,1,0,1,0,0,0,0,0,0,0,0
0,-0.2659358556996588,-1.4715503851434115,-0.7477319184086385,-1.3919755840856325,0,1,0,0,1,0,0,0,1,1,0,1,0,1,0,1,0,1,0,1,0,1,0,1,1,0,0,0
1,-0.9184992051193165,-1.0041926483181887,-0.8649528958252224,-1.0579178734598307,1,0,0,0,0,1,0,0,0,0,0,0,0,0,0,0,0,0,0,0,1,0,0,1,0,1,0,1
0,-0.30672106503838736,1.1446550242020528,0.09844736154999077,1.1819188017705629,4,1,0,0,1,0,0,1,0,0,0,0,0,0,1,0,1,0,1,0,1,0,1,0,0,0,0,0
0,1.2839020991720282,0.5375889247671548,1.2551497312890587,0.508901713528149,2,1,1,1,1,0,0,1,0,0,1,0,1,0,0,0,0,0,0,0,0,0,0,0,0,1,0,0
0,-0.10279501834474433,0.09018952545759978,-0.12800927265374457,0.05912717850527764,4,1,1,1,1,0,1,0,0,0,1,0,1,0,1,0,1,0,0,0,0,0,0,0,0,1,0,0
0,-0.7961435771031307,0.17501245989918865,-0.5993858376546817,0.22488515747294713,0,1,0,0,1,0,0,1,0,0,0,0,0,0,0,0,0,0,0,0,0,0,0,1,0,1,0,0
0,1.2839020991720282,1.6668981891953623,2.2525648074780413,1.6800418934054968,6,0,1,0,1,0,1,1,0,0,1,0,1,0,1,0,1,0,1,0,1,1,0,1,0,1,0,0
0,0.5497683310749134,0.6623285342400791,0.7361038903759578,0.701923941377003,2,0,0,1,1,0,1,1,0,0,0,0,0,0,1,0,1,0,0,0,0,0,0,1,0,0,0,0
0,-0.8369287864418593,-1.5031510862098856,-0.8953500555693045,-1.4305056645857077,0,0,0,0,1,0,0,0,1,1,0,1,0,1,0,1,0,1,0,1,0,1,0,0,0,0,1,0
0,-0.7145731584256735,-1.5014878914169132,-0.8792911787233743,-1.4942152483270892,0,0,0,0,1,0,0,0,1,1,0,1,0,1,0,1,0,1,0,1,0,0,0,0,0,0,0,1
0,-0.6330027397482163,0.9201237271507892,-0.34202468908123734,0.8034251735109637,2,1,1,1,1,0,1,1,0,0,0,0,0,0,0,0,0,0,1,0,1,0,0,1,0,1,0,1
0,-0.7961435771031307,-0.057834811116936835,-0.6500992413206069,-0.06826648644212975,3,0,1,1,1,0,0,0,0,0,1,0,0,0,1,0,0,0,0,0,1,0,0,1,0,0,1,0
0,1.4062577271882142,0.30307845895805735,1.137377281453315,0.2576939788907731,4,0,1,1,1,0,1,0,0,0,1,0,1,0,0,0,1,0,1,0,0,0,1,0,1,0,0,0
0,-0.347506274377116,-1.190470465131089,-0.7069229593908214,-1.2009190900449958,1,1,1,0,0,1,0,0,0,0,0,0,0,0,1,0,0,0,0,0,0,0,0,0,0,1,0,0
0,-1.081640042474231,-0.4935918468756855,-0.8832397212445577,-0.5580214258377325,1,1,0,0,1,0,0,0,0,0,0,0,0,0,0,0,1,0,0,0,0,0,0,0,0,0,1,0
1,0.8352647964460137,-0.16095288828122092,0.41439693993496074,-0.13105805910735396,2,1,1,0,1,0,1,0,0,0,1,0,0,0,0,0,1,0,0,0,0,1,0,1,0,1,0,1
1,-0.6737879490869448,0.3130576277158912,-0.49063547659639073,0.29011586118773913,1,1,1,0,1,0,0,1,0,0,0,0,1,0,0,0,0,0,0,0,0,0,0,1,1,0,0,1
0,-0.9184992051193165,-1.4931719174520517,-0.9286589896865497,-1.536651467159163,0,1,0,0,1,0,0,0,1,1,0,1,0,1,0,1,0,1,0,1,0,0,0,0,0,1,0,0
0,-0.7961435771031307,0.32469999126669774,-0.5841651988858743,0.31286890445050414,1,0,0,0,1,0,0,1,0,0,0,0,1,0,0,0,0,0,0,0,0,1,0,1,0,0,1,0
0,-0.9592844144580451,0.6806236769627745,-0.6757757971566821,0.6431409053834874,1,1,0,0,1,0,1,1,0,0,0,0,0,0,0,0,0,0,1,0,0,0,0,1,0,1,0,1
0,-0.30672106503838736,0.3130576277158912,-0.18818594303245004,0.3203309462956148,5,0,0,0,1,0,0,0,0,0,1,0,1,0,1,0,1,0,1,0,0,1,0,0,0,0,1,1
1,-1.0408548331355023,-0.681532858481558,-0.8931882836861985,-0.892435564755293,3,1,0,0,0,1,0,0,0,0,0,0,1,0,0,0,1,0,0,0,1,0,0,1,0,1,0,0
0,0.22348665636508452,0.6822868717557472,0.44411027387928487,0.7251710780253475,5,1,1,1,1,0,1,0,0,0,1,0,0,0,1,0,1,0,1,0,1,0,1,1,0,0,0,0
0,0.4274127030587276,0.9716827657329311,0.8015967548753627,1.0154429956255524,3,0,1,0,1,0,1,1,0,0,1,0,1,0,0,0,0,0,0,0,1,0,0,1,0,1,0,0
0,-1.1632104611516882,1.104738349170717,-0.8356145631259269,1.1333492231854159,4,0,0,1,1,0,0,1,0,0,0,0,0,0,1,0,1,0,1,0,1,0,0,1,0,0,0,1
0,-0.30672106503838736,1.463988424452739,0.22883750033610809,1.5738570666399194,5,0,0,0,1,0,1,1,0,0,0,0,1,0,1,0,1,0,1,0,1,0,1,0,0,1,0,0
0,-0.22515064636093016,-0.2890188873400896,-0.3188849063732967,-0.22651916370841804,2,1,0,1,1,0,0,0,0,0,1,0,1,0,0,0,0,0,0,0,0,1,0,0,0,0,1,0
0,1.6101837738818572,-1.2902621527094282,-0.19363449053374773,-1.2987903825011295,0,1,1,1,1,0,1,0,1,1,0,1,0,1,0,1,0,1,0,1,0,0,1,0,0,0,1,0
0,1.5693985645431285,0.6839500665487195,1.6493863342979382,0.6638915481381431,2,1,0,1,1,0,1,1,0,0,1,0,1,0,0,0,0,0,0,0,0,1,0,1,1,0,0,0
0,-0.347506274377116,0.800373702056782,-0.09600181344571614,0.7119570176279905,2,0,0,0,1,0,1,1,0,0,0,0,0,0,1,0,0,0,1,0,0,0,0,1,1,0,0,0
0,0.7129091684298279,1.488936346347324,1.4385915167983379,1.5294648033460543,5,0,0,0,1,0,1,1,0,0,1,0,1,0,0,0,1,0,1,0,1,0,1,1,0,1,0,1
0,0.9984056338009281,0.3147208225088634,0.8942661801909573,0.35981594015025004,4,1,0,0,1,0,0,0,0,0,1,0,0,0,1,0,0,0,1,0,1,0,1,1,0,0,0,0
0,-0.7145731584256735,-0.5335085219070211,-0.6853934761468271,-0.5228236766241506,1,0,0,0,1,0,0,0,0,0,0,0,1,0,0,0,0,0,0,0,0,0,0,0,0,1,0,0
0,-1.1632104611516882,0.5059882237006805,-0.8621514159358911,0.6348065351484553,1,1,0,0,1,0,1,1,0,0,1,0,0,0,0,0,0,0,0,0,0,0,0,1,0,1,0,0
0,-0.18436543702220157,-0.2940084717190068,-0.33869379566951274,-0.3484254993982537,2,0,0,0,1,0,0,0,0,0,1,0,1,0,0,0,0,0,0,0,0,0,0,0,0,1,0,0
1,-0.9592844144580451,0.3213736016807528,-0.735643642980658,0.14326287625914608,0,0,0,0,1,0,1,1,0,0,0,0,0,0,0,0,0,0,0,0,0,0,0,1,0,1,0,1
0,0.9168352151234709,0.8286480135373113,1.1776127091552062,0.8382698194386703,2,0,1,0,1,0,1,1,0,0,1,0,0,0,0,0,0,0,1,0,0,0,0,1,0,0,0,0
0,-1.2039956704904167,1.1995404523701396,-0.8648867191349231,1.4949964266436486,3,1,0,0,1,0,1,1,0,0,0,0,0,0,1,0,0,0,1,0,1,0,0,1,0,1,0,1
0,-0.9184992051193165,0.9982938824204887,-0.5477239014278019,1.3259698727278753,3,1,0,0,1,0,0,1,0,0,0,0,0,0,1,0,0,0,1,0,1,0,0,1,0,1,0,1
0,0.9168352151234709,-1.5231094237255534,-0.5686136766655709,-1.5476221941867727,0,1,0,1,1,0,0,0,1,1,0,1,0,1,0,1,0,1,0,1,0,1,0,0,0,0,0,0
0,-0.5106471117320305,-1.4815295539012454,-0.8151880247202519,-1.4176311346535808,0,0,1,1,1,0,0,0,1,1,0,1,0,1,0,1,0,1,0,1,0,0,0,0,0,0,1,0
0,1.2023316804945712,1.3691863212533164,1.9469829105732739,1.4332528690015522,4,0,1,1,1,0,1,1,0,0,0,0,1,0,0,0,1,0,1,0,1,1,0,1,1,0,0,0
1,-0.02122459966728712,1.3309328410149532,0.4681765302514138,1.321027959548457,4,1,1,0,1,0,1,1,0,0,0,0,0,0,1,0,1,0,1,0,1,0,0,1,0,1,0,1
0,0.4274127030587276,-1.504814281002858,-0.6666654727921639,-1.5505064608439805,0,0,0,0,1,0,0,0,1,1,0,1,0,1,0,1,0,1,0,1,0,0,1,1,0,0,0,0
0,-0.9592844144580451,-1.3567899444283211,-0.895835351298165,-1.1942884308524844,0,1,1,0,0,1,0,0,0,0,0,0,0,0,0,0,0,0,0,0,0,1,0,0,0,0,0,1
0,1.1207612618171139,-0.16760566745311006,0.5263678999211442,-0.22651609395879185,3,0,1,0,1,0,0,0,0,0,1,0,1,0,0,0,1,0,0,0,0,0,1,0,0,0,0,0
0,1.0391908431396566,0.7055715988573593,1.1471273138240585,0.6441380447448133,5,1,1,0,1,0,1,0,0,0,1,0,1,0,1,0,0,0,1,0,1,0,1,1,0,1,0,0
0,-1.0408548331355023,-1.511467060174747,-0.9501222962402449,-1.5036402567507305,0,1,0,1,1,0,0,0,1,1,0,1,0,1,0,1,0,1,0,1,0,1,0,0,0,0,1,0
0,-1.2447808798291453,1.0714744533112706,-0.9292104621057095,0.9012761514475125,3,1,1,1,1,0,0,1,0,0,1,0,0,0,0,0,0,0,1,0,1,0,0,0,0,1,0,0
1,0.18270144702635593,-0.9393280513922682,-0.4303043939403206,-0.9730275150951629,2,1,0,0,0,1,0,0,0,0,0,0,1,0,1,0,0,0,0,0,0,0,0,0,0,1,0,0
1,1.324687308510757,1.2976689451555068,1.9750418272601191,1.300250565821538,4,0,1,1,1,0,1,1,0,0,0,0,0,0,1,0,1,0,1,0,1,1,0,1,0,0,0,0
0,0.2642718657038131,-1.5014878914169132,-0.676062562814645,-1.5069920185403518,0,0,1,1,1,0,0,0,1,1,0,1,0,1,0,1,0,1,0,1,0,0,1,0,0,0,1,0
0,1.3654725178494855,1.3026585295344235,2.0292625955119,1.3096895951195953,4,1,1,0,1,0,1,1,0,0,0,0,1,0,0,0,1,0,1,0,1,1,0,1,0,1,0,1
0,1.4470429365269428,-1.3418211912915703,-0.2792450688840981,-1.3432507400646427,0,1,0,0,1,0,1,0,1,1,0,1,0,1,0,1,0,1,0,1,0,0,1,0,0,0,1,0
0,1.2023316804945712,-0.5384981062859381,0.3168524984339947,-0.5425498877218722,4,0,1,1,0,1,0,0,0,0,1,0,1,0,0,0,1,0,1,0,0,0,1,0,0,0,0,0
0,-1.2039956704904167,0.7804153645411139,-0.8948427009436776,0.7446268280244279,3,1,0,0,1,0,0,1,0,0,0,0,0,0,1,0,1,0,1,0,0,0,0,1,0,0,1,1
0,1.6101837738818572,1.485609956761379,2.591808580848317,1.6084083265822313,5,0,1,0,1,0,1,1,0,0,1,0,1,0,1,0,0,0,1,0,1,0,1,1,0,1,0,0
0,0.34584228438127035,-1.4715503851434115,-0.6241800376201014,-1.4433289821094366,0,0,1,0,1,0,0,0,1,1,0,1,0,1,0,1,0,1,0,1,0,0,1,0,1,0,0,0
0,-0.14358022768347295,0.9899779084556269,0.15829314847720044,0.8772400118746584,3,1,1,1,1,0,0,1,0,0,1,0,0,0,0,0,0,0,1,0,1,0,0,0,1,0,0,1
0,-1.1632104611516882,-0.32228278319953607,-0.9131074674662465,-0.32249488577039603,2,0,0,0,1,0,0,0,0,0,1,0,1,0,0,0,0,0,0,0,0,0,0,0,0,1,0,0
0,0.8352647964460137,-1.3584531392212935,-0.4360838248931141,-1.336931008009627,0,1,0,0,1,0,1,0,1,1,0,1,0,1,0,1,0,1,0,1,0,1,0,0,0,0,0,0
1,-1.285566089167874,0.31638401730183613,-0.9776297405079303,0.3152916453093065,0,1,1,0,1,0,1,1,0,0,0,0,0,0,0,0,0,0,0,0,0,0,0,1,0,1,0,1
0,0.34584228438127035,0.49933544452879164,0.45699266959085516,0.5383082069306085,5,0,1,1,1,0,1,0,0,0,1,0,1,0,1,0,1,0,0,0,1,0,0,0,1,0,0,1
0,0.2642718657038131,-1.4782031643153006,-0.6619228099873906,-1.4797468099352242,0,1,1,0,1,0,0,0,1,1,0,1,0,1,0,1,0,1,0,1,0,0,1,1,0,0,0,0
0,1.2431168898332998,-1.5181198393466364,-0.4644295072379222,-1.5000091814786407,0,1,1,0,1,0,0,0,1,1,0,1,0,1,0,1,0,1,0,1,0,0,1,0,0,0,1,0
0,-0.7145731584256735,-1.2819461787445665,-0.8434234125812281,-1.3145243842100267,0,1,0,0,1,0,1,0,1,1,0,1,0,1,0,1,0,1,0,1,0,0,0,1,0,1,0,0
0,-0.7961435771031307,-0.701491195997226,-0.7489892755243226,-0.6399058164426906,0,0,1,0,1,0,0,0,0,0,0,0,0,0,0,0,0,0,0,0,0,1,0,0,0,1,0,0
0,-1.285566089167874,-0.49026545728974086,-0.9883283054396282,-0.48867578178271626,1,1,0,0,1,0,0,0,0,0,0,0,1,0,0,0,0,0,0,0,0,0,0,1,0,0,1,0
0,-1.285566089167874,-1.4782031643153006,-1.0014312901188627,-1.4733286718706777,0,1,0,0,1,0,0,0,1,1,0,1,0,1,0,1,0,1,0,1,0,0,1,0,0,0,1,0
1,-1.0000696237967737,0.16004370676243765,-0.7630187338677452,0.17293968077007457,0,1,0,0,1,0,0,1,0,0,0,0,0,0,0,0,0,0,0,0,0,0,0,1,0,1,0,1
0,1.1207612618171139,-0.11604662887096814,0.5946622443098804,-0.14098059037539298,3,1,0,0,1,0,0,0,0,0,1,0,1,0,1,0,0,0,0,0,0,0,1,0,0,1,0,0
1,-0.8369287864418593,1.104738349170717,-0.5427165318618319,0.7777801239869855,3,0,1,0,1,0,1,1,0,0,0,0,1,0,1,0,0,0,1,0,0,0,0,1,0,1,0,1
0,0.30505707504254176,0.19497079741485634,0.2785582536475457,0.27032748766008763,3,1,1,0,1,0,1,0,0,0,0,0,1,0,0,0,1,0,1,0,0,1,0,0,1,0,0,0
0,1.3654725178494855,-0.12436260283582976,0.761956917386164,-0.13325737938411555,3,0,0,0,1,0,0,0,0,0,1,0,1,0,1,0,0,0,0,0,0,0,1,1,0,0,0,0
0,0.38662749371999894,-1.48485594348719,-0.6332903619846194,-1.4764861286290167,0,1,1,1,1,0,0,0,1,1,0,1,0,1,0,1,0,1,0,1,0,1,0,0,0,0,1,0
1,1.3654725178494855,-0.034550084015324216,0.8311777354390887,-0.0544429530731261,3,0,0,0,1,0,1,0,0,0,1,0,1,0,0,0,1,0,0,0,0,1,0,1,1,0,0,0
0,0.6721239590910992,1.124696686686385,1.1603847107806575,1.1779201083187525,3,1,0,0,1,0,1,1,0,0,0,0,1,0,0,0,0,0,1,0,1,0,0,0,0,1,0,0
0,-1.285566089167874,-1.4765399695223285,-1.0014092312220961,-1.4716710070725498,0,0,0,0,1,0,0,0,1,1,0,1,0,1,0,1,0,1,0,1,0,0,0,0,0,0,1,1
0,0.34584228438127035,-1.4931719174520517,-0.6529668979002373,-1.496091239708385,0,0,0,0,1,0,0,0,1,1,0,1,0,1,0,1,0,1,0,1,0,0,1,0,0,0,1,0
0,0.34584228438127035,-1.5164566445536642,-0.669687541649159,-1.5267378230493833,0,0,1,1,1,0,0,0,1,1,0,1,0,1,0,1,0,1,0,1,0,0,1,0,0,0,0,0
0,-0.3882914837158446,0.6490229758963008,-0.15595789485675773,0.6405543076550076,3,0,1,1,1,0,0,1,0,0,1,0,1,0,0,0,1,0,0,0,0,0,0,0,0,0,1,0
0,-1.2039956704904167,-1.3235260485688747,-0.9752473796571604,-1.2694359017009487,0,1,0,0,0,1,0,0,0,0,0,0,0,0,0,0,0,0,0,0,0,0,0,0,0,1,0,0
0,-1.1632104611516882,-0.5534668594226891,-0.9212251414762772,-0.4750000471981612,4,0,0,0,0,1,0,0,0,0,1,0,0,0,1,0,1,0,0,0,1,0,0,0,0,0,1,0
0,0.7944795871072851,-1.4981615018309686,-0.5381723991279561,-1.468801971845021,0,0,1,1,1,0,0,0,1,1,0,1,0,1,0,1,0,1,0,1,0,0,1,0,0,0,1,0
1,-1.1632104611516882,1.1546341929598867,-0.857077869679622,0.7301222610408085,3,0,1,0,1,0,1,1,0,0,1,0,0,0,0,0,0,0,1,0,1,0,0,1,0,1,0,1
0,-0.877713995780588,0.975009155318876,-0.5693195613620954,0.862321028691507,4,0,0,0,1,0,0,1,0,0,0,0,1,0,1,0,1,0,0,0,1,0,0,1,0,1,0,0
0,-1.2447808798291453,-0.0910987069763833,-0.9605561544107464,-0.27649468762234747,2,0,1,0,1,0,0,0,0,0,1,0,0,0,0,0,0,0,0,0,1,0,0,1,0,0,1,0
0,-0.2659358556996588,0.4793771070131235,-0.12112689686263166,0.41908696420746727,1,0,1,0,1,0,1,1,0,0,0,0,1,0,0,0,0,0,0,0,0,0,0,0,0,0,0,0
0,-0.347506274377116,-0.2873556925471174,-0.3688703664459311,-0.14243104707375498,2,1,1,1,1,0,0,0,0,0,1,0,0,0,1,0,0,0,0,0,0,1,0,1,1,0,0,0
0,-0.8369287864418593,-1.4831927486942178,-0.9016147822509586,-1.4697370648080672,0,0,0,0,1,0,0,0,1,1,0,1,0,1,0,1,0,1,0,1,0,0,0,0,0,0,1,0
1,1.1207612618171139,1.134675855444219,1.6445113181125663,1.1739067552462779,3,1,1,0,1,0,1,1,0,0,0,0,0,0,0,0,1,0,1,0,1,0,0,1,0,1,0,0
0,1.2839020991720282,0.8552591302248684,1.5560772009761186,0.8622433256540949,6,0,1,1,1,0,1,0,0,0,1,0,1,0,1,0,1,0,1,0,1,0,1,1,0,0,1,0
0,1.3654725178494855,0.6989188196854704,1.4580695226430584,0.6593324393207567,6,1,1,0,1,0,0,0,0,0,1,0,1,0,1,0,1,0,1,0,1,0,1,1,0,0,0,0
0,1.1207612618171139,0.476050717427179,1.0917594829404256,0.4816106800548039,1,0,0,0,1,0,1,1,0,0,0,0,0,0,1,0,0,0,0,0,0,1,0,1,0,0,0,0
0,-0.6330027397482163,0.18166523907107757,-0.4803119129097213,0.19213690177780554,3,1,1,1,1,0,1,0,0,0,1,0,0,0,1,0,0,0,1,0,0,1,0,1,0,0,0,0
0,0.38662749371999894,-1.5147934497606919,-0.6278197555865553,-1.4666980126781664,0,1,1,1,1,0,0,0,1,1,0,1,0,1,0,1,0,1,0,1,0,0,1,0,0,0,1,0
0,-1.285566089167874,-0.49026545728974086,-0.9883283054396282,-0.48867578178271626,0,1,0,0,1,0,1,0,0,0,0,0,0,0,0,0,0,0,0,0,0,0,0,1,0,1,0,0
0,0.590553540413642,-0.03621327880829668,0.3162789671180686,-0.030031674658142476,3,0,1,1,1,0,0,0,0,0,0,0,1,0,0,0,1,0,0,0,1,0,1,0,0,0,0,0
0,-0.9184992051193165,-1.4748767747293563,-0.8989456557422256,-1.3133640188513374,0,0,1,0,1,0,0,0,1,1,0,1,0,1,0,1,0,1,0,1,0,0,0,1,0,0,1,0
1,1.5286133552044,0.7870681437130033,1.771835270248156,0.8355615826645857,6,1,1,0,1,0,1,0,0,0,1,0,1,0,1,0,1,0,1,0,1,0,1,1,1,0,0,0
1,1.4062577271882142,1.2145092055068907,2.007666935577606,1.2338111323316587,3,1,0,0,1,0,1,1,0,0,0,0,0,0,1,0,0,0,1,0,1,0,0,1,1,0,0,0
0,-1.285566089167874,0.5675264310406568,-0.9742988470962058,0.5655990298266165,1,0,0,0,1,0,0,1,0,0,0,0,0,0,0,0,0,0,0,0,1,0,0,1,0,1,0,1
0,-1.0408548331355023,0.1484013432116311,-0.811438012269966,-0.014820458775017278,0,1,1,0,1,0,0,1,0,0,0,0,0,0,0,0,0,0,0,0,0,0,0,1,0,1,0,1
0,-1.285566089167874,-0.6748800793096686,-0.9907768429806973,-0.672676574374911,0,1,0,0,1,0,0,0,0,0,0,0,0,0,0,0,0,0,0,0,0,0,0,0,0,0,1,0
0,-1.1632104611516882,-0.037876473601268904,-0.9106589299251776,-0.27649468762234747,3,1,0,0,1,0,0,0,0,0,0,0,1,0,0,0,1,0,1,0,0,0,0,1,0,0,0,0
0,1.3654725178494855,1.475630788003545,2.1141893480624923,1.406386708343722,5,0,1,1,1,0,1,1,0,0,1,0,1,0,1,0,0,0,1,0,1,0,1,0,0,0,0,0
0,-0.8369287864418593,0.6556757550681896,-0.5616210063906262,0.6593952296540191,2,0,0,0,1,0,0,1,0,0,0,0,1,0,0,0,0,0,0,0,1,0,0,1,0,1,0,0
0,-0.347506274377116,-1.4782031643153006,-0.7777981947012249,-1.4228389648943662,0,0,0,0,1,0,0,0,1,1,0,1,0,1,0,1,0,1,0,1,0,1,0,0,1,0,0,0
0,-0.2659358556996588,0.6939292353065533,-0.06346494071529439,0.5857460327577091,2,1,0,0,1,0,0,1,0,0,0,0,1,0,0,0,0,0,1,0,0,0,0,1,0,1,0,0
0,-1.081640042474231,0.8718910781545917,-0.8095850649415894,0.3644690343204337,2,0,0,0,1,0,0,1,0,0,0,0,0,0,0,0,0,0,1,0,1,0,0,1,0,1,0,1
0,0.9984056338009281,1.432387723386265,1.6233127183200682,1.3209707046787849,4,1,1,0,1,0,1,1,0,0,0,0,0,0,1,0,1,0,1,0,1,0,1,0,0,1,0,0
0,-0.7553583677644021,0.7055715988573593,-0.46535598090211056,0.7745831990191668,1,1,1,0,1,0,1,1,0,0,0,0,0,0,0,0,0,0,1,0,0,0,0,1,0,1,0,1
0,0.38662749371999894,-1.3950434246666845,-0.5629886579901422,-1.3507009450186938,0,0,1,1,1,0,1,0,1,1,0,1,0,1,0,1,0,1,0,1,0,0,1,0,0,1,0,0
0,-0.30672106503838736,0.9916411032485992,0.031653022141369,0.9811424414213136,2,1,0,0,1,0,1,1,0,0,0,0,0,0,0,0,0,0,1,0,1,0,0,1,0,0,0,1
0,1.2839020991720282,-1.511467060174747,-0.4697236424618552,-1.516402055609532,0,0,1,0,1,0,0,0,1,1,0,1,0,1,0,1,0,1,0,1,0,0,1,0,1,0,0,0
0,-0.4290766930545732,0.6723077029979129,-0.18381828147270524,0.6722923641061201,1,1,1,0,1,0,1,1,0,0,0,0,0,0,0,0,0,0,0,0,1,0,0,1,0,1,0,1
0,-0.551432321070759,-1.5031510862098856,-0.8399381068921388,-1.4769057380140065,0,1,0,0,1,0,0,0,1,1,0,1,0,1,0,1,0,1,0,1,0,1,0,1,1,0,0,0
0,1.1615464711558425,1.139665439823136,1.6410480713202438,1.1151284978223874,3,0,1,1,1,0,1,1,0,0,0,0,1,0,0,0,0,0,1,0,1,0,0,1,0,1,0,1
0,-0.4290766930545732,0.7355091051308613,-0.19398743288200992,0.6375567517453495,2,1,1,0,1,0,0,1,0,0,0,0,0,0,1,0,0,0,1,0,0,0,0,1,0,0,0,0
1,1.5286133552044,1.2660682440890325,2.1225717288337194,1.2120883010964902,4,1,1,0,1,0,1,1,0,0,0,0,1,0,1,0,0,0,1,0,1,0,0,1,0,1,0,1
0,-0.8369287864418593,0.5009986393217639,-0.5501283211753382,0.7313655096394046,1,1,0,0,1,0,0,1,0,0,0,0,0,0,0,0,0,0,0,0,1,0,0,1,0,0,0,0
0,-0.06200980900601573,-0.029560499636407292,-0.16747263896881204,-0.10784066267733637,3,0,1,0,1,0,0,0,0,0,1,0,0,0,0,0,1,0,0,0,1,1,0,1,0,1,0,0
0,-0.877713995780588,0.00037700663709471546,-0.6945258594081116,0.006965992857520633,2,0,0,0,1,0,0,0,0,0,0,0,0,0,0,0,0,0,1,0,1,0,0,1,0,1,0,0
0,1.4470429365269428,-1.3019045162602345,-0.2665612032434252,-1.3292337215510615,0,1,1,1,1,0,1,0,1,1,0,1,0,1,0,1,0,1,0,1,0,0,1,0,0,0,1,0
1,1.6101837738818572,0.8402903770881179,1.9526961648357677,0.9413594071911325,6,0,1,1,1,0,1,0,0,0,1,0,1,0,1,0,1,0,1,0,1,0,1,1,0,0,0,0
1,1.4062577271882142,1.7034884746407533,2.4483154573829657,1.7280426548302044,6,1,0,0,1,0,1,1,0,0,1,0,1,0,1,0,1,0,1,0,1,0,1,1,1,0,0,0
0,1.1207612618171139,1.3325960358079254,1.7410631092590452,1.2948334022697072,5,0,0,0,1,0,0,1,0,0,1,0,0,0,1,0,1,0,1,0,1,0,0,1,0,0,0,0
0,-1.285566089167874,-0.6599113261729178,-0.9905783129097998,-0.6577575911917602,0,1,0,0,1,0,0,0,0,0,0,0,0,0,0,0,0,0,0,0,0,0,0,1,0,0,1,1
1,-1.285566089167874,0.20328677137971796,-0.9791297454880447,0.20257043903661037,0,0,0,1,1,0,0,1,0,0,0,0,0,0,0,0,0,0,0,0,0,0,0,1,0,1,0,1
0,1.0391908431396566,-0.4952550416686578,0.277720015570423,-0.48230234643819003,4,1,1,1,0,1,0,0,0,0,1,0,1,0,1,0,0,0,1,0,0,1,0,0,0,0,1,0
1,0.590553540413642,0.18831801824296696,0.4495147035870498,0.18299588663318556,0,0,1,1,1,0,0,1,0,0,0,0,0,0,0,0,0,0,0,0,0,0,0,0,0,0,0,1
0,-1.285566089167874,0.4926826653569023,-0.9752914974506933,0.49100411391086185,1,0,0,0,1,0,0,1,0,0,0,0,0,0,0,0,0,0,0,0,1,0,0,1,0,1,0,1
0,-0.4290766930545732,-0.19587997893363962,-0.45690742344058405,-0.2605208268403878,2,1,0,0,1,0,1,0,0,0,1,0,1,0,0,0,0,0,0,0,0,0,0,0,0,1,0,1
0,0.6313387497523706,-0.15097371952338684,0.26737439298698723,-0.15078844043098297,3,0,0,0,1,0,0,0,0,0,1,0,0,0,1,0,1,0,0,0,0,1,0,1,1,0,0,1
0,0.18270144702635593,-1.4981615018309686,-0.6939082102986527,-1.508408443139168,0,0,1,0,1,0,0,0,1,1,0,1,0,1,0,1,0,1,0,1,0,1,0,1,0,0,0,0
0,-0.7961435771031307,-1.4948351122450239,-0.8984824189101316,-1.504059226974433,0,1,0,0,1,0,0,0,1,1,0,1,0,1,0,1,0,1,0,1,0,1,0,1,0,1,0,0
0,0.4274127030587276,-1.278619789158622,-0.5207238117857435,-1.2954573839971417,0,1,0,0,1,0,1,0,1,1,0,1,0,1,0,1,0,1,0,1,0,0,1,0,0,0,0,0
0,-1.081640042474231,-0.04951883715207522,-0.8565705150539951,-0.2240019690149645,6,0,0,0,0,1,0,0,0,0,1,0,1,0,1,0,1,0,1,0,1,0,1,1,0,0,1,0
0,1.5693985645431285,-0.36386265302384413,0.7051331993159496,-0.33551689339230906,5,1,0,0,0,1,0,0,0,0,1,0,1,0,1,0,1,0,1,0,0,0,1,0,0,0,0,0
1,-1.285566089167874,0.14507495362568665,-0.9799018068748683,0.1445521711021345,0,0,1,1,1,0,0,1,0,0,0,0,0,0,0,0,0,0,0,0,0,0,0,1,0,1,0,1
0,1.6101837738818572,1.0049466615923774,2.0085934092417945,0.999699998836355,3,0,1,1,1,0,1,1,0,0,1,0,1,0,0,0,0,0,1,0,0,0,1,1,0,1,0,0
1,-1.081640042474231,0.3064048485440018,-0.8115262478570314,0.34015661728122426,1,0,0,0,1,0,0,1,0,0,1,0,0,0,0,0,0,0,0,0,0,0,0,1,0,1,0,0
0,-0.8369287864418593,-0.9775815316306314,-0.8197542163508941,-0.9571042259870199,2,1,1,1,0,1,0,0,0,0,0,0,1,0,0,0,1,0,0,0,0,0,0,0,0,0,1,0
0,-0.30672106503838736,0.20162357658674573,-0.2307375548948118,0.1924255304720678,0,1,0,0,1,0,0,1,0,0,0,0,0,0,0,0,0,0,0,0,0,0,0,0,0,0,1,1
0,-0.46986190239330183,0.476050717427179,-0.24172288548447277,0.5995416899787587,2,0,1,0,1,0,0,1,0,0,0,0,0,0,1,0,1,0,0,0,0,1,0,0,0,1,0,0
0,-1.081640042474231,-0.5351717166999936,-0.8792691198266079,-0.5082914818938961,1,0,1,1,1,0,0,0,0,0,0,0,0,0,0,0,1,0,0,0,0,0,0,1,0,0,1,0
0,-0.5106471117320305,0.8020368968497543,-0.20731100652890808,0.8663823074469208,2,1,1,0,1,0,0,1,0,0,0,0,0,0,0,0,0,0,1,0,1,0,0,1,0,0,1,1
0,-0.5922175304094877,1.1479814137879978,-0.24150229651680888,1.0589384922472311,3,1,1,0,1,0,1,1,0,0,1,0,0,0,0,0,0,0,1,0,1,0,0,1,0,1,0,1
0,0.4274127030587276,-0.31396680923467446,0.06789578952854392,-0.2667800008984351,2,0,0,0,1,0,0,0,0,0,0,0,1,0,0,0,1,0,0,0,0,1,0,0,0,1,0,0
0,0.1011310283488987,-1.3135468798110408,-0.5914225759220159,-1.2516278455839176,0,0,1,1,1,0,1,0,1,1,0,1,0,1,0,1,0,1,0,1,0,0,1,1,1,0,0,0
0,-1.285566089167874,0.2864465110283341,-0.9780268006497252,0.28545367894300444,1,0,0,0,1,0,0,1,0,0,0,0,0,0,1,0,0,0,0,0,0,0,0,0,0,0,0,1
1,-0.02122459966728712,0.9517244282172633,0.30019803137537204,0.9265555396189628,3,1,1,0,1,0,1,1,0,0,0,0,1,0,1,0,0,0,0,0,1,0,0,1,0,1,0,0
0,0.7944795871072851,-0.032886889222351987,0.460852976524973,-0.02507156718322037,6,1,0,0,0,1,0,0,0,0,1,0,1,0,1,0,1,0,1,0,1,0,1,0,1,0,0,0
0,-0.02122459966728712,-0.0012861881558779858,-0.12326660984897123,-0.06788793318294176,2,1,0,0,1,0,0,0,0,0,0,0,0,0,0,0,0,0,1,0,1,1,0,1,0,0,0,0
0,1.6101837738818572,-0.03621327880829668,1.056156423559476,0.005630651770139484,6,0,1,1,0,1,0,0,0,0,1,0,1,0,1,0,1,0,1,0,1,0,1,1,0,0,0,0
0,0.7536943777685564,-0.6798696636885856,-0.04800165408205659,-0.7331650878909106,3,1,0,0,0,1,0,0,0,0,1,0,0,0,0,0,1,0,0,0,1,0,0,1,1,0,0,0
0,1.4470429365269428,-1.4948351122450239,-0.4354882346804217,-1.5159160307284634,0,1,1,1,1,0,0,0,1,1,0,1,0,1,0,1,0,1,0,1,0,0,1,1,0,0,0,0
1,-1.0000696237967737,-0.7164599491339767,-0.8465998937155877,-0.6121718092432434,3,1,1,0,0,1,0,0,0,0,0,0,1,0,1,0,0,0,0,0,1,0,0,1,0,0,1,0
0,0.6721239590910992,-0.5068974052194641,0.05274132745003565,-0.520780351036254,3,1,1,0,0,1,0,0,0,0,0,0,1,0,0,0,0,0,1,0,1,0,1,0,1,0,0,0
0,1.6101837738818572,0.6723077029979129,1.7051732842201324,0.6830169530273411,6,0,1,0,1,0,0,0,0,0,1,0,1,0,1,0,1,0,1,0,1,0,1,0,0,0,1,0
0,-0.9592844144580451,1.0182522199361563,-0.6446727527160756,0.9028417237568553,2,1,0,0,1,0,1,1,0,0,0,0,0,0,0,0,0,0,1,0,1,0,0,1,0,1,0,1
0,-0.18436543702220157,0.9134709479788997,0.13788866896829188,0.9306404993000635,3,0,1,0,1,0,0,1,0,0,1,0,0,0,0,0,0,0,1,0,1,0,0,1,0,0,1,1
0,0.8760500057847422,0.8286480135373113,1.0485240452783058,0.7139907267553234,3,1,0,0,1,0,0,1,0,0,1,0,0,0,1,0,0,0,1,0,0,0,0,0,0,0,1,0
0,-0.877713995780588,0.3213736016807528,-0.6465918767347513,0.3344301388876921,1,1,0,0,1,0,0,1,0,0,0,0,1,0,0,0,0,0,0,0,0,0,0,1,0,1,0,1
0,0.7129091684298279,1.269394633674977,1.2631571108152573,1.2657966405558334,4,0,1,1,1,0,0,1,0,0,0,0,0,0,1,0,1,0,1,0,1,1,0,0,0,0,1,0
0,1.4878281458656715,1.7001620850548087,2.599639489200385,1.7804030614517536,6,0,1,0,1,0,1,1,0,0,1,0,1,0,1,0,1,0,1,0,1,0,1,1,0,1,0,0
0,-1.285566089167874,0.16669648593432704,-0.9796150412169051,0.16610181347779715,0,1,0,0,1,0,0,1,0,0,0,0,0,0,0,0,0,0,0,0,0,0,0,1,0,1,0,0
0,1.4470429365269428,1.0049466615923774,1.938115234073186,1.107167870344396,4,1,1,1,1,0,0,1,0,0,1,0,1,0,0,0,1,0,0,0,1,0,1,0,0,0,0,0
0,0.30505707504254176,-0.8195780262982608,-0.3204290291469438,-0.8549782605490248,3,1,0,1,0,1,0,0,0,0,1,0,1,0,0,0,1,0,0,0,0,1,0,0,0,0,1,0
0,-0.06200980900601573,-1.3019045162602345,-0.6770993309626654,-1.3432287217466412,0,1,1,1,1,0,1,0,1,1,0,1,0,1,0,1,0,1,0,1,0,0,1,0,0,0,1,0
1,0.01956060967144149,1.3459015941517039,0.5182502259111137,1.3298327340301797,4,0,0,1,1,0,1,1,0,0,0,0,1,0,1,0,0,0,1,0,1,0,0,1,0,0,0,0
1,0.9168352151234709,1.6203287349921371,1.765747014740633,1.6418454348511347,5,1,1,0,1,0,1,1,0,0,0,0,1,0,1,0,1,0,1,0,1,0,1,1,0,1,0,0
0,1.4470429365269428,-1.360116334014266,-0.27620094113033666,-1.3398866556213835,0,1,1,1,1,0,1,0,1,1,0,1,0,1,0,1,0,1,0,1,0,0,1,1,0,0,0,0
0,-0.8369287864418593,-1.5131302549677197,-0.9230560299078874,-1.6040079134564258,0,0,1,1,1,0,0,0,1,1,0,1,0,1,0,1,0,1,0,1,0,0,0,0,0,0,0,0
0,1.5693985645431285,0.7055715988573593,1.6568643003017436,0.6718063138644151,6,1,1,0,1,0,0,0,0,0,1,0,1,0,1,0,1,0,1,0,1,0,1,1,0,0,0,0
0,0.30505707504254176,1.2560890753311986,0.8019717561203911,1.2536542459095463,4,1,0,0,1,0,1,1,0,0,0,0,1,0,1,0,0,0,1,0,1,0,0,1,0,0,1,0
0,1.2839020991720282,0.9301028959086229,1.6281215578151407,0.9468360323835584,3,0,1,1,1,0,1,1,0,0,0,0,1,0,1,0,0,0,0,0,1,1,0,1,0,1,0,0
0,0.8352647964460137,1.093095985619911,1.214495184548606,1.0033789200038985,3,1,1,0,1,0,1,1,0,0,0,0,1,0,0,0,1,0,0,0,1,1,0,0,0,0,0,0
1,-0.8369287864418593,0.6290646383806325,-0.556150399992562,0.6936536354819952,3,1,0,0,1,0,0,1,0,0,0,0,1,0,1,0,1,0,0,0,0,0,0,1,0,0,1,1
1,0.8352647964460137,-0.3472307050941209,0.24891109639352083,-0.3656958197782098,4,1,0,0,0,1,0,0,0,0,0,0,1,0,1,0,0,0,1,0,1,0,0,1,0,1,0,1
0,1.6101837738818572,1.0997487647918003,2.1281967475091483,1.1245313673842632,4,1,1,0,1,0,1,1,0,0,1,0,1,0,1,0,0,0,1,0,0,0,1,1,1,0,0,0
0,0.5497683310749134,-1.4948351122450239,-0.6102829326572772,-1.4975810285911142,0,1,0,0,1,0,0,0,1,1,0,1,0,1,0,1,0,1,0,1,0,0,1,0,0,1,0,0
0,0.30505707504254176,-1.340157996498598,-0.5807681287838505,-1.344072259236656,0,1,0,0,1,0,1,0,1,1,0,1,0,1,0,1,0,1,0,1,0,0,1,1,0,0,1,0
0,-0.8369287864418593,-0.4636543406021835,-0.743209844571529,-0.47776282186170776,4,1,0,0,0,1,0,0,0,0,1,0,1,0,0,0,1,0,1,0,0,0,0,1,0,0,0,0
0,-0.9592844144580451,0.3563006923331715,-0.7185921157802405,0.2856378639205739,1,1,0,0,1,0,0,1,0,0,1,0,0,0,0,0,0,0,0,0,0,0,0,0,0,1,0,0
0,0.7536943777685564,0.5276097560093209,0.8058320630545089,0.5249374874254794,1,0,1,1,1,0,1,1,0,0,0,0,0,0,0,0,1,0,0,0,0,0,0,1,0,1,0,0
0,0.6721239590910992,0.8486063510529795,0.9724870281245674,0.8897570725952154,3,1,1,1,1,0,0,1,0,0,0,0,1,0,1,0,0,0,1,0,0,0,0,1,1,0,0,0
1,0.34584228438127035,1.161286972131776,0.8686558010451811,1.2928287060199386,3,1,1,0,1,0,1,1,0,0,0,0,0,0,1,0,0,0,1,0,1,0,0,1,0,1,0,1
0,0.9576204244621995,-0.15430010910933153,0.43782348830086437,-0.2078496042855874,3,0,0,0,1,0,0,0,0,0,1,0,0,0,1,0,1,0,0,0,0,1,0,1,1,0,0,0
0,-1.1632104611516882,-1.4865191382801624,-0.9858797678985594,-1.6896539280263665,0,1,0,0,1,0,0,0,1,1,0,1,0,1,0,1,0,1,0,1,0,0,0,1,0,1,0,0
0,-0.5106471117320305,-0.024570915257490132,-0.44819415921786093,-0.03870267233090266,3,1,1,0,1,0,0,0,0,0,1,0,0,0,0,0,1,0,0,0,1,1,0,1,0,0,1,0
0,-0.2659358556996588,-1.48485594348719,-0.7925335377411717,-1.521464707354776,0,0,1,1,1,0,0,0,1,1,0,1,0,1,0,1,0,1,0,1,0,0,0,1,1,0,0,0
0,-0.5106471117320305,1.362533542081427,-0.02236921603951421,1.5612753908221284,4,0,1,1,1,0,1,1,0,0,0,0,1,0,1,0,0,0,1,0,1,0,0,1,0,0,0,1
0,-1.0408548331355023,0.3513111079542548,-0.7983570864874981,0.12560743055210166,0,0,0,0,1,0,1,1,0,0,0,0,0,0,0,0,0,0,0,0,0,0,0,0,0,0,1,1
0,-1.0408548331355023,0.9633667917680695,-0.7300406832019957,0.8590056990952514,2,1,0,0,1,0,1,1,0,0,0,0,0,0,0,0,0,0,1,0,1,0,0,1,0,1,0,1
0,0.7536943777685564,1.134675855444219,1.212267235975201,1.1238095247883464,4,1,0,0,1,0,0,1,0,0,0,0,1,0,1,0,0,0,1,0,1,0,0,1,0,1,0,0
0,-1.1632104611516882,0.51264100287257,-0.8674234922630577,0.5357610634603145,1,0,0,0,1,0,1,1,0,0,0,0,1,0,0,0,0,0,0,0,0,0,0,1,0,0,1,0
0,-1.285566089167874,-1.5081406705888027,-1.0018283502606575,-1.5031666382369797,0,0,0,0,1,0,0,0,1,1,0,1,0,1,0,1,0,1,0,1,0,0,0,0,1,0,0,0
0,-0.22515064636093016,1.1928876731982503,0.22199924233852794,1.2788860529617916,4,1,1,1,1,0,1,1,0,0,1,0,1,0,0,0,1,0,1,0,0,0,0,0,0,1,0,0
0,-0.4290766930545732,1.1928876731982503,-0.08618560438467364,1.005784382129484,3,1,0,0,1,0,1,1,0,0,1,0,0,0,0,0,0,0,1,0,1,0,0,1,0,1,0,1
0,-0.8369287864418593,-0.3705154321957335,-0.7242833111459684,-0.3592397887955641,2,1,0,0,1,0,0,0,0,0,0,0,1,0,0,0,1,0,0,0,0,0,0,1,0,0,1,0
0,-1.2039956704904167,-1.1272690629981406,-0.9685194161434122,-1.1009066472246136,1,0,1,1,0,1,0,0,0,0,0,0,0,0,0,0,1,0,0,0,0,0,0,1,0,0,1,1
0,0.060345819010170096,-1.3068941006391515,-0.6058270355104669,-1.2570034157149894,0,0,1,1,1,0,1,0,1,1,0,1,0,1,0,1,0,1,0,1,0,1,0,1,1,0,0,0
0,-0.347506274377116,-0.21750151124227976,-0.41623081780336524,-0.2907229771396116,2,1,1,0,1,0,1,0,0,0,1,0,0,0,0,0,1,0,0,0,0,1,0,1,0,1,0,0
0,0.7536943777685564,0.5026618341147361,0.8611778350413758,0.6064880948471043,1,1,0,0,1,0,1,1,0,0,0,0,0,0,1,0,0,0,0,0,0,0,0,0,1,0,0,1
1,-0.7553583677644021,-0.6166682615556374,-0.713672981801336,-0.5582977033040871,2,0,0,0,0,1,0,0,0,0,0,0,0,0,0,0,0,0,1,0,1,0,0,1,0,1,0,0
0,1.0799760524783852,1.6253183193710543,1.884225349272901,1.5355858008531755,6,1,1,0,1,0,1,1,0,0,1,0,1,0,1,0,1,0,1,0,1,0,1,0,0,1,0,0
0,-1.2039956704904167,0.8486063510529795,-0.8920191621575799,0.8153538594112173,3,1,0,0,1,0,0,1,0,0,0,0,1,0,1,0,0,0,0,0,1,0,0,0,0,1,0,0
0,1.324687308510757,1.4772939827965175,2.226711780467835,1.5912089916960148,5,0,1,1,1,0,1,1,0,0,1,0,0,0,1,0,1,0,1,0,1,0,1,0,0,1,0,0
1,-1.1224252518129596,0.1783388494851331,-0.864026422161034,0.04940221168959397,0,1,0,0,1,0,0,1,0,0,0,0,0,0,0,0,0,0,0,0,0,0,0,1,0,0,1,1
0,1.0799760524783852,0.8452799614670345,1.2810468760927978,0.7673284069547213,6,0,1,1,1,0,1,0,0,0,1,0,1,0,1,0,1,0,1,0,1,0,1,0,1,0,0,0
0,1.6101837738818572,0.012019370187900788,0.9655164167463893,-0.08897135733413065,6,1,1,1,0,1,0,0,0,0,1,0,1,0,1,0,1,0,1,0,1,0,1,1,1,0,0,0
0,1.2023316804945712,1.1729293356825825,1.7615999421485522,1.208559079268218,4,0,1,1,1,0,0,1,0,0,0,0,1,0,1,0,0,0,1,0,1,0,0,1,0,1,0,1
0,-0.18436543702220157,0.9849883240767099,0.1628152223143099,0.9975391143673672,3,1,0,0,1,0,1,1,0,0,1,0,1,0,0,0,0,0,0,0,1,0,0,1,1,0,0,1
0,-1.2039956704904167,-0.14099455076555298,-0.9235854434302806,0.02464775070421797,2,1,0,0,1,0,0,0,0,0,0,0,0,0,0,0,1,0,0,0,1,0,0,0,0,0,1,0
0,-0.551432321070759,-1.3567899444283211,-0.8166880297003661,-1.3849489644757544,0,1,0,1,1,0,1,0,1,1,0,1,0,1,0,1,0,1,0,1,0,0,0,1,1,0,0,0
0,-1.285566089167874,-1.509803865381775,-1.0018504091574238,-1.5048243030351076,0,1,0,0,1,0,0,0,1,1,0,1,0,1,0,1,0,1,0,1,0,0,0,1,0,0,1,0
0,-0.347506274377116,0.7005820144784427,-0.08082529247044141,0.7594767418409899,3,1,0,0,1,0,0,1,0,0,0,0,1,0,1,0,1,0,0,0,0,0,0,1,0,1,0,0
1,0.9984056338009281,-0.37883140616059513,0.328874597171676,-0.3855806640745874,2,1,0,0,1,0,0,0,0,0,0,0,0,0,1,0,1,0,0,0,0,1,0,1,0,1,0,0
0,1.6101837738818572,-1.3118836850180684,-0.18701682150383145,-1.2918834458422634,0,0,0,0,1,0,1,0,1,1,0,1,0,1,0,1,0,1,0,1,0,0,1,0,1,0,0,0
0,1.4062577271882142,-1.4765399695223285,-0.37914981233906764,-1.443243292847939,0,1,0,0,1,0,0,0,1,1,0,1,0,1,0,1,0,1,0,1,0,0,1,0,0,0,0,0
0,0.7944795871072851,-1.4648976059715222,-0.5376871033990955,-1.4681006521227362,0,1,1,1,1,0,0,0,1,1,0,1,0,1,0,1,0,1,0,1,0,1,0,1,1,0,0,0
0,1.5693985645431285,0.8319744031232563,1.838298726205282,0.8638386091404974,6,1,1,1,1,0,1,0,0,0,1,0,1,0,1,0,1,0,1,0,1,0,1,0,1,0,0,0
0,-0.2659358556996588,-1.2935885422953728,-0.7086656122353661,-1.279063108797768,0,0,1,0,1,0,1,0,1,1,0,1,0,1,0,1,0,1,0,1,0,1,0,0,0,0,1,0
0,0.1011310283488987,1.6070231766483587,0.7163391188732746,1.5562195131878382,6,0,0,0,1,0,1,1,0,0,1,0,1,0,1,0,1,0,1,0,1,0,1,1,0,0,1,0
0,0.9168352151234709,0.13842217445379726,0.6848169553941066,0.16495651779909026,0,0,1,1,1,0,0,1,0,0,0,0,0,0,0,0,0,0,0,0,0,0,1,1,1,0,0,0
0,0.01956060967144149,-1.489845527866107,-0.7147097499493562,-1.477849575865572,0,0,1,1,1,0,0,0,1,1,0,1,0,1,0,1,0,1,0,1,0,0,1,0,0,0,1,0
0,1.6101837738818572,1.488936346347324,2.466139045970207,1.4772455994303628,5,1,1,0,1,0,1,1,0,0,1,0,1,0,1,0,0,0,1,0,1,0,1,1,0,1,0,0
0,-1.285566089167874,-1.5197830341396088,-1.0019827625380224,-1.5147702918238748,0,1,0,1,1,0,0,0,1,1,0,1,0,1,0,1,0,1,0,1,0,0,0,1,0,0,1,0
0,-0.9184992051193165,-1.0308037650057458,-0.8787838240977474,-1.161853456302449,1,1,0,0,0,1,0,0,0,0,0,0,0,0,0,0,0,0,0,0,1,0,0,1,0,0,1,1
1,0.18270144702635593,0.8353007927092008,0.47708832454503436,0.8698925246613344,3,0,1,0,1,0,0,1,0,0,0,0,0,0,1,0,1,0,1,0,0,0,0,0,0,1,0,0
0,-0.8369287864418593,-1.0274773754198012,-0.815254201410551,-0.9289239244188462,2,1,0,0,0,1,0,0,0,0,0,0,1,0,0,0,1,0,0,0,0,0,0,0,0,0,1,0
0,-1.285566089167874,-1.4798663591082732,-1.001453349015629,-1.4749863366688059,0,1,1,1,1,0,0,0,1,1,0,1,0,1,0,1,0,1,0,1,0,1,0,0,0,0,1,0
0,1.2023316804945712,-0.8744634544663474,0.02435152731169482,-0.8970762622892223,3,1,1,0,0,1,0,0,0,0,1,0,1,0,0,0,1,0,0,0,0,0,1,1,1,0,0,0
0,-1.285566089167874,-1.3185364641899577,-0.9993136360292894,-1.314192851250401,0,0,0,0,0,1,0,0,0,0,0,0,0,0,0,0,0,0,0,0,0,0,0,0,0,0,0,0
0,-0.5922175304094877,-0.14265774555852523,-0.5002972733800686,-0.0214905861770085,2,0,0,0,1,0,1,0,0,0,1,0,0,0,1,0,0,0,0,0,0,0,0,1,0,0,1,0
1,1.4878281458656715,0.8336375979162285,1.6997688545123675,0.8003628038455389,2,1,1,0,1,0,1,1,0,0,0,0,1,0,0,0,0,0,1,0,0,0,0,1,0,1,0,1
0,-1.2447808798291453,0.3280263808526422,-0.9465708138608565,0.24898505338419125,1,1,0,0,1,0,0,1,0,0,0,0,1,0,0,0,0,0,0,0,0,0,0,1,0,1,0,0
0,-0.551432321070759,-1.4732135799363837,-0.8273865946320642,-1.427263039585861,0,1,1,1,1,0,0,0,1,1,0,1,0,1,0,1,0,1,0,1,0,0,0,0,0,0,1,0
0,-0.8369287864418593,0.6506861706892729,-0.5430032975197949,0.7759843204556801,1,1,0,0,1,0,1,1,0,0,0,0,0,0,0,0,0,0,1,0,0,0,0,1,0,1,0,1
0,-0.9592844144580451,-1.4798663591082732,-0.9302472302537296,-1.4816169958613172,0,1,0,0,1,0,0,0,1,1,0,1,0,1,0,1,0,1,0,1,0,0,0,0,0,0,1,0
0,-0.22515064636093016,0.5592104570757952,-0.03432513808689626,0.5654762398415699,5,1,0,0,1,0,0,0,0,0,1,0,0,0,1,0,1,0,1,0,1,1,0,0,0,1,0,0
0,-0.22515064636093016,0.4860298861850129,-0.04844283201738434,0.5261834446266871,1,1,0,1,1,0,1,1,0,0,0,0,0,0,0,0,1,0,0,0,0,0,0,1,0,1,0,1
0,-1.285566089167874,0.8070264812286715,-0.971122365961846,0.8043027607570316,2,1,1,1,1,0,0,1,0,0,0,0,0,0,0,0,0,0,1,0,1,0,0,0,0,0,1,1
1,-0.347506274377116,-1.4831927486942178,-0.8075335875423153,-1.515944471055882,0,0,0,0,1,0,0,0,1,1,0,1,0,1,0,1,0,1,0,1,0,0,0,1,0,0,1,0
1,-0.7553583677644021,0.3346791600245316,-0.5530621544452677,0.3038063963508489,0,1,0,0,1,0,1,1,0,0,0,0,0,0,0,0,0,0,0,0,0,0,0,1,0,1,0,1
1,-0.02122459966728712,0.31638401730183613,-0.00591327905178916,0.2076988395058183,1,0,0,0,1,0,0,1,0,0,0,0,1,0,0,0,0,0,0,0,0,0,0,1,0,1,0,1
0,-0.877713995780588,-1.4931719174520517,-0.916945715503598,-1.5125098398264278,0,0,0,0,1,0,0,0,1,1,0,1,0,1,0,1,0,1,0,1,0,1,0,0,0,0,1,0
0,-1.285566089167874,-1.3268524381548195,-0.9994239305131213,-1.3224811752410406,0,1,0,0,1,0,1,0,1,1,0,1,0,1,0,1,0,1,0,1,0,0,0,1,0,0,1,0
1,0.22348665636508452,0.5176305872514871,0.38483801826800135,0.6079567276945683,1,1,0,1,1,0,1,1,0,0,1,0,0,0,0,0,0,0,0,0,0,0,0,1,0,0,1,0
0,-0.9592844144580451,-1.5014878914169132,-0.917519246819524,-1.3753422638035633,0,0,1,1,1,0,0,0,1,1,0,1,0,1,0,1,0,1,0,1,0,0,1,0,0,0,1,0
0,0.8760500057847422,0.02532492853167956,0.5630959630371796,0.038461624021950004,3,1,1,1,1,0,1,0,0,0,1,0,1,0,0,0,1,0,0,0,0,0,1,1,1,0,0,0
0,-0.14358022768347295,0.20328677137971796,-0.0927591556210572,0.22669231989212626,2,0,0,0,1,0,1,0,0,0,0,0,0,0,0,0,0,0,1,0,1,1,0,1,1,0,0,0
1,0.4681979123974562,0.8086896760216437,0.7719937154148704,0.8929124790569578,2,1,1,0,1,0,1,1,0,0,0,0,0,0,1,0,0,0,1,0,0,0,0,1,0,1,0,0
0,1.0799760524783852,0.7271931311659997,1.2774953937134093,0.762804948776779,6,1,1,1,1,0,0,0,0,0,1,0,1,0,1,0,1,0,1,0,1,0,1,1,0,1,0,0
0,-1.2039956704904167,-0.3189563936135916,-0.9239163268817764,0.016359426713578564,1,0,0,0,1,0,0,0,0,0,0,0,0,0,0,0,0,0,0,0,1,0,0,1,0,1,0,1
0,-0.5922175304094877,-0.11272023928502345,-0.5306944331241507,-0.148394035722576,3,0,1,1,1,0,0,0,0,0,1,0,1,0,0,0,1,0,0,0,0,1,0,1,0,0,1,0
1,1.4062577271882142,-1.3235260485688747,-0.27273769433801376,-1.3238914273827314,0,1,0,0,1,0,1,0,1,1,0,1,0,1,0,1,0,1,0,1,0,0,1,0,1,0,0,0
0,-0.4290766930545732,-0.3239459779925085,-0.47837072999427926,-0.3338348199575891,2,0,1,1,1,0,0,0,0,0,0,0,1,0,0,0,1,0,0,0,0,0,0,0,0,1,0,1
0,0.01956060967144149,-1.025814180626829,-0.5190032178379652,-1.0321889065022216,2,1,0,1,0,1,0,0,0,0,1,0,0,0,0,0,1,0,0,0,0,1,0,0,1,0,0,0
0,-1.1224252518129596,-1.4948351122450239,-0.9632252809194791,-1.4415015077466227,0,1,0,0,1,0,0,0,1,1,0,1,0,1,0,1,0,1,0,1,0,0,0,0,0,0,1,0
0,-1.2447808798291453,-1.4948351122450239,-0.9936224406635613,-1.5189144538191945,0,0,0,0,1,0,0,0,1,1,0,1,0,1,0,1,0,1,0,1,0,0,0,0,0,0,1,0
0,1.6101837738818572,0.8253216239513669,1.7863059065269062,0.7676959964650406,6,1,1,1,1,0,1,0,0,0,1,0,1,0,1,0,1,0,1,0,1,0,1,0,1,0,0,0
0,-0.9592844144580451,-1.4798663591082732,-0.9292325210024759,-1.473144486893108,0,1,0,1,1,0,0,0,1,1,0,1,0,1,0,1,0,1,0,1,0,0,0,0,0,0,1,0
0,1.4062577271882142,-1.2836093735375391,-0.2653479639212739,-1.3156031033920919,0,1,1,1,1,0,1,0,1,1,0,1,0,1,0,1,0,1,0,1,0,0,1,0,0,0,1,0
0,-0.6737879490869448,0.6673181186189963,-0.4023998895308402,0.7045320607197095,1,0,1,0,1,0,1,1,0,0,0,0,0,0,0,0,0,0,1,0,0,0,0,1,0,1,0,1
0,-1.0000696237967737,-1.4698871903504391,-0.9497472949952164,-1.58107688374899,0,0,0,0,1,0,0,0,1,1,0,1,0,1,0,1,0,1,0,1,0,0,0,1,0,0,1,0
0,-1.1224252518129596,-0.7197863387199214,-0.9138354110595374,-0.6991992111449573,4,1,0,0,0,1,0,0,0,0,1,0,1,0,1,0,1,0,0,0,0,0,0,1,0,0,1,1
0,-0.3882914837158446,-0.5501404698367444,-0.539650345211304,-0.6130727140248344,0,1,1,1,1,0,1,0,0,0,0,0,0,0,0,0,0,0,0,0,0,1,0,1,1,0,0,1
0,-1.285566089167874,0.48769308097798514,-0.9753576741409923,0.486031119516478,1,1,0,0,1,0,0,1,0,0,0,0,0,0,0,0,0,0,1,0,0,0,0,1,0,1,0,1
1,0.7129091684298279,0.20494996617269018,0.509338431617493,0.13284905762735139,0,0,1,0,1,0,0,1,0,0,0,0,0,0,0,0,0,0,0,0,0,0,0,1,0,1,0,1
0,-0.6330027397482163,-1.511467060174747,-0.8476366618636081,-1.431594522835458,0,1,0,0,1,0,0,0,1,1,0,1,0,1,0,1,0,1,0,1,0,0,1,0,1,0,0,0
0,1.4470429365269428,1.5271898265856871,2.3220282733953965,1.5314325489711265,5,0,1,0,1,0,1,1,0,0,1,0,1,0,1,0,0,0,1,0,1,0,1,1,0,0,0,0
0,-1.285566089167874,0.6523493654822452,-0.97317384336112,0.6501399345311384,1,1,0,0,1,0,1,1,0,0,0,0,0,0,0,0,0,0,1,0,0,0,0,0,0,1,0,1
1,-0.30672106503838736,0.14673814841865887,-0.21055366435356712,0.25309606208354823,0,0,1,0,1,0,0,1,0,0,0,0,0,0,0,0,0,0,0,0,0,0,0,1,0,1,0,0
0,1.4062577271882142,-0.5168765739772979,0.4548529566045156,-0.50782552139094,4,1,0,0,0,1,0,0,0,0,1,0,0,0,1,0,1,0,1,0,0,1,0,1,0,0,0,0
0,-0.02122459966728712,-1.4815295539012454,-0.6983199896519302,-1.4183149213828088,0,1,0,0,1,0,0,0,1,1,0,1,0,1,0,1,0,1,0,1,0,1,0,0,1,0,0,0
1,1.4062577271882142,1.3542175681165654,2.12727027384496,1.3679582746517984,4,0,1,0,1,0,1,1,0,0,1,0,1,0,0,0,0,0,1,0,1,1,0,1,0,1,0,0
1,1.6101837738818572,-0.014591746499656288,1.037097536753317,-0.014261325807394906,6,1,1,0,0,1,0,0,0,0,1,0,1,0,1,0,1,0,1,0,1,0,1,1,1,0,0,0
0,1.5693985645431285,1.4540092556949047,2.3826020039158964,1.4399354949687437,5,1,1,0,1,0,1,1,0,0,0,0,1,0,1,0,1,0,1,0,1,0,1,1,1,0,0,1
0,-1.285566089167874,-0.49858143125460247,-0.9884385999234602,-0.49696410577335565,1,1,0,1,1,0,0,0,0,0,0,0,1,0,0,0,0,0,0,0,0,0,0,1,0,1,0,0
0,0.5497683310749134,-1.1505537900997531,-0.40158371035048396,-1.1566426230457252,1,1,0,0,0,1,0,0,0,0,0,0,1,0,0,0,0,0,0,0,0,0,0,0,0,0,0,1
1,-1.2447808798291453,-1.1472274005138086,-0.9757547342827874,-0.8475602105774025,1,0,0,0,0,1,0,0,0,0,0,0,0,0,1,0,0,0,0,0,0,0,0,1,0,1,0,1
0,-1.285566089167874,-0.6482689626221115,-0.9904239006324351,-0.646153937604865,0,0,0,0,1,0,0,0,0,0,0,0,0,0,0,0,0,0,0,0,0,0,0,1,0,0,1,1
0,0.6313387497523706,0.02532492853167956,0.3548379186657142,-0.013858421168961256,3,0,1,0,1,0,0,0,0,0,0,0,1,0,1,0,0,0,0,0,1,1,0,1,0,1,0,0
0,1.1615464711558425,1.2777106076398386,1.8652988158473407,1.3913878476218637,4,0,1,0,1,0,1,1,0,0,0,0,0,0,1,0,1,0,1,0,1,1,0,1,0,0,0,0
0,-0.02122459966728712,0.6407070019314391,0.13041070296448637,0.5278353536442654,2,0,1,0,1,0,0,1,0,0,0,0,1,0,0,0,0,0,0,0,1,0,0,0,0,0,0,1
0,-1.2447808798291453,-0.6798696636885856,-0.97396796364471,-0.7804247862532233,0,0,0,0,1,0,0,0,0,0,0,0,0,0,0,0,0,0,0,0,0,0,0,0,0,1,0,0
0,-1.2039956704904167,-1.5014878914169132,-0.9844900574022769,-1.5009564185061426,0,0,0,0,1,0,0,0,1,1,0,1,0,1,0,1,0,1,0,1,0,0,0,0,0,1,0,1
0,-1.1224252518129596,0.6822868717557472,-0.8225556962402253,0.6726841757856773,2,0,0,0,1,0,0,1,0,0,0,0,0,0,0,0,1,0,0,0,1,0,0,1,1,0,0,1
0,1.5693985645431285,0.8319744031232563,1.7878059115070206,0.8103964299445157,6,0,1,1,1,0,1,0,0,0,1,0,1,0,1,0,1,0,1,0,1,0,1,0,0,0,0,0
0,0.18270144702635593,-0.32727236757845324,-0.11453128672948175,-0.33169044522487573,1,1,1,0,1,0,1,0,0,0,1,0,0,0,0,0,0,0,0,0,0,0,0,1,0,0,1,0
0,1.324687308510757,1.3043217243273957,1.9454608466963927,1.2660516659093919,4,1,1,1,1,0,1,1,0,0,0,0,0,0,1,0,1,0,1,0,1,0,1,1,0,0,0,0
0,1.4062577271882142,1.3874814639760118,2.185748409172653,1.4335473698732464,4,0,0,1,1,0,1,1,0,0,0,0,1,0,0,0,1,0,1,0,1,1,0,1,0,0,0,0
0,0.6721239590910992,0.3429951339893932,0.612331420619757,0.33741639588023775,0,1,0,1,1,0,1,1,0,0,0,0,0,0,0,0,0,0,0,0,0,0,0,0,1,0,0,1
0,0.7129091684298279,0.18665482344999473,0.5277796693141932,0.16056521305205,3,1,1,1,1,0,1,0,0,0,1,0,0,0,0,0,1,0,1,0,0,0,1,1,1,0,0,0
0,-0.30672106503838736,-1.5064774757958301,-0.8290630707863096,-1.6060744689047586,0,1,1,1,1,0,0,0,1,1,0,1,0,1,0,1,0,1,0,1,0,1,0,0,0,1,0,0
0,-0.6330027397482163,-0.3006612508908959,-0.5968490645265472,-0.3230068116639355,1,0,0,1,1,0,1,0,0,0,0,0,0,0,1,0,0,0,0,0,0,1,0,1,0,0,1,1
0,1.2839020991720282,-1.3584531392212935,-0.3225908010300498,-1.3436423024296418,0,0,1,1,1,0,1,0,1,1,0,1,0,1,0,1,0,1,0,1,0,0,1,1,0,0,1,0
0,-0.30672106503838736,-0.8910954023960707,-0.5823343104542641,-0.8644352382223444,2,1,1,0,0,1,0,0,0,0,0,0,0,0,1,0,0,0,1,0,0,1,0,1,1,0,0,0
1,-0.3882914837158446,1.380828684804123,0.08521202349015819,1.4285216658259696,4,1,0,0,1,0,1,1,0,0,0,0,1,0,1,0,0,0,1,0,1,0,0,1,0,1,0,1
1,-0.347506274377116,-1.0191614014549395,-0.6450698128578705,-1.0072485861303886,2,1,1,0,0,1,0,0,0,0,0,0,0,0,1,0,1,0,0,0,0,0,0,0,0,0,1,0
0,0.18270144702635593,1.1696029460966375,0.6706772025668523,1.263072694076748,3,0,0,0,1,0,1,1,0,0,0,0,0,0,1,0,0,0,1,0,1,0,0,1,0,1,0,0
0,-0.46986190239330183,0.12511661611001895,-0.3516864858649151,0.20604364147078294,0,0,0,0,1,0,0,1,0,0,0,0,0,0,0,0,0,0,0,0,0,0,0,1,0,1,0,0
0,-1.285566089167874,-0.634963404278333,-0.9902474294583039,-0.632892619219842,0,1,0,0,1,0,0,0,0,0,0,0,0,0,0,0,0,0,0,0,0,0,0,1,0,0,1,0
0,-0.9184992051193165,0.36129027671208863,-0.6675257697660532,0.4256921208646229,0,0,0,0,1,0,1,1,0,0,0,0,0,0,0,0,0,0,0,0,0,0,0,1,0,0,1,0
0,-1.081640042474231,0.6490229758963008,-0.7650040345767201,0.9228257938231752,2,1,0,0,1,0,0,1,0,0,0,0,1,0,0,0,0,0,0,0,1,0,0,1,0,1,0,1
0,0.7536943777685564,1.0481897262096582,1.1561935203950438,1.0411863107326393,3,1,1,0,1,0,1,1,0,0,1,0,1,0,0,0,0,0,0,0,1,1,0,1,1,0,0,0
0,-0.9184992051193165,-1.4748767747293563,-0.9277986927126607,-1.5301865744464642,0,0,0,0,1,0,0,0,1,1,0,1,0,1,0,1,0,1,0,1,0,0,0,1,0,0,1,0
0,-1.081640042474231,-0.4636543406021835,-0.8747470459894985,-0.45165460129119334,4,0,0,0,0,1,0,0,0,0,1,0,1,0,0,0,1,0,0,0,1,0,0,0,1,0,0,0
0,0.590553540413642,0.851932740638924,0.894707358126285,0.8948042048420561,6,1,1,1,1,0,1,0,0,0,1,0,1,0,1,0,1,0,1,0,1,0,1,1,0,0,1,0
0,1.1615464711558425,0.4827034965990684,1.1162669172478823,0.46863922655251355,5,0,1,1,1,0,1,0,0,0,1,0,1,0,1,0,1,0,0,0,1,1,0,1,0,1,0,0
0,0.7944795871072851,-0.20419595289850123,0.3300878364938273,-0.21404535416979872,5,0,0,0,0,1,0,0,0,0,1,0,1,0,1,0,0,0,1,0,1,0,1,1,0,0,0,0
0,0.1011310283488987,-0.1809112257968886,-0.06770024889444078,-0.12716277023671266,2,0,1,1,1,0,1,0,0,0,1,0,1,0,0,0,0,0,0,0,0,0,0,1,1,0,0,0
0,1.5693985645431285,1.3575439577025104,2.2860943305629506,1.337790657055934,4,1,1,0,1,0,1,1,0,0,0,0,1,0,1,0,0,0,1,0,1,1,0,1,0,0,0,0
0,-1.081640042474231,-0.2873556925471174,-0.8387910442602866,-0.0013223311331187742,2,0,0,0,1,0,0,0,0,0,1,0,1,0,0,0,0,0,0,0,0,0,0,0,0,1,0,1
0,0.5089831217361848,-0.3854841853324845,0.0026014551000365428,-0.4595745553266934,2,1,1,0,1,0,0,0,0,0,1,0,0,0,1,0,0,0,0,0,0,0,1,0,1,0,0,0
1,-1.2447808798291453,0.6872764561346639,-0.9277545749191279,0.9559790897857323,1,0,0,0,1,0,1,1,0,0,0,0,0,0,0,0,0,0,1,0,0,0,0,1,0,1,0,1
0,-1.1632104611516882,0.12511661611001895,-0.8951956432919398,0.014011068249563847,3,0,0,0,1,0,0,0,0,0,0,0,1,0,0,0,0,0,1,0,1,0,0,1,0,0,0,1
0,-1.2447808798291453,-1.350137165256432,-0.9934900872829631,-1.5139414594248108,0,1,0,0,0,1,0,0,0,0,0,0,0,0,0,0,0,0,0,0,0,0,0,0,0,0,1,0
0,-1.1632104611516882,0.431144458016926,-0.8784529406462516,0.3285529636943293,1,1,0,0,1,0,0,1,0,0,0,0,0,0,0,0,0,0,1,0,0,0,0,0,0,1,0,1
0,0.7536943777685564,-0.16594247266013784,0.3323157850672323,-0.17277687642967932,2,1,0,0,1,0,1,0,0,0,1,0,0,0,0,0,1,0,0,0,0,1,0,0,1,0,0,0
0,1.1207612618171139,-1.361779528807238,-0.34586293711858873,-1.318944823671701,0,1,1,1,1,0,1,0,1,1,0,1,0,1,0,1,0,1,0,1,0,1,0,0,1,0,0,0
0,-0.9592844144580451,-1.4881823330731347,-0.9382325508831622,-1.5482919577415721,0,1,0,0,1,0,0,0,1,1,0,1,0,1,0,1,0,1,0,1,0,1,0,1,0,0,1,0
0,-1.2039956704904167,1.3459015941517039,-0.8678426113016191,1.4209540656606032,4,1,0,0,1,0,1,1,0,0,0,0,1,0,1,0,0,0,1,0,1,0,0,1,0,0,0,1
0,-0.6330027397482163,1.0232418043150735,-0.286921564958801,1.0470043891417546,3,1,0,0,1,0,1,1,0,0,0,0,0,0,1,0,1,0,0,0,1,0,0,1,0,0,0,0
0,-1.0000696237967737,0.7371722999238336,-0.674231674383035,1.006952282328165,1,0,0,0,1,0,1,1,0,0,0,0,0,0,0,0,0,0,1,0,0,0,0,1,0,1,0,1
0,0.5497683310749134,0.5359257299741825,0.6864713726515856,0.6208425110337913,5,1,1,1,1,0,0,0,0,0,1,0,0,0,1,0,1,0,1,0,1,0,1,0,0,0,1,0
0,1.4470429365269428,0.58415837897038,1.4807019507253723,0.6016776166094,6,0,0,0,1,0,0,0,0,0,1,0,1,0,1,0,1,0,1,0,1,0,1,1,1,0,0,0
0,-1.285566089167874,-0.37883140616059513,-0.9868503593562803,-0.37761224030814816,1,1,0,0,1,0,0,0,0,0,0,0,0,0,0,0,0,0,1,0,0,0,0,1,0,0,1,1
0,-1.1632104611516882,-1.4765399695223285,-0.9755782631086561,-1.496121562844936,0,0,1,0,1,0,0,0,1,1,0,1,0,1,0,1,0,1,0,1,0,1,0,0,0,0,0,0
0,-1.285566089167874,-1.3235260485688747,-0.9993798127195885,-1.3191658456447848,0,0,0,0,0,1,0,0,0,0,0,0,0,0,0,0,0,0,0,0,0,0,0,1,0,0,1,1
0,-0.18436543702220157,-0.3488938998870934,-0.3413629221782457,-0.35558897941873496,2,1,0,1,1,0,0,0,0,0,0,0,1,0,0,0,1,0,0,0,0,1,0,1,1,0,0,0
0,0.2642718657038131,-0.20918553727741815,-0.029053061759729697,-0.26030057767140574,2,0,0,0,1,0,0,0,0,0,0,0,1,0,0,0,0,0,1,0,0,1,0,1,1,0,0,0
0,-0.877713995780588,0.6623285342400791,-0.618356488873775,0.5273220426698454,2,1,0,0,1,0,0,1,0,0,0,0,0,0,1,0,0,0,0,0,1,0,0,0,0,1,0,0
0,1.5693985645431285,-0.11604662887096814,0.891177934643663,-0.1386049932879349,5,0,1,0,0,1,0,0,0,0,0,0,1,0,1,0,1,0,1,0,1,0,1,1,1,0,0,0
0,-1.2447808798291453,-1.4798663591082732,-0.9915268454707544,-1.4401753759081202,0,1,0,1,1,0,0,0,1,1,0,1,0,1,0,1,0,1,0,1,0,0,0,0,0,0,1,0
1,-0.10279501834474433,0.49101947056393,0.03299861484411873,0.4624370238897914,2,1,1,0,1,0,0,1,0,0,0,0,1,0,1,0,0,0,0,0,0,0,0,1,0,0,1,1
0,-0.6330027397482163,-1.4881823330731347,-0.8544308020676554,-1.4616275085897754,0,0,0,0,1,0,0,0,1,1,0,1,0,1,0,1,0,1,0,1,0,1,0,0,0,0,1,0
0,0.9168352151234709,0.9833251292837376,1.227686404814906,0.9066861665614029,3,0,1,0,1,0,1,1,0,0,0,0,1,0,1,0,0,0,1,0,0,0,0,1,1,0,0,0
0,1.0391908431396566,0.49600905494284675,0.9866929576421214,0.4362725951450881,1,0,0,0,1,0,1,1,0,0,1,0,0,0,0,0,0,0,0,0,0,0,0,1,0,0,0,0
0,-1.1224252518129596,-0.3555466790589825,-0.8744602803315354,-0.10741287821330352,2,0,0,0,1,0,0,0,0,0,1,0,0,0,0,0,1,0,0,0,0,0,0,0,0,1,0,1
1,-1.285566089167874,-1.511467060174747,-1.0018724680541904,-1.5064819678332353,0,0,0,0,1,0,0,0,1,1,0,1,0,1,0,1,0,1,0,1,0,0,0,1,0,1,0,1
1,-0.9592844144580451,0.3047416537510296,-0.7111362086732014,0.34789238633915487,0,1,0,0,1,0,1,1,0,0,0,0,0,0,0,0,0,0,0,0,0,0,0,1,0,1,0,0
0,-0.2659358556996588,-0.5235293531491874,-0.464583919515287,-0.5735992245175754,1,1,0,0,1,0,0,0,0,0,0,0,0,0,0,0,1,0,0,0,0,0,0,0,0,0,0,0
0,0.7129091684298279,-1.5131302549677197,-0.5587092320174629,-1.4723672262877636,0,0,0,0,1,0,0,0,1,1,0,1,0,1,0,1,0,1,0,1,0,0,1,0,1,0,0,0
0,1.6101837738818572,1.6219919297851098,2.599595371406852,1.6165354887174972,6,0,1,0,1,0,1,1,0,0,1,0,1,0,1,0,1,0,1,0,1,0,1,1,0,0,0,0
0,0.4274127030587276,1.3675231264603442,0.9890973773896575,1.3431209208368782,5,0,0,1,1,0,0,1,0,0,1,0,1,0,0,0,1,0,1,0,1,1,0,1,1,0,0,0
0,0.9576204244621995,-1.2952517370883452,-0.37337038138627415,-1.296402555827636,0,1,0,0,1,0,1,0,1,1,0,1,0,1,0,1,0,1,0,1,0,0,1,1,0,0,0,0
0,-1.285566089167874,-1.5231094237255534,-1.002026880331555,-1.5180856214201306,0,0,0,0,1,0,0,0,1,1,0,1,0,1,0,1,0,1,0,1,0,0,0,0,0,0,1,0
0,1.6101837738818572,1.2810369972257836,2.2421971259978393,1.243514862894331,4,1,1,1,1,0,1,1,0,0,0,0,1,0,1,0,0,0,1,0,1,0,1,1,0,1,0,1
0,1.6101837738818572,1.186234894026361,2.221219115173005,1.2216198736857258,4,1,1,0,1,0,1,1,0,0,1,0,1,0,0,0,1,0,0,0,1,0,1,1,0,0,0,0
0,0.14191623768762732,1.0149258303502118,0.5222870040193625,1.0481636710593993,2,1,1,0,1,0,1,1,0,0,0,0,0,0,0,0,0,0,1,0,1,0,0,1,0,1,0,0
0,-1.1224252518129596,0.34133193919642096,-0.837224862589873,0.45221475763466934,4,1,0,0,1,0,0,0,0,0,0,0,0,0,1,0,1,0,1,0,1,0,0,0,0,0,0,0
0,-0.7961435771031307,0.6506861706892729,-0.5434224165583563,0.5483848184614422,2,0,0,0,1,0,1,1,0,0,0,0,1,0,1,0,0,0,0,0,0,0,0,1,0,1,0,1
1,0.4681979123974562,0.8070264812286715,0.7501774665129132,0.8556526952990383,3,0,0,0,1,0,0,1,0,0,0,0,1,0,1,0,0,0,0,0,1,1,0,0,1,0,0,0
1,1.5286133552044,1.4307245285932926,2.2877266889236636,1.3893873917191113,5,0,1,1,1,0,1,1,0,0,0,0,1,0,1,0,1,0,1,0,1,1,0,1,0,1,0,0
0,0.4681979123974562,-1.509803865381775,-0.6418492139299778,-1.521777693015961,0,1,0,0,1,0,0,0,1,1,0,1,0,1,0,1,0,1,0,1,0,1,0,0,1,0,0,0
1,-0.02122459966728712,0.7005820144784427,0.14922694190621505,0.5720224809193618,1,0,1,0,1,0,1,1,0,0,0,0,0,0,0,0,0,0,1,0,0,0,0,1,1,0,0,1
0,1.4878281458656715,-1.3285156329477916,-0.25235527372587163,-1.325676384199751,0,0,1,0,1,0,1,0,1,1,0,1,0,1,0,1,0,1,0,1,0,0,1,1,1,0,0,0
1,-0.6737879490869448,-0.18257442058986106,-0.5587312909142292,-0.029709840801059074,2,0,0,0,1,0,0,0,0,0,0,0,0,0,0,0,1,0,1,0,0,0,0,0,0,1,0,1
1,1.4470429365269428,-1.509803865381775,-0.48388545418587614,-1.5694000978915894,0,1,1,1,1,0,0,0,1,1,0,1,0,1,0,1,0,1,0,1,0,1,0,0,0,0,0,0
0,-0.6737879490869448,0.16835968072729926,-0.4786133778587095,0.3465800683739701,0,1,0,0,1,0,0,1,0,0,0,0,0,0,0,0,0,0,0,0,0,0,0,1,1,0,0,0
0,1.4470429365269428,0.5974639373141584,1.5379889056276808,0.6649857854437834,5,1,1,1,1,0,0,0,0,0,1,0,1,0,0,0,1,0,1,0,1,0,1,0,0,0,0,0
0,-1.1632104611516882,-1.5264358133114981,-0.9756444397989554,-1.497364811443532,0,1,0,0,1,0,0,0,1,1,0,1,0,1,0,1,0,1,0,1,0,0,0,0,0,0,1,0
0,-0.2659358556996588,-0.8661474805014858,-0.5581798184950696,-0.8441173683043676,3,0,1,1,0,1,0,0,0,0,1,0,1,0,0,0,1,0,0,0,0,0,0,0,1,0,0,0
0,-0.14358022768347295,-1.1405746213419192,-0.6326506539783943,-1.1723196088726977,1,0,0,0,0,1,0,0,0,0,0,0,1,0,0,0,0,0,0,0,0,0,0,1,0,1,0,1
0,-1.1224252518129596,-1.4815295539012454,-0.9566296707863293,-1.3423731528185752,0,1,0,1,1,0,0,0,1,1,0,1,0,1,0,1,0,1,0,1,0,0,0,0,1,0,0,0
0,1.5286133552044,1.001620272006433,1.902600410279302,0.9759421101403293,3,1,1,0,1,0,1,1,0,0,0,0,1,0,1,0,0,0,1,0,0,1,0,1,0,0,0,0
0,-0.347506274377116,0.31638401730183613,-0.2547596934734078,0.2148647862893923,4,1,1,0,1,0,0,0,0,0,1,0,0,0,0,0,1,0,1,0,1,1,0,0,0,0,0,0
1,1.6101837738818572,0.4511027955325942,1.4964299441198066,0.46514914768450594,5,0,1,0,1,0,1,0,0,0,1,0,1,0,1,0,1,0,0,0,1,0,1,0,0,0,0,0
0,-1.285566089167874,0.3130576277158912,-0.977673858301463,0.31197631571305046,1,1,0,0,1,0,0,1,0,0,0,0,0,0,0,0,1,0,0,0,0,0,0,1,0,0,1,0
0,1.5286133552044,-0.4603279510162391,0.5932945927103643,-0.42963923404367604,4,1,1,0,0,1,0,0,0,0,0,0,1,0,1,0,1,0,0,0,1,1,0,1,0,0,0,0
0,0.14191623768762732,-1.5197830341396088,-0.7003494081544378,-1.5039954706360437,0,0,1,1,1,0,0,0,1,1,0,1,0,1,0,1,0,1,0,1,0,0,0,0,0,0,0,0
1,0.22348665636508452,1.1529709981669143,0.6370153261013446,1.1066520953839878,3,0,0,0,1,0,1,1,0,0,0,0,0,0,0,0,1,0,1,0,1,0,0,1,0,1,0,1
0,-0.6330027397482163,0.17002287552027148,-0.5055252319137024,0.08068332152720746,0,0,0,0,1,0,0,1,0,0,0,0,0,0,0,0,0,0,0,0,0,0,0,1,0,1,0,1
0,0.34584228438127035,1.470641203624628,0.9546634395373264,1.4504685852370265,5,0,1,1,1,0,1,1,0,0,0,0,1,0,1,0,1,0,1,0,1,1,0,1,0,0,0,0
0,-1.285566089167874,-0.6515953522080562,-0.9904680184259679,-0.6494692672011209,0,0,0,0,1,0,0,0,0,0,0,0,0,0,0,0,0,0,0,0,0,0,0,1,0,1,0,1
0,-1.2447808798291453,-1.165522543236504,-0.9771003269855371,-0.898118986920303,1,1,0,0,0,1,0,0,0,0,0,0,0,0,0,0,1,0,0,0,0,0,0,0,0,0,0,1
0,-0.7553583677644021,0.3845750038137013,-0.5174149772707853,0.49514827590618155,1,1,0,0,1,0,0,1,0,0,0,0,0,0,1,0,0,0,0,0,0,0,0,0,0,1,0,0
1,-1.2447808798291453,1.0049466615923774,-0.9309310560534877,0.836627224320525,4,1,0,0,1,0,0,1,0,0,0,0,1,0,1,0,1,0,0,0,1,0,0,1,1,0,0,1
0,-1.285566089167874,-1.499824696623941,-1.0017180557768255,-1.4948783142463404,0,1,0,0,1,0,0,0,1,1,0,1,0,1,0,1,0,1,0,1,0,0,0,0,0,0,1,1
0,-0.7961435771031307,0.2631617839267215,-0.600135840144739,0.22054972646245877,4,1,1,1,1,0,1,0,0,0,0,0,1,0,1,0,1,0,1,0,0,0,0,1,0,1,0,0
0,-1.081640042474231,-1.5280990081044703,-0.9618576293199631,-1.5426743159256942,0,1,0,0,1,0,0,0,1,1,0,1,0,1,0,1,0,1,0,1,0,0,0,0,0,0,1,0
0,-1.1632104611516882,0.39122778298559063,-0.8632764196709769,0.6136713089723251,1,0,0,0,1,0,0,1,0,0,0,0,1,0,0,0,0,0,0,0,0,0,0,1,0,0,0,1
0,-1.1224252518129596,1.139665439823136,-0.8052835800721438,0.9322744831725039,4,0,1,1,1,0,0,1,0,0,0,0,1,0,0,0,1,0,1,0,1,0,0,1,0,0,1,1
0,-0.7145731584256735,1.2261515690576967,-0.27395093366016504,1.5384272443545992,4,0,1,0,1,0,0,1,0,0,1,0,0,0,1,0,0,0,1,0,1,0,0,0,0,1,0,0
0,0.590553540413642,0.3513111079542548,0.5535665196341002,0.3493619473304026,1,0,0,0,1,0,0,1,0,0,1,0,0,0,0,0,0,0,0,0,0,0,0,0,1,0,0,0
0,-1.0000696237967737,-0.026234110050462833,-0.7880776405943615,-0.06244872056408464,3,0,0,0,1,0,0,0,0,0,0,0,0,0,1,0,1,0,0,0,1,0,0,0,0,0,1,0
0,-0.6330027397482163,-1.3052309058461793,-0.8162468517650384,-1.292838228262754,0,1,0,0,0,1,0,0,0,0,0,0,0,0,0,0,0,0,0,0,0,0,0,1,0,0,1,0
0,-0.7145731584256735,0.33966874440344824,-0.5024149274696418,0.39386495674056776,1,1,1,1,1,0,0,1,0,0,1,0,0,0,0,0,0,0,0,0,0,0,0,0,0,0,1,0
0,-0.2659358556996588,1.0298945834869624,0.08161642331723697,1.0050714703456733,4,0,0,0,1,0,0,1,0,0,1,0,0,0,1,0,1,0,0,0,1,1,0,1,0,0,0,0
0,-0.3882914837158446,-0.3488938998870934,-0.4593118431881203,-0.35058509686041084,1,0,0,0,1,0,1,0,0,0,1,0,0,0,0,0,0,0,0,0,0,0,0,0,0,1,0,0
1,-1.1632104611516882,0.26149858913374924,-0.8702690899459218,0.4823013737206904,1,0,0,0,1,0,0,1,0,0,0,0,1,0,0,0,0,0,0,0,0,0,0,0,0,1,0,0
0,-0.14358022768347295,-1.4981615018309686,-0.7744011245992012,-1.539635263795793,0,1,0,1,1,0,0,0,1,1,0,1,0,1,0,1,0,1,0,1,0,1,0,0,0,0,1,0
0,-0.30672106503838736,-1.524772618518526,-0.8069379973296229,-1.539568957203868,0,0,0,0,1,0,0,0,1,1,0,1,0,1,0,1,0,1,0,1,0,0,0,0,0,0,1,0
0,-0.9592844144580451,-0.6632377157588624,-0.8203056887700538,-0.5636390676536105,0,1,0,0,1,0,0,0,0,0,0,0,0,0,0,0,0,0,0,0,0,0,0,0,0,0,1,1
0,-0.5922175304094877,-0.5102237948054088,-0.6229447394011838,-0.5335248238209538,1,1,1,0,1,0,0,0,0,0,0,0,0,0,1,0,0,0,0,0,0,0,0,1,0,0,1,1
1,-1.2039956704904167,0.9966306876275159,-0.8623278871100222,1.5590927988379268,2,1,0,0,1,0,1,1,0,0,0,0,0,0,0,0,0,0,1,0,1,0,0,1,0,1,0,0
0,1.4878281458656715,-0.619994651141582,0.36663942843573155,-0.6515353421669032,4,0,1,1,0,1,0,0,0,0,1,0,1,0,1,0,1,0,0,0,0,0,1,0,0,0,0,0
0,-0.7553583677644021,-1.5147934497606919,-0.8671587855018611,-1.3821571079736443,0,1,0,0,1,0,0,0,1,1,0,1,0,1,0,1,0,1,0,1,0,1,0,0,0,0,1,0
0,-0.551432321070759,0.1567173171764927,-0.3952086891849979,0.2820511038310578,2,1,0,0,1,0,1,0,0,0,0,0,0,0,0,0,0,0,1,0,1,0,0,0,0,0,1,0
1,0.2642718657038131,0.8585855198108133,0.4953972088611361,0.7502373858027067,2,1,0,0,1,0,1,1,0,0,0,0,1,0,0,0,0,0,0,0,1,0,0,0,0,1,0,0
0,-0.06200980900601573,1.2145092055068907,0.376455637496774,1.2106980015883828,4,1,0,0,1,0,0,1,0,0,0,0,1,0,1,0,0,0,1,0,1,0,0,1,0,1,0,0
0,-0.347506274377116,-1.48485594348719,-0.816445381835936,-1.5438484951577012,0,1,1,1,1,0,0,0,1,1,0,1,0,1,0,1,0,1,0,1,0,1,0,0,0,0,1,0
0,-0.7553583677644021,-0.5351717166999936,-0.7173347586645563,-0.5779528716247465,1,1,1,0,1,0,0,0,0,0,0,0,0,0,0,0,1,0,0,0,0,0,0,0,0,0,0,0
0,1.2839020991720282,0.3147208225088634,1.0893550631928892,0.31422970379800574,5,0,1,0,1,0,0,0,0,0,1,0,1,0,1,0,1,0,0,0,1,0,1,1,0,0,1,0
0,0.7129091684298279,-1.5147934497606919,-0.5547165717027468,-1.4663664797185407,0,0,0,0,1,0,0,0,1,1,0,1,0,1,0,1,0,1,0,1,0,1,0,1,0,0,1,0
0,0.7944795871072851,0.1284430056959634,0.5261031931599476,0.06922405729490004,4,1,1,1,1,0,0,0,0,0,0,0,1,0,1,0,1,0,1,0,0,1,0,1,0,1,0,0
0,-0.18436543702220157,1.1745925304755547,0.17563144133558098,1.0319356589285205,3,1,0,0,1,0,1,1,0,0,0,0,1,0,0,0,0,0,1,0,1,1,0,0,0,1,0,0
0,-0.46986190239330183,-1.4648976059715222,-0.8184306825449108,-1.4641720472714952,0,0,0,0,1,0,0,0,1,1,0,1,0,1,0,1,0,1,0,1,0,0,1,1,1,0,0,0
0,-0.30672106503838736,1.031557778279935,0.0698810902375188,1.0960517652275386,3,1,0,1,1,0,0,1,0,0,0,0,1,0,0,0,0,0,1,0,1,0,0,1,0,1,0,1
0,-0.6330027397482163,-1.5147934497606919,-0.8750117527506951,-1.5526040530987935,0,0,1,0,1,0,0,0,1,1,0,1,0,1,0,1,0,1,0,1,0,1,0,0,0,0,1,0
0,1.0391908431396566,-0.6615745209658901,0.176028501477376,-0.6140581174618027,2,1,1,0,0,1,0,0,0,0,0,0,0,0,0,0,0,0,1,0,1,1,0,1,1,0,0,0
1,-0.6330027397482163,0.5525576779039059,-0.4240396672586665,0.4408841311909952,1,1,1,0,1,0,0,1,0,0,0,0,0,0,0,0,0,0,0,0,1,0,0,0,0,0,0,1
0,0.7536943777685564,-1.3102204902250962,-0.44519414925763223,-1.3184182713240604,0,0,1,0,1,0,1,0,1,1,0,1,0,1,0,1,0,1,0,1,0,0,1,0,0,0,1,0
0,1.6101837738818572,-0.531845327114049,0.545581199004668,-0.5272625345835817,4,1,1,1,0,1,0,0,0,0,1,0,0,0,1,0,1,0,1,0,0,0,1,0,0,0,1,0
0,0.7944795871072851,0.6390438071384664,0.9080750495667156,0.6212264350714843,2,1,1,0,1,0,0,1,0,0,1,0,0,0,0,0,0,0,1,0,0,0,0,0,0,1,0,1
0,-0.22515064636093016,-1.5064774757958301,-0.7628863804871467,-1.462277573216492,0,0,0,0,1,0,0,0,1,1,0,1,0,1,0,1,0,1,0,1,0,0,1,1,0,0,1,0
0,-1.2039956704904167,-1.4931719174520517,-0.9823944622094701,-1.4484636998987594,0,0,0,0,1,0,0,0,1,1,0,1,0,1,0,1,0,1,0,1,0,0,0,0,0,0,1,0
0,1.2839020991720282,0.5459048987320164,1.2524806047803259,0.5057676910191883,5,0,1,0,1,0,1,0,0,0,1,0,1,0,1,0,1,0,0,0,1,0,1,1,0,0,1,0
0,0.5089831217361848,1.0082730511783224,0.8803470163313666,1.0062063331690076,3,0,1,0,1,0,0,1,0,0,0,0,0,0,0,0,1,0,1,0,1,0,1,1,1,0,0,0
1,-1.2039956704904167,-0.9459808305641573,-0.9691150063561048,-1.1158256304077647,1,1,1,0,0,1,0,0,0,0,0,0,0,0,0,0,0,0,1,0,0,0,0,1,0,0,1,1
0,1.5693985645431285,0.6124326904509093,1.590069960893122,0.6011104123329897,5,0,1,0,1,0,1,0,0,0,0,0,1,0,1,0,1,0,1,0,1,0,1,1,1,0,0,0
1,-1.285566089167874,-1.325189243361847,-0.9994018716163549,-1.320823510442913,0,0,0,0,0,1,0,0,0,0,0,0,0,0,0,0,0,0,0,0,0,0,0,0,0,0,1,1
0,1.0391908431396566,-1.4831927486942178,-0.4983560904646264,-1.4878189486405198,0,0,1,1,1,0,0,0,1,1,0,1,0,1,0,1,0,1,0,1,0,0,1,0,1,0,0,0
0,0.060345819010170096,0.8303112083302836,0.35355850265326366,0.8634423901725938,3,1,1,1,1,0,0,1,0,0,0,0,1,0,1,0,0,0,1,0,0,0,0,1,0,1,0,0
0,-1.0000696237967737,-0.5002446260475747,-0.8491807846372552,-0.6364151569158636,1,0,0,0,1,0,0,0,0,0,1,0,0,0,0,0,0,0,0,0,0,0,0,1,0,1,0,1
0,-0.7145731584256735,-1.499824696623941,-0.8900338614486051,-1.5480340987729744,0,0,1,1,1,0,0,0,1,1,0,1,0,1,0,1,0,1,0,1,0,0,0,0,0,0,1,0
0,1.3654725178494855,-0.3405779259222318,0.5919048822140819,-0.32687765103211297,4,1,1,1,0,1,0,0,0,0,0,0,0,0,1,0,1,0,1,0,1,0,1,0,0,0,0,0
1,-0.8369287864418593,-1.1821544911662272,-0.8422763499493758,-1.0981438725610673,1,1,0,0,0,1,0,0,0,0,0,0,1,0,0,0,0,0,0,0,0,0,0,1,1,0,0,0
0,1.0391908431396566,-1.5214462289325812,-0.5536136268644274,-1.5594129196631121,0,1,0,0,1,0,0,0,1,1,0,1,0,1,0,1,0,1,0,1,0,0,1,1,0,0,0,0
0,-1.2039956704904167,-1.5231094237255534,-0.987512126259272,-1.5766564442873159,0,0,1,1,1,0,0,0,1,1,0,1,0,1,0,1,0,1,0,1,0,0,1,0,0,0,1,0
1,0.4274127030587276,-0.31064041964873,0.02287358122834669,-0.34546125329329586,4,0,1,0,0,1,0,0,0,0,0,0,1,0,1,0,0,0,1,0,1,0,0,0,1,0,0,1
0,-0.9592844144580451,0.5209569768374316,-0.7219671269854977,0.2574575623524001,2,0,0,0,1,0,0,1,0,0,0,0,1,0,1,0,0,0,0,0,0,0,0,0,0,1,0,0
0,-1.2039956704904167,-1.48485594348719,-0.9790415099009792,-1.3644753501269469,0,0,0,0,1,0,0,0,1,1,0,1,0,1,0,1,0,1,0,1,0,1,0,0,0,0,1,0
0,-0.4290766930545732,0.15339092759054826,-0.3494805961882763,0.10642588074519352,3,0,1,1,1,0,0,0,0,0,0,0,1,0,0,0,0,0,1,0,1,1,0,1,0,0,0,1
0,0.30505707504254176,1.3675231264603442,0.8330748005609977,1.3120869300435543,4,1,1,0,1,0,1,1,0,0,0,0,1,0,1,0,0,0,1,0,1,1,0,1,0,0,0,0
0,1.4470429365269428,-1.3102204902250962,-0.20671541631621565,-1.2630977715904594,0,0,0,0,1,0,1,0,1,1,0,1,0,1,0,1,0,1,0,1,0,0,1,0,0,0,0,0
0,0.8760500057847422,1.310974503499285,1.3181499404538615,1.0892062235611955,4,1,1,0,1,0,1,1,0,0,0,0,1,0,1,0,0,0,1,0,1,0,0,1,0,1,0,1
0,0.7129091684298279,0.48935627577095736,0.7649348684496263,0.5169962979455067,4,0,0,0,1,0,1,0,0,0,0,0,1,0,0,0,1,0,1,0,1,0,1,1,0,0,1,0
0,-1.285566089167874,-0.32061958840656385,-0.9860782979694568,-0.3195939723736723,1,1,0,0,1,0,0,0,0,0,0,0,0,0,0,0,0,0,0,0,1,0,0,1,0,1,0,0
0,1.6101837738818572,0.77043619578328,1.8663797017888932,0.8512699300373212,6,0,1,0,1,0,1,0,0,0,1,0,1,0,1,0,1,0,1,0,1,0,1,0,0,0,0,0
0,0.30505707504254176,-1.4798663591082732,-0.6332903619846194,-1.4427447563452183,0,1,0,1,1,0,0,0,1,1,0,1,0,1,0,1,0,1,0,1,0,1,0,1,0,0,0,0
0,1.6101837738818572,1.753384318429923,2.6552499679484476,1.6746228260185616,6,0,1,1,1,0,1,1,0,0,1,0,1,0,1,0,1,0,1,0,1,0,1,1,0,0,0,0
0,-1.081640042474231,-1.4931719174520517,-0.9622767483585246,-1.5479235877864324,0,0,0,0,1,0,0,0,1,1,0,1,0,1,0,1,0,1,0,1,0,0,0,0,0,0,1,0
0,-1.1224252518129596,-1.504814281002858,-0.9698429499493953,-1.5409613956342956,0,0,0,0,1,0,0,0,1,1,0,1,0,1,0,1,0,1,0,1,0,0,0,1,1,0,0,0
0,0.6313387497523706,0.18831801824296696,0.49859574889226227,0.21120410986019325,3,1,1,0,1,0,1,0,0,0,0,0,1,0,1,0,0,0,0,0,1,1,0,1,1,0,0,0
0,-1.285566089167874,0.9633667917680695,-0.9690488296658055,0.9601232517810521,2,0,0,0,1,0,1,1,0,0,0,0,0,0,0,0,0,0,1,0,1,0,0,1,0,1,0,1
0,1.2839020991720282,0.03031451291059625,0.784258462016982,-0.044007199684912006,3,0,1,1,1,0,0,0,0,0,1,0,0,0,0,0,1,0,1,0,0,1,0,0,0,0,1,0
0,-0.6330027397482163,-1.4915087226590795,-0.8613793545490674,-1.4923430622021447,0,0,0,0,1,0,0,0,1,1,0,1,0,1,0,1,0,1,0,1,0,1,0,0,1,0,0,0
0,0.30505707504254176,0.5026618341147361,0.3875292036735006,0.47504909022888087,2,1,1,0,1,0,0,1,0,0,0,0,1,0,1,0,0,0,0,0,0,0,0,1,0,1,0,0
0,0.34584228438127035,-0.9809079212165762,-0.3873336630393974,-1.0092229592436057,2,0,1,1,0,1,0,0,0,0,1,0,0,0,1,0,0,0,0,0,0,1,0,0,1,0,0,0
1,0.7536943777685564,0.48935627577095736,0.7430965606509026,0.43249829750634833,1,1,0,0,1,0,1,1,0,0,0,0,1,0,0,0,0,0,0,0,0,1,0,1,0,0,0,0
0,0.34584228438127035,0.5109778080795977,0.5067575406958257,0.6295202016763768,1,1,1,0,1,0,1,1,0,0,0,0,1,0,0,0,0,0,0,0,0,0,0,1,0,1,0,0
0,-1.285566089167874,-0.48028628853190675,-0.9881959520590301,-0.47872979299394885,1,0,1,1,1,0,0,0,0,0,0,0,0,0,1,0,0,0,0,0,0,0,0,0,0,0,1,1
0,-1.2447808798291453,-1.4782031643153006,-0.9917253755416521,-1.4476348674996955,0,0,0,0,1,0,0,0,1,1,0,1,0,1,0,1,0,1,0,1,0,0,0,1,0,0,1,0
0,1.4470429365269428,0.48935627577095736,1.3990178559994386,0.5114080173819358,2,1,0,0,1,0,0,1,0,0,0,0,1,0,1,0,0,0,0,0,0,1,0,0,1,0,0,0
0,-0.347506274377116,-1.3368316069126531,-0.7582098943726726,-1.3615053673636344,0,0,1,1,1,0,1,0,1,1,0,1,0,1,0,1,0,1,0,1,0,0,1,0,0,0,1,0
0,1.5286133552044,0.4128493152942306,1.4152311451227335,0.4527357379997951,4,1,1,0,1,0,1,0,0,0,1,0,0,0,1,0,1,0,0,0,1,0,1,0,1,0,0,0
0,-1.2039956704904167,-1.1688489328224487,-0.9677252958598224,-1.0810146696470793,1,1,0,0,0,1,0,0,0,0,0,0,0,0,0,0,1,0,0,0,0,0,0,1,0,1,0,0
0,-1.2447808798291453,-0.6649009105518348,-0.9614605691781681,-0.310476815983969,0,1,0,0,1,0,0,0,0,0,0,0,0,0,0,0,0,0,0,0,0,0,0,0,0,0,0,0
0,-1.2039956704904167,-1.1671857380294763,-0.9688061818013752,-1.1080898613498344,1,1,1,0,0,1,0,0,0,0,0,0,1,0,0,0,0,0,0,0,0,0,0,0,1,0,0,0
0,-1.0408548331355023,0.32469999126669774,-0.7805555567970234,0.316712500850559,3,0,0,0,1,0,1,0,0,0,0,0,0,0,0,0,1,0,1,0,1,0,0,1,0,1,0,1
0,-0.7961435771031307,0.23488747244619218,-0.602871143343771,0.20473815454185454,3,0,0,0,1,0,0,0,0,0,1,0,0,0,0,0,0,0,1,0,1,0,0,1,0,1,0,0
0,-1.0408548331355023,-1.4682239955574667,-0.9482031722215692,-1.4830378514025697,0,1,0,0,1,0,0,0,1,1,0,1,0,1,0,1,0,1,0,1,0,0,0,0,0,0,1,0
0,-0.8369287864418593,-0.2856924977541451,-0.7331068698525235,-0.41449528206649366,1,1,1,1,1,0,0,0,0,0,0,0,0,0,0,0,0,0,1,0,0,0,0,1,0,0,1,0
0,0.8352647964460137,1.3425752045657593,1.4496871418718311,1.3368510346763416,4,1,1,1,1,0,1,1,0,0,0,0,1,0,1,0,0,0,1,0,1,1,0,1,0,1,0,0
0,-0.8369287864418593,0.975009155318876,-0.5489371407499533,0.7388250012309799,2,0,0,0,1,0,1,1,0,0,0,0,0,0,0,0,0,0,1,0,1,0,0,1,0,1,0,1
0,1.2431168898332998,-1.5081406705888027,-0.46092214265206666,-1.4958255512738419,0,1,1,1,1,0,0,0,1,1,0,1,0,1,0,1,0,1,0,1,0,0,1,0,0,0,1,0
0,-0.7145731584256735,0.6506861706892729,-0.4422823748844691,0.6951179060536745,6,0,0,0,1,0,0,0,0,0,1,0,1,0,1,0,1,0,1,0,1,0,0,0,0,0,1,0
0,0.14191623768762732,-0.37384182178167824,-0.15485495001843835,-0.3653178930553665,2,1,1,1,1,0,0,0,0,0,1,0,1,0,0,0,0,0,0,0,0,1,0,0,0,0,1,0
1,-1.1632104611516882,-1.1638593484435318,-0.9582840880438084,-1.1712192624118714,1,1,1,0,0,1,0,0,0,0,0,0,0,0,1,0,0,0,0,0,0,0,0,1,0,1,0,0
0,-0.347506274377116,-1.5031510862098856,-0.8107983042637408,-1.526166737311004,0,0,1,1,1,0,0,0,1,1,0,1,0,1,0,1,0,1,0,1,0,0,1,0,0,0,1,0
0,1.1615464711558425,-0.7048175855831704,0.17920498261173595,-0.6857476689306407,4,0,0,0,0,1,0,0,0,0,1,0,1,0,1,0,1,0,0,0,0,1,0,0,1,0,0,0
0,-0.6737879490869448,-0.3189563936135916,-0.624268273207167,-0.33751747300343,1,1,0,0,1,0,1,0,0,0,0,0,1,0,0,0,0,0,0,0,0,0,0,0,0,1,0,0
0,1.324687308510757,-1.4981615018309686,-0.45145887593928635,-1.5050538258533097,0,1,1,1,1,0,0,0,1,1,0,1,0,1,0,1,0,1,0,1,0,0,1,1,1,0,0,0
0,-0.2659358556996588,-1.504814281002858,-0.7921144187026103,-1.5202533369253748,0,0,1,1,1,0,0,0,1,1,0,1,0,1,0,1,0,1,0,1,0,0,1,0,1,0,0,0
0,-0.6737879490869448,-0.5135501843913532,-0.6579522085694408,-0.4957208571747597,1,1,0,0,1,0,0,0,0,0,0,0,0,0,0,0,1,0,0,0,0,0,0,1,0,0,1,0
0,0.8760500057847422,1.3858182691830396,1.5321874157781208,1.3870640297877666,4,0,1,0,1,0,1,1,0,0,1,0,1,0,0,0,0,0,1,0,1,1,0,0,0,0,0,1
0,-1.285566089167874,-1.489845527866107,-1.0015857023962274,-1.484932325457573,0,1,0,0,1,0,0,0,1,1,0,1,0,1,0,1,0,1,0,1,0,0,0,0,0,0,1,1
0,-1.1224252518129596,-1.4782031643153006,-0.9632914576097783,-1.442496106625499,0,1,0,1,1,0,0,0,1,1,0,1,0,1,0,1,0,1,0,1,0,0,1,0,0,0,1,0
0,-0.551432321070759,-0.8378731690209562,-0.6971949859168445,-0.9123400059779263,2,0,0,0,0,1,0,0,0,0,0,0,1,0,0,0,0,0,0,0,1,0,0,1,0,1,0,0
0,-0.9184992051193165,-0.3455675103011487,-0.7597760760430862,-0.26754329771245655,1,1,0,0,1,0,1,0,0,0,1,0,0,0,0,0,0,0,0,0,0,0,0,1,1,0,0,0
0,-0.3882914837158446,0.6290646383806325,-0.17210500728975345,0.5877973236450243,3,0,1,1,1,0,0,1,0,0,0,0,1,0,1,0,1,0,0,0,0,0,0,0,0,1,0,1
0,-1.2039956704904167,-0.3239459779925085,-0.9402399104889032,-0.39253122349129893,1,1,0,0,1,0,0,0,0,0,0,0,0,0,0,0,0,0,1,0,0,0,0,0,0,0,1,1
0,1.6101837738818572,1.5538009432732443,2.524595122401134,1.538256873250347,5,0,0,0,1,0,1,1,0,0,0,0,1,0,1,0,1,0,1,0,1,0,1,1,0,0,0,0
1,-0.9184992051193165,0.7238667415800553,-0.6325183005977959,0.6887635243275178,1,1,1,0,1,0,1,1,0,0,0,0,0,0,0,0,0,0,0,0,1,0,0,1,0,1,0,1
0,-0.9184992051193165,-0.31064041964873,-0.7672319831501252,-0.32357236788917937,2,0,1,1,1,0,0,0,0,0,0,0,1,0,1,0,0,0,0,0,0,0,0,1,0,0,1,0
0,-0.877713995780588,-1.4748767747293563,-0.9288575197574473,-1.5938861117345238,0,1,1,0,1,0,0,0,1,1,0,1,0,1,0,1,0,1,0,1,0,1,0,1,0,0,1,0
1,0.18270144702635593,1.392471048354929,0.7792952102445448,1.4836765174816582,4,0,0,0,1,0,1,1,0,0,1,0,1,0,0,0,0,0,1,0,1,0,0,1,0,0,0,1
0,-0.6330027397482163,-0.09276190176935552,-0.5266355961191354,-0.012633455637991455,2,1,1,1,1,0,1,0,0,0,1,0,0,0,0,0,1,0,0,0,0,1,0,1,0,0,1,0
0,0.14191623768762732,1.3176272826711746,0.6152652538896863,1.242248591173539,4,0,1,1,1,0,1,1,0,0,1,0,0,0,1,0,0,0,1,0,1,0,0,1,1,0,0,0
1,-0.6330027397482163,1.227814763850669,-0.23731110613119524,1.266303690964673,4,1,0,0,1,0,0,1,0,0,0,0,1,0,1,0,0,0,1,0,1,0,0,1,0,1,0,0
1,1.3654725178494855,1.5205370474137978,2.170814536061809,1.4708598225375749,5,0,1,1,1,0,1,1,0,0,1,0,1,0,0,0,1,0,1,0,1,1,0,1,1,0,0,0
0,1.1615464711558425,0.665654923826024,1.3121278616366379,0.7099245665947668,6,1,1,1,1,0,0,0,0,0,1,0,1,0,1,0,1,0,1,0,1,1,0,0,0,0,0,0
0,-0.4290766930545732,0.9417452594594296,-0.058700219013754586,1.099668488423454,3,1,0,0,1,0,0,1,0,0,0,0,1,0,0,0,0,0,1,0,1,0,0,1,0,0,1,0
0,-1.285566089167874,-1.3468107756704872,-0.9996886372743179,-1.3423731528185752,0,1,0,0,0,1,0,0,0,0,0,0,0,0,0,0,0,0,0,0,0,0,0,1,0,1,0,0
0,-1.081640042474231,0.18831801824296696,-0.8190042138608369,0.2464985561869993,0,0,0,0,1,0,0,1,0,0,0,0,0,0,0,0,0,0,0,0,0,0,0,0,1,0,0,0
0,-0.06200980900601573,0.4511027955325942,0.0638810703170614,0.452984769669929,2,1,0,0,1,0,0,1,0,0,0,0,1,0,0,0,1,0,0,0,0,0,0,1,0,1,0,1
0,1.4470429365269428,0.6689813134119684,1.4635621879378888,0.5827363585484385,6,0,1,1,1,0,0,0,0,0,1,0,1,0,1,0,1,0,1,0,1,0,1,1,1,0,0,0
0,0.060345819010170096,0.7504778582676124,0.25755818392594476,0.6512612960122248,2,0,1,1,1,0,1,1,0,0,0,0,0,0,1,0,0,0,1,0,0,0,0,0,0,1,0,1
0,0.7944795871072851,0.6955924300995255,0.94542076179221,0.6751961755182252,3,0,1,1,1,0,0,1,0,0,0,0,1,0,1,0,1,0,0,0,0,0,0,0,0,0,0,0
0,-0.9184992051193165,0.8718910781545917,-0.5850034369629971,1.0458245218442637,3,0,0,1,1,0,0,1,0,0,0,0,0,0,1,0,1,0,1,0,0,0,0,1,0,1,0,0
0,-0.14358022768347295,0.19497079741485634,-0.1392151922110695,0.10631155903497731,0,1,1,1,1,0,0,1,0,0,0,0,0,0,0,0,0,0,0,0,0,0,0,1,0,1,0,1
0,1.6101837738818572,-1.489845527866107,-0.36595859207276793,-1.4786470130980047,0,0,1,1,1,0,0,0,1,1,0,1,0,1,0,1,0,1,0,1,0,0,1,0,0,0,0,0
0,0.590553540413642,-1.4915087226590795,-0.5906505145351922,-1.4801004089183492,0,1,1,1,1,0,0,0,1,1,0,1,0,1,0,1,0,1,0,1,0,1,0,0,0,0,1,0
0,-0.347506274377116,0.3296895756456144,-0.20698012307741226,0.3644690343204337,3,1,1,1,1,0,1,0,0,0,1,0,0,0,0,0,0,0,1,0,1,1,0,0,0,0,1,0
0,1.324687308510757,-1.3335052173267088,-0.30414956333334975,-1.3347478947471871,0,1,0,0,1,0,1,0,1,1,0,1,0,1,0,1,0,1,0,1,0,1,0,0,1,0,0,0
0,-1.1632104611516882,1.1962140627841946,-0.8343130882167099,1.157799778957802,3,0,0,0,1,0,1,1,0,0,0,0,0,0,0,0,1,0,1,0,1,0,0,1,0,0,1,0
1,-0.8369287864418593,1.2128460107139178,-0.47285600580268233,1.2152654919595687,3,1,1,0,1,0,1,1,0,0,0,0,1,0,0,0,0,0,1,0,1,0,0,1,0,1,0,1
0,-1.285566089167874,0.5592104570757952,-0.9744091415800378,0.5573107058359771,1,1,0,0,1,0,1,1,0,0,1,0,0,0,0,0,0,0,0,0,0,0,0,1,0,1,0,1
0,0.01956060967144149,0.11181105776624017,-0.052589904609465256,0.029922138698261148,0,1,0,0,1,0,0,1,0,0,0,0,0,0,0,0,0,0,0,0,0,0,0,0,0,1,0,1
0,0.060345819010170096,1.3375856201868421,0.5931401804329998,1.3929687834804443,5,0,0,0,1,0,0,1,0,0,0,0,1,0,1,0,1,0,1,0,1,0,0,1,0,1,0,0
0,-0.7553583677644021,-1.4798663591082732,-0.8814529506064802,-1.4588833072012777,0,0,1,0,1,0,0,0,1,1,0,1,0,1,0,1,0,1,0,1,0,0,1,0,0,0,1,0
0,-1.1632104611516882,0.4743875226342068,-0.8704896789135856,0.4781572117253707,1,0,0,0,1,0,0,1,0,0,0,0,0,0,0,0,0,0,0,0,1,0,0,1,0,1,0,1
0,-0.7961435771031307,-1.4931719174520517,-0.9140339411304347,-1.593955664103676,0,1,1,1,1,0,0,0,1,1,0,1,0,1,0,1,0,1,0,1,0,1,0,0,0,0,1,0
0,1.324687308510757,0.4827034965990684,1.2271569912925127,0.4356126071180345,4,0,1,1,1,0,1,0,0,0,0,0,1,0,0,0,1,0,1,0,1,0,1,1,0,0,0,0
0,-0.3882914837158446,-0.2557549914806431,-0.38250276464755867,-0.09962906090035517,2,1,1,1,1,0,0,0,0,0,1,0,0,0,0,0,1,0,0,0,0,1,0,0,1,0,0,0
0,0.9168352151234709,-0.20918553727741815,0.3433452334504261,-0.3016007744739934,3,1,1,0,1,0,0,0,0,0,1,0,1,0,1,0,0,0,0,0,0,0,1,0,0,1,0,0
0,0.6721239590910992,0.9949674928345437,1.058957903448807,1.022370256445446,3,1,1,0,1,0,0,1,0,0,0,0,1,0,0,0,0,0,1,0,1,0,1,1,0,1,0,0
0,1.1207612618171139,1.2510994909522815,1.7061438756778537,1.2510986793457668,4,1,1,0,1,0,1,1,0,0,0,0,1,0,1,0,0,0,1,0,1,1,0,0,0,0,0,0
0,1.4878281458656715,-1.4815295539012454,-0.3739880304957329,-1.4581454232849267,0,0,1,1,1,0,0,0,1,1,0,1,0,1,0,1,0,1,0,1,0,1,0,1,1,0,0,0
0,0.30505707504254176,0.665654923826024,0.4758971441196495,0.6410642197613885,1,1,0,0,1,0,1,1,0,0,0,0,0,0,0,0,0,0,1,0,0,0,0,1,0,1,0,0
0,1.4062577271882142,0.14341175883271443,1.0505755226775797,0.16033709858281456,4,1,1,0,1,0,0,0,0,0,1,0,1,0,0,0,1,0,0,0,1,0,1,1,1,0,0,0
1,0.1011310283488987,1.0165890251431842,0.5222208273290635,1.139435221087114,2,1,0,0,1,0,1,1,0,0,0,0,0,0,0,0,0,0,1,0,1,0,0,1,0,1,0,1
0,-0.551432321070759,1.1995404523701396,-0.18300210229234895,1.1213529647779112,3,1,1,1,1,0,1,1,0,0,0,0,0,0,0,0,1,0,1,0,1,1,0,1,0,1,0,1
0,-0.7961435771031307,-1.4648976059715222,-0.8902985682098018,-1.456752023889399,0,0,1,1,1,0,0,0,1,1,0,1,0,1,0,1,0,1,0,1,0,0,1,0,0,0,1,0
0,0.34584228438127035,0.7854049489200311,0.5976622542701092,0.7961357293125965,2,0,0,1,1,0,1,1,0,0,0,0,1,0,0,0,0,0,1,0,0,0,0,1,0,0,0,0
0,-1.1632104611516882,-0.9942134795603548,-0.9505634741755727,-1.0261735925756819,2,0,0,0,0,1,0,0,0,0,1,0,0,0,1,0,0,0,0,0,0,0,0,0,0,0,1,0
0,-0.347506274377116,-0.3239459779925085,-0.428164680953981,-0.32808950446407775,2,0,1,1,1,0,0,0,0,0,1,0,0,0,0,0,1,0,0,0,0,0,0,0,0,1,0,0
0,-1.1224252518129596,-0.4636543406021835,-0.9092471605321286,-0.6302403555428372,3,0,0,0,0,1,0,0,0,0,0,0,1,0,0,0,0,0,1,0,1,0,0,1,1,0,0,0
0,-1.1224252518129596,-0.029560499636407292,-0.8471072483412148,0.30368799172241107,2,0,0,0,1,0,1,0,0,0,0,0,1,0,0,0,0,0,0,0,1,0,0,1,0,1,0,0
0,-1.285566089167874,0.14008536924676948,-0.9799679835651675,0.1395791767077507,0,0,1,1,1,0,0,1,0,0,0,0,0,0,0,0,0,0,0,0,0,0,0,1,0,0,1,1
0,1.6101837738818572,0.5093146132866255,1.5105255791535281,0.4798609227678907,5,0,1,1,1,0,1,0,0,0,1,0,1,0,1,0,1,0,1,0,0,0,1,0,0,0,0,0
0,-0.347506274377116,-0.5185397687702704,-0.46637069015336435,-0.4477176473956399,1,0,0,0,1,0,0,0,0,0,0,0,0,0,1,0,0,0,0,0,0,0,0,1,1,0,0,0
0,0.38662749371999894,0.647359781103328,0.5652577349202856,0.6679795652157527,5,0,1,0,1,0,1,0,0,0,1,0,0,0,1,0,1,0,1,0,1,0,1,0,1,0,0,0
0,-1.1632104611516882,-1.4915087226590795,-0.9737032568835132,-1.4608961858847187,0,0,0,0,1,0,0,0,1,1,0,1,0,1,0,1,0,1,0,1,0,0,0,0,0,0,1,0
0,1.4470429365269428,1.7400787600861447,2.534830450500737,1.7666015534937682,6,1,0,0,1,0,1,1,0,0,1,0,1,0,1,0,1,0,1,0,1,1,0,1,1,0,0,0
0,0.01956060967144149,-1.489845527866107,-0.7548348831674153,-1.569222068829045,0,0,1,1,1,0,0,0,1,1,0,1,0,1,0,1,0,1,0,1,0,1,0,0,0,0,1,0
0,-0.06200980900601573,1.2827001920187557,0.34239670088947144,1.1281356000300133,4,1,0,0,1,0,1,1,0,0,0,0,1,0,1,0,0,0,1,0,1,1,0,1,0,1,0,1
0,-1.1632104611516882,0.43447084760287097,-0.8756514607569204,0.3811838210348897,1,0,0,0,1,0,1,1,0,0,0,0,1,0,0,0,0,0,0,0,0,0,0,0,0,0,0,1
1,1.4878281458656715,1.4989155151051579,2.3576092738795795,1.5168103344219115,5,1,1,0,1,0,1,1,0,0,0,0,1,0,1,0,1,0,1,0,1,0,1,1,0,1,0,0
1,0.22348665636508452,0.9933042980415715,0.6011696188559648,1.0357651138850983,2,1,0,0,1,0,1,1,0,0,0,0,0,0,0,0,0,0,1,0,1,0,0,0,0,1,0,0
0,-1.2039956704904167,0.5026618341147361,-0.9039971431017283,0.5153165309500708,2,0,1,1,1,0,0,1,0,0,0,0,1,0,0,0,1,0,0,0,0,0,0,1,0,1,0,0
0,0.6313387497523706,0.49101947056393,0.6970375842026855,0.5218781207759938,4,0,1,1,1,0,1,0,0,0,0,0,1,0,0,0,1,0,1,0,1,0,1,0,0,1,0,0
0,-0.7145731584256735,-1.32019965898293,-0.8393204577826798,-1.293969340713241,0,0,1,0,1,0,1,0,1,1,0,1,0,1,0,1,0,1,0,1,0,0,1,0,0,0,1,0
0,-0.30672106503838736,-1.4964983070379965,-0.7777320180109256,-1.4517790294950152,0,0,0,0,1,0,0,0,1,1,0,1,0,1,0,1,0,1,0,1,0,1,0,0,1,0,0,0
1,-1.285566089167874,0.4511027955325942,-0.975842969869853,0.4495624939576648,1,0,0,0,1,0,0,1,0,0,0,0,0,0,0,0,0,0,1,0,0,0,0,0,0,1,0,1
0,0.6313387497523706,-0.6682273001377795,-0.08197235510229353,-0.6977142197633007,3,0,0,0,0,1,0,0,0,0,1,0,1,0,0,0,0,0,1,0,0,0,0,1,0,1,0,0
0,-1.285566089167874,-1.4831927486942178,-1.0014974668091616,-1.4783016662650617,0,1,0,0,1,0,0,0,1,1,0,1,0,1,0,1,0,1,0,1,0,0,0,0,0,0,1,0
0,-1.285566089167874,-1.5197830341396088,-1.0019827625380224,-1.5147702918238748,0,1,0,0,1,0,0,0,1,1,0,1,0,1,0,1,0,1,0,1,0,0,0,0,0,1,0,0
0,0.18270144702635593,0.5043250289077084,0.3215069256517024,0.5539057727371194,2,0,0,0,1,0,0,1,0,0,0,0,1,0,1,0,0,0,0,0,0,1,0,0,0,1,0,0
1,1.3654725178494855,1.4124293858705967,2.1007113621382287,1.3910407508943863,5,1,1,0,1,0,1,1,0,0,0,0,1,0,1,0,1,0,1,0,1,1,0,1,0,0,0,0
0,-0.2659358556996588,-0.5667724177664676,-0.4852310468886258,-0.633275157250179,4,0,1,0,0,1,0,0,0,0,1,0,1,0,1,0,0,0,1,0,0,1,0,0,0,0,0,0
0,1.2431168898332998,0.19663399220782857,0.9522590197897902,0.18983536344464394,4,1,1,0,1,0,0,0,0,0,1,0,1,0,0,0,1,0,1,0,0,1,0,0,1,0,0,0
0,-0.9184992051193165,-1.1771649067873102,-0.8978427109039063,-1.3050756948606979,1,1,0,0,0,1,0,0,0,0,0,0,0,0,1,0,0,0,0,0,0,0,0,0,0,0,1,1
0,-1.2447808798291453,0.19497079741485634,-0.9456443401966682,0.28379601414487665,3,0,0,0,1,0,0,0,0,0,1,0,0,0,0,0,0,0,1,0,1,0,0,1,0,1,0,1
1,-0.5922175304094877,-0.19255358934769493,-0.564400427383191,-0.2891113585858763,2,1,1,0,1,0,0,0,0,0,1,0,0,0,0,0,0,0,0,0,1,0,0,1,1,0,0,0
0,1.2839020991720282,-1.3085572954321238,-0.25385527870598595,-1.2629347475707906,0,0,1,0,1,0,1,0,1,1,0,1,0,1,0,1,0,1,0,1,0,0,1,0,0,0,1,0
1,-0.9592844144580451,0.6506861706892729,-0.6740552032089039,0.6575073336339292,1,0,0,0,1,0,1,1,0,0,0,0,0,0,0,0,0,0,0,0,1,0,0,1,0,1,0,1
0,-0.18436543702220157,-1.48485594348719,-0.7742687712186028,-1.5174343959637233,0,0,0,1,1,0,0,0,1,1,0,1,0,1,0,1,0,1,0,1,0,0,0,0,0,0,1,0
0,-1.285566089167874,0.35463749754019924,-0.9771223858823033,0.35341793566624746,1,0,0,0,1,0,0,1,0,0,0,0,0,0,1,0,0,0,0,0,0,0,0,0,0,1,0,0
0,-1.1632104611516882,0.6906028457206088,-0.8609381766137397,0.6575994261227136,1,1,0,0,1,0,1,1,0,0,0,0,0,0,0,0,0,0,0,0,1,0,0,1,0,1,0,1
1,0.22348665636508452,0.17501245989918865,0.09132233789444753,0.027512311802736982,4,1,0,0,1,0,0,0,0,0,0,0,1,0,1,0,1,0,1,0,0,1,0,1,1,0,0,1
0,1.3654725178494855,1.011599440764267,1.7572322805888072,0.9999574392027312,3,1,1,0,1,0,1,1,0,0,0,0,1,0,1,0,0,0,0,0,1,1,0,0,0,1,0,0
0,-1.285566089167874,0.1783388494851331,-0.9794606289395404,0.17770546706469215,0,0,0,0,1,0,0,1,0,0,0,0,0,0,0,0,0,0,0,0,0,0,0,1,0,1,0,0
0,-0.5922175304094877,-0.4852758729108239,-0.60953293016722,-0.47753259063974535,1,0,1,0,1,0,0,0,0,0,0,0,0,0,0,0,1,0,0,0,0,0,0,1,0,0,1,0
1,0.7536943777685564,1.0947591804128831,1.1571861707495312,1.042648956142752,3,1,0,0,1,0,1,1,0,0,0,0,0,0,1,0,0,0,1,0,1,0,0,1,0,1,0,1
0,-1.285566089167874,-0.6183314563486098,-0.99002684049064,-0.6163159712385632,0,1,0,0,1,0,0,0,0,0,0,0,0,0,0,0,0,0,0,0,0,0,0,0,0,0,1,1
0,-0.8369287864418593,-1.5147934497606919,-0.9167913032262331,-1.564776513234066,0,1,0,1,1,0,0,0,1,1,0,1,0,1,0,1,0,1,0,1,0,0,1,0,0,0,0,0
0,0.34584228438127035,1.377502295218178,0.9498987178357866,1.4417355219103039,4,0,0,0,1,0,1,1,0,0,0,0,1,0,1,0,0,0,1,0,1,0,0,1,0,1,0,1
0,-0.8369287864418593,-1.3268524381548195,-0.8709529157456798,-1.277724225691588,0,1,0,0,1,0,1,0,1,1,0,1,0,1,0,1,0,1,0,1,0,0,0,0,0,1,0,0
0,0.9168352151234709,-1.4831927486942178,-0.5344003277809038,-1.5008760468795668,0,0,1,1,1,0,0,0,1,1,0,1,0,1,0,1,0,1,0,1,0,0,1,0,0,0,1,0
0,-1.0408548331355023,0.34798471836830985,-0.7613422577134996,0.5229733635890422,0,0,0,0,1,0,1,1,0,0,0,0,0,0,0,0,0,0,0,0,0,0,0,1,0,1,0,0
0,-0.8369287864418593,0.8153424551935331,-0.5270767740544631,0.8757204858097078,3,0,0,0,1,0,0,1,0,0,0,0,0,0,1,0,1,0,0,0,1,0,0,1,0,1,0,1
0,1.4470429365269428,0.7687730009903079,1.7080409407997628,0.8529113432197811,6,0,1,1,1,0,1,0,0,0,1,0,1,0,1,0,1,0,1,0,1,0,1,0,1,0,0,0
1,-1.1224252518129596,0.6074431060719927,-0.8136659608433712,0.8062919585147851,1,0,0,0,1,0,1,1,0,0,0,0,0,0,0,0,0,0,1,0,0,0,0,1,1,0,0,1
1,0.6721239590910992,-0.701491195997226,-0.0813105881993019,-0.7263646158979508,0,0,0,0,1,0,0,0,0,0,0,0,0,0,0,0,0,0,0,0,0,0,0,0,0,0,1,0
0,0.30505707504254176,-0.09442509656232799,0.09758706457610174,-0.06965956243594072,5,1,0,0,0,1,0,0,0,0,1,0,1,0,1,0,0,0,1,0,1,1,0,0,1,0,0,0
0,-0.6737879490869448,-1.489845527866107,-0.8698940887008932,-1.4911485684505525,0,0,0,0,1,0,0,0,1,1,0,1,0,1,0,1,0,1,0,1,0,1,0,0,0,0,0,0
0,-0.9184992051193165,0.3080680433369745,-0.6523051309972456,0.5400709919354468,0,1,0,0,1,0,1,1,0,0,0,0,0,0,0,0,0,0,0,0,0,0,0,1,0,0,1,1
0,1.6101837738818572,1.2128460107139178,2.2203588181991156,1.2207219719200726,4,0,1,0,1,0,1,1,0,0,0,0,1,0,1,0,0,0,1,0,1,1,0,1,0,1,0,0
1,-1.2447808798291453,0.6373806123454943,-0.9283722240285867,0.9327717826119424,1,0,0,0,1,0,1,1,0,0,0,0,0,0,0,0,0,0,0,0,1,0,0,1,0,1,0,0
0,-0.3882914837158446,-1.4632344111785498,-0.8101585962575155,-1.4968963409571046,0,1,1,1,1,0,0,0,1,1,0,1,0,1,0,1,0,1,0,1,0,0,1,0,0,0,1,0
1,1.5693985645431285,1.3641967368743997,2.3080649917422726,1.36104465901277,4,0,0,0,1,0,1,1,0,0,0,0,1,0,1,0,0,0,1,0,1,1,0,1,0,1,0,0
0,-0.877713995780588,1.1513078033739421,-0.5441503601516471,1.0342660772973176,3,0,1,0,1,0,1,1,0,0,0,0,0,0,1,0,0,0,1,0,1,0,0,1,0,1,0,1
0,-1.285566089167874,-0.6898488324464196,-0.9909753730515948,-0.687595557558062,0,1,0,0,1,0,0,0,0,0,0,0,0,0,0,0,0,0,0,0,0,0,0,1,0,0,1,1
0,-0.6737879490869448,-0.36552584781681663,-0.6424448041426704,-0.42288721010701597,2,0,0,0,1,0,0,0,0,0,0,0,1,0,0,0,1,0,0,0,0,0,0,1,0,0,1,1
0,-1.285566089167874,0.6839500665487195,-0.9727547243225587,0.6816355656955682,1,0,0,0,1,0,1,1,0,0,0,0,0,0,0,0,0,0,0,0,1,0,0,1,0,0,1,1
0,-0.8369287864418593,0.6706445082049407,-0.5693636791556281,0.6109085343087783,2,1,1,0,1,0,0,1,0,0,0,0,1,0,0,0,0,0,0,0,1,0,0,1,1,0,0,0
0,0.8760500057847422,-0.6915120272393919,0.03500597444985988,-0.6964364364814107,3,0,0,0,0,1,0,0,0,0,1,0,0,0,0,0,1,0,0,0,1,1,0,0,0,0,0,0
0,1.4470429365269428,0.8419535718810901,1.7679308455205052,0.9190960480273871,3,0,1,0,1,0,1,1,0,0,0,0,1,0,1,0,1,0,0,0,0,0,1,0,1,0,0,0
0,-1.1632104611516882,-0.46698073018812825,-0.9047692044885519,-0.1658455623473112,0,0,1,1,1,0,1,0,0,0,0,0,0,0,0,0,0,0,0,0,0,0,0,0,0,0,1,1
0,-1.285566089167874,-0.18922719976175023,-0.9843356451249122,-0.18863845332156956,2,0,0,1,1,0,0,0,0,0,0,0,0,0,1,0,0,0,0,0,1,0,0,0,0,1,0,1
0,-0.22515064636093016,-0.3804946009535674,-0.3656938853115712,-0.3567993378427647,2,1,0,0,1,0,0,0,0,0,1,0,0,0,0,0,1,0,0,0,0,0,0,0,0,0,1,0
0,-0.46986190239330183,-1.4948351122450239,-0.826746886625839,-1.4939310772188386,0,1,0,0,1,0,0,0,1,1,0,1,0,1,0,1,0,1,0,1,0,0,0,1,0,0,1,0
0,-0.7961435771031307,0.6091063008649649,-0.5425400606877009,0.5534853255326047,2,1,0,0,1,0,0,1,0,0,0,0,0,0,1,0,0,0,1,0,0,0,0,1,0,1,0,1
1,1.2839020991720282,0.32469999126669774,1.1377964004918766,0.37110832718376874,4,0,0,0,1,0,1,0,0,0,0,0,1,0,1,0,1,0,0,0,1,0,0,0,1,0,0,0
0,-1.285566089167874,-0.3322619519573701,-0.9862327102468215,-0.3311976259605675,2,0,0,0,1,0,0,0,0,0,1,0,1,0,0,0,0,0,0,0,0,0,0,1,0,1,0,1
0,0.9984056338009281,-0.2457758227228093,0.43041169898735804,-0.2517169611661201,5,1,1,0,0,1,0,0,0,0,0,0,1,0,1,0,1,0,1,0,1,0,1,1,0,0,0,0
0,-0.46986190239330183,1.2976689451555068,-0.01595007708049553,1.4074559380187044,4,0,1,0,1,0,1,1,0,0,1,0,0,0,1,0,0,0,1,0,1,0,0,1,0,1,0,1
0,-0.551432321070759,-1.504814281002858,-0.8524455013586805,-1.5263739454107703,0,1,0,0,1,0,0,0,1,1,0,1,0,1,0,1,0,1,0,1,0,0,1,0,0,0,1,0
0,-0.06200980900601573,0.9617035969750972,0.28652151538021176,0.9926883441055648,3,1,1,0,1,0,0,1,0,0,0,0,0,0,1,0,0,0,1,0,1,1,0,1,0,1,0,0
0,0.7944795871072851,0.8103528708146159,1.0420828474225203,0.8148863129296937,6,1,0,0,1,0,1,0,0,0,1,0,1,0,1,0,1,0,1,0,1,0,1,1,0,0,1,0
0,0.5497683310749134,0.9733459605259037,0.9344574900993152,1.0259613732197401,3,0,0,0,1,0,1,1,0,0,0,0,1,0,1,0,0,0,0,0,1,1,0,1,0,1,0,0
1,-0.877713995780588,-0.3089772248557575,-0.7542172340579565,-0.4008195474819386,1,0,0,0,1,0,1,0,0,0,1,0,0,0,0,0,0,0,0,0,0,0,0,1,0,1,0,0
0,0.8352647964460137,-0.5384981062859381,0.09037380533349282,-0.5904814217432117,4,0,1,1,0,1,0,0,0,0,1,0,1,0,1,0,0,0,0,0,1,0,0,1,0,0,0,0
0,-0.877713995780588,-1.5181198393466364,-0.9309089971567213,-1.6079009141186957,0,0,1,1,1,0,0,0,1,1,0,1,0,1,0,1,0,1,0,1,0,0,0,1,0,0,1,1
1,0.9984056338009281,1.3309328410149532,1.5986508717352466,1.2884572091646271,4,1,0,0,1,0,1,1,0,0,0,0,1,0,0,0,1,0,1,0,1,0,0,1,0,0,0,0
1,-1.2447808798291453,0.3513111079542548,-0.9405707939403991,0.474427465929583,0,0,0,0,1,0,1,1,0,0,0,0,0,0,0,0,0,0,0,0,0,0,0,1,0,0,1,1
1,-1.2447808798291453,-0.3339251467503424,-0.9644826380351633,-0.4240268546557288,2,0,0,0,1,0,0,0,0,0,1,0,1,0,0,0,0,0,0,0,0,0,0,0,0,0,1,1
0,1.5693985645431285,-1.4964983070379965,-0.3975028144487022,-1.5025596060573836,0,0,1,1,1,0,0,0,1,1,0,1,0,1,0,1,0,1,0,1,0,0,1,0,0,0,0,0
0,-1.285566089167874,-1.5131302549677197,-1.0018945269509567,-1.5081396326313634,0,0,1,1,1,0,0,0,1,1,0,1,0,1,0,1,0,1,0,1,0,0,0,1,0,0,1,0
0,1.4470429365269428,-1.325189243361847,-0.29168628666034074,-1.3569996069197034,0,1,1,0,1,0,1,0,1,1,0,1,0,1,0,1,0,1,0,1,0,0,1,0,1,0,0,0
0,1.6101837738818572,0.6506861706892729,1.6512172227295485,0.6267023961353858,6,1,1,0,1,0,0,0,0,0,1,0,1,0,1,0,1,0,1,0,1,0,1,0,0,0,1,0
0,-1.2447808798291453,-1.5164566445536642,-0.9908650785677628,-1.4153104039362019,0,0,0,0,1,0,0,0,1,1,0,1,0,1,0,1,0,1,0,1,0,0,0,0,0,0,1,0
1,-1.285566089167874,1.0049466615923774,-0.9684973572466459,1.0015648717342491,2,1,1,0,1,0,1,1,0,0,0,0,0,0,0,0,0,0,1,0,1,0,0,1,0,1,0,1
0,0.34584228438127035,0.497672249735819,0.45458824984331897,0.5339012444185127,5,0,0,0,1,0,0,0,0,0,1,0,0,0,1,0,1,0,1,0,1,1,0,1,0,0,0,0
0,1.6101837738818572,-1.3085572954321238,-0.18646534908467177,-1.291307867787358,0,1,1,1,1,0,1,0,1,1,0,1,0,1,0,1,0,1,0,1,0,0,1,0,1,0,0,0
0,-1.081640042474231,0.352974302747227,-0.8172174432227595,0.2688770309617256,0,1,1,0,1,0,1,1,0,0,0,0,0,0,0,0,0,0,0,0,0,0,0,1,0,1,0,1
0,-1.1632104611516882,0.29476248499319574,-0.8668720198438981,0.5461214684486138,1,0,1,1,1,0,0,1,0,0,0,0,0,0,1,0,0,0,0,0,0,0,0,1,0,1,0,1
0,-0.8369287864418593,1.0365473626588517,-0.5039369913465225,1.0206280169127198,2,1,0,0,1,0,1,1,0,0,0,0,0,0,0,0,0,0,1,0,1,0,0,1,0,1,0,1
0,1.0391908431396566,0.11680064214515734,0.7420156747093497,0.11925849271690726,3,0,1,0,1,0,1,0,0,0,1,0,0,0,0,0,1,0,0,0,1,1,0,1,0,1,0,0
0,-1.0408548331355023,-1.4715503851434115,-0.9416737387787184,-1.4129423113674477,0,0,0,0,1,0,0,0,1,1,0,1,0,1,0,1,0,1,0,1,0,0,0,0,0,0,1,0
0,1.324687308510757,-0.3239459779925085,0.610059354252819,-0.27782081946084974,2,0,1,0,1,0,0,0,0,0,1,0,0,0,1,0,0,0,0,0,0,0,0,1,0,0,1,0
0,-1.285566089167874,0.18998121303593918,-0.9793062166621758,0.18930912065158711,0,1,0,0,1,0,0,1,0,0,0,0,0,0,0,0,0,0,0,0,0,0,0,1,0,0,1,0
0,0.9576204244621995,-1.4948351122450239,-0.51335614026577,-1.484251498844056,0,1,1,0,1,0,0,0,1,1,0,1,0,1,0,1,0,1,0,1,0,1,0,0,1,0,0,0
0,-1.1632104611516882,-1.5264358133114981,-0.9780488595464918,-1.542536177192517,0,1,0,0,1,0,0,0,1,1,0,1,0,1,0,1,0,1,0,1,0,0,0,0,0,0,1,0
0,1.0391908431396566,-0.6915120272393919,0.054131037946318114,-0.7719935601248142,0,0,1,1,1,0,0,0,0,0,0,0,0,0,0,0,0,0,0,0,0,1,0,1,0,0,1,0
0,1.2023316804945712,1.4207453598354582,2.039277334643839,1.5451185063461816,4,1,1,0,1,0,1,1,0,0,0,0,0,0,1,0,1,0,1,0,1,0,1,1,0,0,0,0
0,-0.2659358556996588,-0.11105704449205123,-0.312531944104577,-0.13412678399851818,2,1,0,0,1,0,1,0,0,0,1,0,1,0,0,0,0,0,0,0,0,1,0,0,0,1,0,0
0,1.2023316804945712,0.8585855198108133,1.4541650979154077,0.8359320745664711,3,1,0,0,1,0,1,1,0,0,1,0,1,0,1,0,0,0,0,0,0,0,0,0,0,0,0,0
0,1.0391908431396566,1.1429918294090806,1.5689595966876888,1.1906815608585972,4,0,1,1,1,0,0,1,0,0,1,0,1,0,0,0,0,0,1,0,1,1,0,0,1,0,0,0
0,1.4470429365269428,0.8918494156702599,1.823982502203896,0.9810390811456658,6,0,1,0,1,0,1,0,0,0,1,0,1,0,1,0,1,0,1,0,1,0,1,1,0,1,0,0
0,1.1615464711558425,1.191224478405278,1.6448422015640622,1.1198025690564526,4,0,1,1,1,0,1,1,0,0,1,0,1,0,1,0,0,0,0,0,1,1,0,1,1,0,0,0
0,0.38662749371999894,0.4511027955325942,0.4778162681383252,0.5115275828400643,4,0,0,0,1,0,1,0,0,0,0,0,0,0,1,0,1,0,1,0,1,0,1,1,1,0,0,0
0,-0.5922175304094877,0.6456965863103559,-0.33196583215576453,0.6812671957404288,1,1,0,0,1,0,1,1,0,0,0,0,0,0,0,0,0,0,1,0,0,0,0,0,0,0,0,0
0,0.9576204244621995,-1.5081406705888027,-0.5337385608779122,-1.5116029680131662,0,0,0,0,1,0,0,0,1,1,0,1,0,1,0,1,0,1,0,1,0,0,1,1,0,0,0,0
0,-1.1632104611516882,0.800373702056782,-0.8537469762678974,0.792699107170136,2,0,0,0,1,0,1,1,0,0,0,0,1,0,0,0,0,0,0,0,1,0,0,1,0,1,0,1
0,-1.1632104611516882,-1.4782031643153006,-0.9739017869544109,-1.4646259316805066,0,0,0,0,1,0,0,0,1,1,0,1,0,1,0,1,0,1,0,1,0,0,0,0,1,0,0,0
0,0.1011310283488987,-0.3089772248557575,-0.12084013120466858,-0.24125747019928606,2,0,0,1,1,0,0,0,0,0,1,0,1,0,0,0,0,0,0,0,0,1,0,0,1,0,0,0
0,1.2839020991720282,0.728856325958972,1.3398117770784543,0.6083097993908801,2,0,1,1,1,0,1,1,0,0,1,0,0,0,0,0,1,0,0,0,0,0,0,1,0,0,0,0
0,-0.06200980900601573,-1.4615712163855774,-0.7090185545836282,-1.4206042366786105,0,0,0,0,1,0,0,0,1,1,0,1,0,1,0,1,0,1,0,1,0,1,0,0,0,0,1,0
1,1.4062577271882142,-1.4915087226590795,-0.45322358768059734,-1.5263244628794825,0,0,1,0,1,0,0,0,1,1,0,1,0,1,0,1,0,1,0,1,0,0,1,1,0,0,0,0
0,-1.1632104611516882,-0.47197031456704513,-0.9437031572812261,-0.897290154521239,1,0,0,0,1,0,0,0,0,0,0,0,1,0,0,0,0,0,0,0,0,0,0,0,1,0,0,1
1,1.5286133552044,1.6219919297851098,2.3930799798799307,1.5024874928028074,6,0,1,0,1,0,1,1,0,0,1,0,1,0,1,0,1,0,1,0,1,0,1,1,0,1,0,0
0,-1.2039956704904167,-0.38215779574653985,-0.9272031024999683,-0.06597125826010648,1,1,0,0,1,0,0,0,0,0,0,0,0,0,0,0,0,0,1,0,0,0,0,0,1,0,0,1
1,0.8352647964460137,1.231141153436614,1.4378194554115145,1.3200241731406281,3,1,1,0,1,0,1,1,0,0,0,0,1,0,0,0,0,0,1,0,1,0,0,1,0,1,0,1
0,-1.2447808798291453,-0.17924803100391637,-0.9528796583360434,0.011938987251903996,3,1,1,1,1,0,0,0,0,0,1,0,1,0,0,0,1,0,0,0,0,0,1,0,0,0,1,0
0,-0.14358022768347295,0.7621202218184184,0.14620487304921997,0.8459158632755522,2,0,1,1,1,0,0,1,0,0,0,0,0,0,0,0,0,0,1,0,1,0,0,1,1,0,0,0
0,0.590553540413642,-0.7646925981301742,-0.18313445567294726,-0.8285323348627219,3,0,0,0,0,1,0,0,0,0,1,0,0,0,1,0,1,0,0,0,0,0,1,0,0,0,1,0
0,1.4470429365269428,0.6024535216930755,1.4979961257902201,0.6207895166348745,1,0,1,1,1,0,1,1,0,0,0,0,0,0,0,0,0,0,1,0,0,1,0,1,0,1,0,1
0,-0.8369287864418593,0.16503329114135434,-0.6409668580593224,0.1625102064151867,3,1,0,1,1,0,0,0,0,0,1,0,0,0,0,0,0,0,1,0,1,0,0,1,0,0,1,0
0,-1.0000696237967737,-0.2856924977541451,-0.8333204378622224,-0.4874325331841203,2,0,1,1,1,0,0,0,0,0,0,0,1,0,0,0,1,0,0,0,0,0,0,0,0,0,0,0
0,0.8760500057847422,1.485609956761379,1.6890923484774358,1.6054153206967223,5,1,1,0,1,0,1,1,0,0,1,0,1,0,1,0,0,0,1,0,1,0,0,0,0,1,0,0
0,1.4878281458656715,0.9068181688070108,1.848776702169316,0.9626457851695074,3,1,1,1,1,0,0,1,0,0,0,0,1,0,0,0,1,0,1,0,0,0,1,1,0,0,1,0
0,-0.2659358556996588,0.15339092759054826,-0.21631103640959426,0.1439783640566286,3,0,0,0,1,0,1,0,0,0,1,0,1,0,0,0,0,0,1,0,0,0,0,1,0,0,0,0
0,1.6101837738818572,1.068148063725326,2.1237629092591037,1.1199037198228228,4,0,1,0,1,0,1,1,0,0,1,0,1,0,1,0,1,0,0,0,0,0,1,1,0,0,0,0
0,1.5286133552044,-0.21750151124227976,0.8487807350586658,-0.15536675273057432,5,0,0,0,0,1,0,0,0,0,1,0,0,0,1,0,1,0,1,0,1,0,1,1,0,0,0,0
0,-1.285566089167874,-0.47529670415298986,-0.9881297753687308,-0.4737567985995652,1,1,0,1,1,0,0,0,0,0,1,0,0,0,0,0,0,0,0,0,0,0,0,0,0,0,1,1
0,-0.9184992051193165,0.8186688447794775,-0.6296727029149319,0.7101474002233678,2,1,0,0,1,0,0,1,0,0,0,0,0,0,0,0,0,0,1,0,1,0,0,1,0,1,0,1
0,-0.18436543702220157,0.18332843386405026,-0.13153869613636657,0.2075434334309942,0,0,1,1,1,0,0,1,0,0,0,0,0,0,0,0,0,0,0,0,0,1,0,1,0,0,0,0
0,-1.285566089167874,0.1633700963483821,-0.9796591590104379,0.16278648388154113,0,1,0,0,1,0,0,1,0,0,0,0,0,0,0,0,0,0,0,0,0,0,0,1,0,1,0,1
0,-0.46986190239330183,0.9783355449048204,-0.15088434860048858,0.9246018632497404,2,0,1,0,1,0,1,1,0,0,0,0,0,0,0,0,0,0,1,0,1,0,0,1,0,1,0,0
1,0.7536943777685564,0.9617035969750972,1.0855609329490705,0.9371109639952769,3,1,1,0,1,0,1,1,0,0,1,0,0,0,1,0,0,0,1,0,0,0,0,1,0,0,0,1
0,0.8352647964460137,-1.5081406705888027,-0.5657901378794733,-1.520837970518909,0,0,1,1,1,0,0,0,1,1,0,1,0,1,0,1,0,1,0,1,0,1,0,0,0,0,0,0
0,0.8352647964460137,1.0332209730729074,1.2117157635560412,0.9994380565215566,4,1,0,1,1,0,0,1,0,0,1,0,1,0,1,0,0,0,0,0,1,1,0,0,0,1,0,0
0,-0.347506274377116,1.2028668419560842,0.04475600682060337,1.1526886458302414,3,1,1,0,1,0,1,1,0,0,0,0,0,0,1,0,0,0,1,0,1,0,0,1,0,1,0,1
0,1.5286133552044,0.9949674928345437,2.0156081384135054,1.0972594924376031,6,0,1,0,1,0,1,0,0,0,1,0,1,0,1,0,1,0,1,0,1,0,1,1,1,0,0,0
0,1.1615464711558425,1.4257349442143754,1.8668649975177538,1.393317260747553,5,1,0,0,1,0,1,1,0,0,1,0,1,0,1,0,0,0,1,0,1,1,0,1,0,1,0,0
0,-0.877713995780588,-0.342241120715204,-0.7378715915540632,-0.2891532188080511,2,0,0,0,1,0,0,0,0,0,1,0,0,0,0,0,1,0,0,0,0,1,0,1,0,0,1,0
0,-1.2447808798291453,0.2132659401375518,-0.9408575595983621,0.4636526447417517,0,1,0,0,1,0,0,1,0,0,0,0,0,0,0,0,0,0,0,0,0,0,0,1,1,0,0,0
0,-0.30672106503838736,-1.509803865381775,-0.7826732108865965,-1.466631706086241,0,1,0,0,1,0,0,0,1,1,0,1,0,1,0,1,0,1,0,1,0,1,0,1,0,0,0,0
0,0.34584228438127035,-0.2856924977541451,0.032491260218491774,-0.23974304612239028,1,0,0,0,1,0,1,0,0,0,0,0,1,0,0,0,0,0,0,0,0,1,0,1,1,0,0,0
0,-0.5922175304094877,0.9916411032485992,-0.26576708295983525,0.9576367545838605,2,1,1,0,1,0,1,1,0,0,0,0,0,0,0,0,0,0,1,0,1,0,0,1,0,1,0,1
1,1.6101837738818572,1.3059849191203683,2.3821828848773348,1.389619596351547,4,1,1,0,1,0,1,1,0,0,0,0,1,0,1,0,0,0,1,0,1,0,1,1,0,0,0,1
0,1.5693985645431285,0.8535959354318963,1.7420778185102992,0.7619972873174862,6,0,1,1,1,0,1,0,0,0,1,0,1,0,1,0,1,0,1,0,1,0,1,1,1,0,0,0
0,0.060345819010170096,-0.13600496638663606,-0.10954597606027816,-0.1601168678243693,3,0,1,1,1,0,0,0,0,0,1,0,1,0,1,0,0,0,0,0,0,1,0,1,0,0,1,0
0,-0.14358022768347295,1.1280230762723296,0.22797720336221886,1.0578111531603813,4,1,0,0,1,0,0,1,0,0,0,0,0,0,1,0,1,0,1,0,1,0,0,1,1,0,0,0
1,0.30505707504254176,1.1064015439636896,0.8057879452609764,1.26082364616145,5,1,1,0,1,0,0,1,0,0,1,0,1,0,1,0,1,0,1,0,0,1,0,1,1,0,0,0
0,0.14191623768762732,-0.9825711160095484,-0.4290029190311037,-0.9375806183646249,2,1,1,0,0,1,0,0,0,0,1,0,0,0,1,0,0,0,0,0,0,1,0,0,0,0,1,0
0,0.5497683310749134,1.2727210232609218,1.0166048216573427,1.1601601494855707,4,0,1,0,1,0,1,1,0,0,0,0,1,0,0,0,1,0,1,0,1,1,0,1,0,1,0,0
0,1.0391908431396566,1.4257349442143754,1.7834161910505095,1.468540477537895,5,0,0,0,1,0,1,1,0,0,1,0,1,0,1,0,0,0,1,0,1,1,0,1,0,1,0,0
0,0.2642718657038131,0.5492312883179613,0.40738221076324943,0.5806455256865466,1,1,0,0,1,0,1,1,0,0,0,0,1,0,0,0,0,0,0,0,0,1,0,0,1,0,0,0
0,-1.1632104611516882,-0.11438343407799567,-0.9091809838418294,-0.24872880225370528,2,1,1,1,1,0,0,0,0,0,0,0,0,0,0,0,1,0,0,0,1,0,0,0,1,0,0,1
0,0.7944795871072851,1.0249049991080457,1.1849142039848803,1.0212974584658097,3,0,1,1,1,0,1,1,0,0,0,0,1,0,1,0,0,0,1,0,0,1,0,1,1,0,0,0
1,1.5286133552044,1.3276064514290082,2.214094091517461,1.3103404617740986,4,1,1,0,1,0,1,1,0,0,0,0,1,0,1,0,0,0,1,0,1,1,0,1,0,1,0,0
1,1.324687308510757,0.20162357658674573,0.999200352108663,0.17206940675105728,0,1,1,0,1,0,0,1,0,0,0,0,0,0,0,0,0,0,0,0,0,1,0,1,0,0,0,0
0,-1.285566089167874,-0.6632377157588624,-0.9906224307033327,-0.6610729207880158,0,1,0,0,1,0,0,0,0,0,0,0,0,0,0,0,0,0,0,0,0,0,0,1,0,0,1,0
0,1.5286133552044,1.0897695960339664,2.070071554529717,1.1557276979601423,3,0,1,0,1,0,1,1,0,0,0,0,0,0,1,0,0,0,1,0,1,1,0,1,0,1,0,0
1,-0.14358022768347295,-0.9725919472517146,-0.5581798184950696,-0.9793445620285691,2,0,1,1,0,1,0,0,0,0,0,0,1,0,1,0,0,0,0,0,0,0,0,1,0,0,1,0
0,-1.285566089167874,0.8535959354318963,-0.970504716852387,0.850717375104612,2,1,0,0,1,0,0,1,0,0,0,0,0,0,0,0,0,0,1,0,1,0,0,1,0,1,0,1
0,1.4062577271882142,0.67729728737683,1.5105255791535281,0.6762172285195979,5,0,0,0,1,0,1,0,0,0,1,0,0,0,1,0,1,0,1,0,1,0,1,1,0,0,1,0
0,-1.285566089167874,-1.509803865381775,-1.0018504091574238,-1.5048243030351076,0,0,0,0,1,0,0,0,1,1,0,1,0,1,0,1,0,1,0,1,0,0,0,1,0,0,1,0
0,-0.2659358556996588,0.7953841176778649,-0.007060341683641277,0.7487709900197471,2,0,0,0,1,0,0,1,0,0,0,0,0,0,0,0,0,0,1,0,1,0,0,1,0,0,0,1
0,-0.10279501834474433,-1.3235260485688747,-0.6621213400582882,-1.2787740800637357,0,0,1,1,1,0,1,0,1,1,0,1,0,1,0,1,0,1,0,1,0,0,1,1,0,0,1,0
0,0.6313387497523706,1.1696029460966375,1.1222007604780404,1.1874996065909265,4,0,1,0,1,0,0,1,0,0,0,0,0,0,1,0,1,0,1,0,1,0,0,1,1,0,0,0
0,0.9168352151234709,-0.30565083526981285,0.37122767896314024,-0.26350462347701786,2,0,1,1,1,0,0,0,0,0,1,0,1,0,0,0,0,0,0,0,0,0,0,0,0,1,0,0
0,-1.0408548331355023,0.6756340925838579,-0.7446216139645778,0.7024747803006042,1,1,0,0,1,0,1,1,0,0,0,0,0,0,0,0,0,0,0,0,1,0,0,1,0,0,1,1
0,0.18270144702635593,0.8735542729475644,0.47598537970671495,0.8676524370962967,2,1,0,0,1,0,1,1,0,0,1,0,0,0,0,0,0,0,1,0,0,0,0,1,0,1,0,0
0,-0.06200980900601573,0.6307278331736048,0.16932259686039425,0.7085859869296472,2,0,1,0,1,0,0,1,0,0,0,0,1,0,0,0,0,0,0,0,1,0,0,1,0,0,0,0
0,-1.1632104611516882,-0.6316370146923883,-0.9223280863145965,-0.4957208571747597,0,1,0,0,1,0,0,0,0,0,0,0,0,0,0,0,0,0,0,0,0,0,0,1,0,1,0,0
0,1.6101837738818572,-1.3235260485688747,-0.22039193231137597,-1.3267174297251452,0,1,1,1,1,0,1,0,1,1,0,1,0,1,0,1,0,1,0,1,0,0,1,1,1,0,0,0
1,-1.1224252518129596,0.881870246912426,-0.8120336024826584,0.8308253975270775,2,1,0,0,1,0,0,1,0,0,0,0,0,0,0,0,0,0,1,0,1,0,0,1,0,1,0,1
0,-1.285566089167874,-1.5031510862098856,-1.0017621735703583,-1.498193643842596,0,1,1,1,1,0,0,0,1,1,0,1,0,1,0,1,0,1,0,1,0,0,0,0,0,0,1,0
1,-0.7145731584256735,0.8851966364983704,-0.3926719160568633,0.943657114786315,2,0,0,0,1,0,0,1,0,0,0,0,0,0,0,0,0,0,1,0,1,0,0,1,0,1,0,0
0,-1.0000696237967737,-0.45201197705137747,-0.8288645407154123,-0.4455764970313912,1,1,1,1,1,0,0,0,0,0,1,0,0,0,0,0,0,0,0,0,0,0,0,1,1,0,0,0
0,0.1011310283488987,-1.4565816320066605,-0.6835405288184505,-1.4494109369262613,0,0,0,0,1,0,0,0,1,1,0,1,0,1,0,1,0,1,0,1,0,1,0,0,0,0,1,0
1,0.9576204244621995,1.325943256636036,1.566621353630452,1.3069008073179835,4,0,0,0,1,0,1,1,0,0,0,0,1,0,1,0,0,0,1,0,1,0,0,0,0,1,0,0
0,0.38662749371999894,1.3725127108392614,0.9804502898572335,1.410850204033919,4,1,1,0,1,0,1,1,0,0,0,0,0,0,1,0,1,0,1,0,1,0,0,1,0,0,0,1
1,1.324687308510757,0.6939292353065533,1.4991652473188384,0.7500843705905716,2,1,1,1,1,0,1,1,0,0,1,0,1,0,0,0,0,0,0,0,0,0,0,1,0,1,0,0
0,-1.2447808798291453,-1.4831927486942178,-0.9963798027593598,-1.622518503702187,0,0,1,1,1,0,0,0,1,1,0,1,0,1,0,1,0,1,0,1,0,1,0,0,0,0,1,0
1,1.324687308510757,1.1928876731982503,1.934254927139068,1.253096377948638,3,1,1,0,1,0,1,1,0,0,1,0,0,0,0,0,0,0,1,0,1,1,0,1,0,1,0,0
0,-0.5922175304094877,0.3080680433369745,-0.4167381724289922,0.3273557613401258,0,0,0,0,1,0,1,1,0,0,0,0,0,0,0,0,0,0,0,0,0,0,0,1,0,1,0,0
0,-0.3882914837158446,0.45442918511853864,-0.1973403851905009,0.505346518033794,4,0,0,0,1,0,1,0,0,0,1,0,0,0,1,0,0,0,1,0,1,1,0,1,0,1,0,0
0,-1.1632104611516882,-0.6515953522080562,-0.9235633845335143,-0.5189281643485502,0,0,0,0,1,0,0,0,0,0,0,0,0,0,0,0,0,0,0,0,0,0,0,1,0,0,1,1
0,1.5286133552044,-1.4981615018309686,-0.3778924552233836,-1.4722393492890509,0,1,1,0,1,0,0,0,1,1,0,1,0,1,0,1,0,1,0,1,0,0,1,0,1,0,0,0
0,-1.1632104611516882,-0.47197031456704513,-0.9157986528717458,-0.3730536621132964,0,0,0,0,1,0,1,0,0,0,0,0,0,0,0,0,0,0,0,0,0,0,0,0,0,1,0,0
0,-0.551432321070759,-0.6615745209658901,-0.6284594635927806,-0.6404829790849537,0,1,0,0,1,0,0,0,0,0,0,0,0,0,0,0,0,0,0,0,0,0,0,1,0,0,0,0
0,-0.5922175304094877,0.4294812632239538,-0.41106903596003064,0.3510235309578405,2,0,0,0,1,0,0,1,0,0,0,0,1,0,1,0,0,0,0,0,0,0,0,0,0,1,0,0
1,0.22348665636508452,0.6174222748298265,0.37799976027042115,0.5944336727624727,2,0,1,0,1,0,0,1,0,0,1,0,0,0,0,0,0,0,0,0,1,0,0,1,0,1,0,0
0,-1.2447808798291453,0.2781305370634725,-0.9526370104716131,0.02105614364160753,0,1,0,0,1,0,1,1,0,0,0,0,0,0,0,0,0,0,0,0,0,0,0,1,1,0,0,1
0,0.590553540413642,0.9949674928345437,0.9906635590600712,1.04822637232836,3,1,0,0,1,0,1,1,0,0,1,0,1,0,0,0,0,0,1,0,0,1,0,0,0,0,0,0
0,0.7944795871072851,-1.489845527866107,-0.5345326811615021,-1.4635420739278844,0,0,1,1,1,0,0,0,1,1,0,1,0,1,0,1,0,1,0,1,0,0,1,0,0,0,0,0
0,-0.9592844144580451,-0.16594247266013784,-0.7711584667745421,-0.1532749376281749,1,1,0,0,1,0,1,0,0,0,0,0,0,0,0,0,0,0,0,0,1,0,0,0,0,0,1,0
0,-0.2659358556996588,0.8386271822951452,0.009792655445878989,0.7974808325493513,6,0,1,0,1,0,1,0,0,0,1,0,1,0,1,0,1,0,1,0,1,1,0,1,1,0,0,0
0,-1.0000696237967737,-0.4603279510162391,-0.8273424768385315,-0.43127913814753827,1,1,1,1,1,0,0,0,0,0,0,0,0,0,1,0,0,0,0,0,0,0,0,1,0,1,0,1
0,0.4681979123974562,0.20162357658674573,0.4235734409897779,0.29784849072900615,4,1,1,0,1,0,0,0,0,0,0,0,1,0,1,0,1,0,1,0,0,1,0,1,0,1,0,0
0,-1.2039956704904167,-1.1871440755451441,-0.9669973522665315,-1.0627803568676724,1,0,0,0,0,1,0,0,0,0,0,0,1,0,0,0,0,0,0,0,0,0,0,0,0,0,1,0
0,-1.2447808798291453,-0.6083522875907758,-0.9716738383810056,-0.6942262167505734,0,1,0,0,1,0,0,0,0,0,0,0,0,0,0,0,0,0,0,0,0,0,0,1,0,0,0,0
0,-0.9592844144580451,0.6806236769627745,-0.6775184500012267,0.6285902921554757,1,0,1,1,1,0,1,1,0,0,0,0,0,0,0,0,0,0,1,0,0,0,0,1,0,0,0,1
1,-1.285566089167874,0.34798471836830985,-0.977210621469369,0.34678727647373586,0,1,0,0,1,0,1,1,0,0,0,0,0,0,0,0,0,0,0,0,0,0,0,1,0,1,0,1
0,-0.30672106503838736,0.3130576277158912,-0.1491637546527103,0.4376273074111441,1,1,0,0,1,0,0,1,0,0,1,0,0,0,0,0,0,0,0,0,0,0,0,0,0,0,0,0
1,-1.2447808798291453,0.14673814841865887,-0.9426002124429067,0.39817488521570055,0,0,1,0,1,0,0,1,0,0,0,0,0,0,0,0,0,0,0,0,0,0,0,1,0,1,0,0
0,0.4274127030587276,0.3429951339893932,0.40069836504303397,0.3148290411795963,1,1,0,0,1,0,0,1,0,0,1,0,0,0,0,0,0,0,0,0,0,0,0,1,0,1,0,1
0,-1.285566089167874,-1.4632344111785498,-1.0012327600479651,-1.4584096886875269,0,0,0,0,1,0,0,0,1,1,0,1,0,1,0,1,0,1,0,1,0,0,0,0,0,0,1,1
0,1.0391908431396566,0.9783355449048204,1.4646210149826753,1.055496138528513,3,0,1,0,1,0,1,1,0,0,0,0,1,0,1,0,0,0,0,0,1,1,0,1,0,1,0,0
0,1.0799760524783852,0.3845750038137013,0.9834502998174622,0.38828508845398846,4,0,1,1,1,0,1,0,0,0,1,0,0,0,1,0,1,0,1,0,0,0,1,1,0,0,1,0
0,0.4681979123974562,-0.3621994582308719,0.0661310777872329,-0.3126242453815437,4,1,0,0,0,1,0,0,0,0,1,0,0,0,1,0,0,0,1,0,1,1,0,1,0,1,0,0
0,1.3654725178494855,1.3093113087063128,2.016291964213264,1.2949213087362745,4,1,0,0,1,0,1,1,0,0,0,0,1,0,0,0,1,0,1,0,1,1,0,1,0,1,0,0
0,1.4470429365269428,-1.4948351122450239,-0.4026425373952705,-1.479618047134163,0,1,1,1,1,0,0,0,1,1,0,1,0,1,0,1,0,1,0,1,0,0,1,0,0,0,0,0
0,-0.9592844144580451,-1.3285156329477916,-0.9265192767002102,-1.4504897346520271,0,1,0,0,0,1,0,0,0,0,0,0,0,0,0,0,0,0,0,0,0,0,0,1,0,1,0,0
0,-0.551432321070759,0.6606653394471068,-0.28164948863163436,0.7311910186080229,2,1,0,0,1,0,1,1,0,0,1,0,0,0,1,0,0,0,0,0,0,0,0,1,0,1,0,0
0,-1.1632104611516882,-1.5014878914169132,-0.975909146560152,-1.5023378058379155,0,1,0,0,1,0,0,0,1,1,0,1,0,1,0,1,0,1,0,1,0,0,0,0,0,0,1,0
0,1.5286133552044,1.6219919297851098,2.492168544154544,1.6088622109912425,6,0,0,0,1,0,1,1,0,0,1,0,1,0,1,0,1,0,1,0,1,0,1,1,0,0,0,0
0,-1.285566089167874,-0.6649009105518348,-0.990644489600099,-0.6627305855861438,0,1,0,0,1,0,0,0,0,0,0,0,0,0,0,0,0,0,0,0,0,0,0,1,0,0,1,0
0,-1.0000696237967737,0.3446583287823654,-0.7560260635928002,0.23862464839589198,0,0,0,0,1,0,1,1,0,0,0,0,0,0,0,0,0,0,0,0,0,0,0,1,0,1,0,0
0,0.8352647964460137,-1.340157996498598,-0.44618679961211966,-1.3512557340009963,0,1,0,0,1,0,1,0,1,1,0,1,0,1,0,1,0,1,0,1,0,0,1,0,0,0,1,0
1,0.7536943777685564,-1.3268524381548195,-0.4542603558286175,-1.331777099403091,0,1,0,0,1,0,1,0,1,1,0,1,0,1,0,1,0,1,0,1,0,1,0,0,0,0,0,0
0,-0.877713995780588,-1.4615712163855774,-0.8925044578864405,-1.3455377856150008,0,1,1,1,1,0,0,0,1,1,0,1,0,1,0,1,0,1,0,1,0,0,0,0,0,0,0,0
0,1.1207612618171139,1.5205370474137978,1.8955195044172917,1.4882828842112308,5,1,1,1,1,0,1,1,0,0,1,0,0,0,1,0,1,0,1,0,1,0,1,1,0,1,0,0
0,-0.6330027397482163,-0.31230361444170224,-0.5983270106098951,-0.3295399611624397,2,1,0,0,1,0,0,0,0,0,1,0,1,0,0,0,0,0,0,0,0,0,0,1,1,0,0,0
0,-1.2039956704904167,-0.7181231439269492,-0.9559017271930385,-0.7848452257148977,0,1,0,0,1,0,0,0,0,0,0,0,0,0,0,0,0,0,0,0,0,0,0,1,0,1,0,1
0,1.5286133552044,1.4839467619684068,2.313667951520935,1.4172361603276593,6,1,1,0,1,0,0,1,0,0,1,0,1,0,1,0,1,0,1,0,1,1,0,1,0,0,0,1
0,-1.285566089167874,-1.511467060174747,-1.0018724680541904,-1.5064819678332353,0,1,0,0,1,0,0,0,1,1,0,1,0,1,0,1,0,1,0,1,0,0,0,0,0,0,1,0
1,0.4274127030587276,0.6639917290330513,0.5979049021345393,0.6594691178136255,1,1,0,0,1,0,1,1,0,0,0,0,0,0,0,0,0,0,1,0,0,0,0,1,0,1,0,0
0,-0.6737879490869448,-1.5064774757958301,-0.8717249771325033,-1.4997477045908407,0,0,1,0,1,0,0,0,1,1,0,1,0,1,0,1,0,1,0,1,0,0,0,0,0,0,1,0
0,0.9984056338009281,-0.3804946009535674,0.3364628576593132,-0.3755765116086928,2,0,1,1,1,0,0,0,0,0,1,0,1,0,0,0,0,0,0,0,0,1,0,0,0,1,0,0
0,0.18270144702635593,-1.499824696623941,-0.7117538577826603,-1.5446530599414774,0,1,1,1,1,0,0,0,1,1,0,1,0,1,0,1,0,1,0,1,0,1,0,0,1,0,0,0
0,1.6101837738818572,1.5704328912029675,2.5039479950277945,1.5167072308746843,6,0,1,0,1,0,1,1,0,0,1,0,1,0,1,0,1,0,1,0,1,0,1,0,1,0,0,0
1,-0.877713995780588,0.6623285342400791,-0.6103711682443428,0.5818742842082355,1,0,0,0,1,0,1,1,0,0,0,0,0,0,0,0,0,0,0,0,1,0,0,1,1,0,0,1
1,0.7129091684298279,1.0032834667994053,1.1463331935404684,1.0902167851381284,3,0,1,0,1,0,1,1,0,0,0,0,1,0,1,0,0,0,1,0,0,0,0,1,0,1,0,1
1,-1.1224252518129596,-0.48361267811785147,-0.9057839137398058,-0.5781896808816217,1,1,0,0,1,0,0,0,0,0,0,0,0,0,1,0,0,0,0,0,0,0,0,0,0,1,0,1
0,-1.285566089167874,0.323036796473725,-0.9775415049208648,0.32192230450181764,0,1,1,0,1,0,1,1,0,0,0,0,0,0,0,0,0,0,0,0,0,0,0,1,0,0,0,1
0,-0.6737879490869448,-1.5031510862098856,-0.8593940538400926,-1.441833040706248,0,1,0,0,1,0,0,0,1,1,0,1,0,1,0,1,0,1,0,1,0,0,0,1,0,0,1,1
1,-1.2447808798291453,0.30973123812994674,-0.948644350156897,0.17107480787218052,1,1,1,0,1,0,0,1,0,0,0,0,0,0,1,0,0,0,0,0,0,0,0,1,0,1,0,0
0,-0.6330027397482163,0.13675897966082504,-0.5216282265531653,0.009501244901715795,3,0,0,0,1,0,1,0,0,0,0,0,0,0,1,0,1,0,1,0,0,0,0,1,0,0,1,0
0,-0.6737879490869448,-1.5147934497606919,-0.8800632401101979,-1.5389100354466123,0,0,0,0,1,0,0,0,1,1,0,1,0,1,0,1,0,1,0,1,0,1,0,0,1,0,0,0
0,-0.7145731584256735,-0.1809112257968886,-0.6166358949259968,-0.17836093157317687,2,0,0,0,1,0,0,0,0,0,0,0,0,0,1,0,0,0,0,0,1,0,0,1,0,1,0,1
0,-0.9184992051193165,-1.499824696623941,-0.9229898532175882,-1.4940494818472763,0,0,0,0,1,0,0,0,1,1,0,1,0,1,0,1,0,1,0,1,0,1,0,1,0,0,1,0
0,0.5497683310749134,1.3409120097727871,1.117281626499136,1.324629326412868,5,0,0,1,1,0,0,1,0,0,1,0,1,0,0,0,1,0,1,0,1,1,0,1,0,0,0,1
0,1.2839020991720282,1.473967593210573,1.9635932598383636,1.340738630038696,5,1,1,1,1,0,1,1,0,0,0,0,1,0,1,0,1,0,1,0,1,0,1,1,1,0,0,0
0,-1.285566089167874,0.4743875226342068,-0.9755341453151235,0.4727698011314552,1,0,0,0,1,0,1,1,0,0,0,0,1,0,0,0,0,0,0,0,0,0,0,1,0,0,1,0
0,-0.30672106503838736,-0.37384182178167824,-0.412458746456313,-0.35380817380703167,2,1,1,1,1,0,0,0,0,0,0,0,1,0,1,0,0,0,0,0,0,1,0,0,0,0,1,0
0,1.5693985645431285,1.1745925304755547,2.169998356881453,1.2149133354707644,5,1,1,1,1,0,0,1,0,0,1,0,1,0,1,0,1,0,1,0,0,0,1,0,1,0,0,0
0,-1.0000696237967737,-0.6565849365869731,-0.8170409720486284,-0.3345129555568233,0,1,0,0,1,0,0,0,0,0,0,0,0,0,0,0,0,0,0,0,0,0,0,1,0,0,1,1
0,1.6101837738818572,1.4556724504878775,2.398241761723266,1.4063804293103956,6,0,1,1,1,0,0,1,0,0,1,0,1,0,1,0,1,0,1,0,1,0,1,1,0,0,0,0
0,0.6721239590910992,-0.8062724679544823,-0.09688416931637164,-0.7502485209485281,2,0,1,0,0,1,0,0,0,0,1,0,0,0,0,0,0,0,1,0,0,0,0,0,0,0,0,0
0,-0.14358022768347295,-0.3172931988206191,-0.28826715766155064,-0.2799243389288188,5,1,1,1,0,1,0,0,0,0,1,0,1,0,1,0,1,0,0,0,1,1,0,1,1,0,0,0
0,1.6101837738818572,1.3542175681165654,2.3343371377910405,1.3396824443079447,5,1,1,0,1,0,1,1,0,0,1,0,1,0,1,0,1,0,0,0,1,0,1,0,0,0,0,0
0,-0.06200980900601573,0.9617035969750972,0.3216833968258335,1.0779243985641402,3,1,1,0,1,0,1,1,0,0,0,0,1,0,1,0,0,0,1,0,0,0,0,0,0,1,0,1
0,0.7129091684298279,1.0249049991080457,1.0762079607201223,0.9848224572731576,2,0,0,0,1,0,1,1,0,0,0,0,0,0,0,0,0,0,1,0,1,0,0,1,0,1,0,0
0,1.5693985645431285,0.6091063008649649,1.6922467707150295,0.7092555298671921,5,1,1,0,1,0,1,0,0,0,1,0,0,0,1,0,1,0,1,0,1,0,1,0,0,1,0,0
1,1.5286133552044,0.8369639875021729,1.7837029567084723,0.8483019206844826,6,1,1,0,1,0,1,0,0,0,1,0,1,0,1,0,1,0,1,0,1,0,1,0,1,0,0,0
0,1.5693985645431285,1.0897695960339664,1.9400784758853946,0.9715634736272868,3,1,0,0,1,0,1,1,0,0,1,0,0,0,0,0,1,0,0,0,1,1,0,0,1,0,0,0
0,1.1615464711558425,0.10515827859435078,0.8240747706803117,0.1086813918639575,4,1,1,1,1,0,0,0,0,0,1,0,1,0,1,0,1,0,0,0,0,0,1,1,0,0,0,0
0,-0.02122459966728712,1.041536947037769,0.3939924604260522,1.146817749670205,3,1,0,0,1,0,0,1,0,0,0,0,0,0,0,0,1,0,1,0,1,0,0,1,0,1,0,1
0,-1.285566089167874,0.48935627577095736,-0.9753356152442261,0.48768878431460577,1,0,0,1,1,0,0,1,0,0,0,0,0,0,0,0,0,0,0,0,1,0,0,1,0,1,0,1
0,1.4470429365269428,1.2377939326085028,2.1436820930391525,1.3343410799584214,4,1,0,0,1,0,1,1,0,0,1,0,1,0,1,0,0,0,0,0,1,0,1,1,0,0,0,0
0,1.2023316804945712,-1.3800746715299337,-0.3797233436549937,-1.3868360005490052,0,1,0,0,1,0,1,0,1,1,0,1,0,1,0,1,0,1,0,1,0,0,1,0,0,0,0,0
0,-1.0408548331355023,0.20494996617269018,-0.8019306277636529,0.08724433093828492,0,0,0,1,1,0,0,1,0,0,0,0,0,0,0,0,0,0,0,0,0,0,0,1,0,1,0,0
0,-0.5106471117320305,0.67729728737683,-0.24523025007032842,0.723906018047829,1,1,0,0,1,0,1,1,0,0,0,0,0,0,0,0,0,0,1,0,0,0,0,1,0,1,0,1
0,-1.081640042474231,-1.511467060174747,-0.9603796832366152,-1.5241637256799327,0,1,1,1,1,0,0,0,1,1,0,1,0,1,0,1,0,1,0,1,0,1,0,0,0,0,1,0
1,0.01956060967144149,-0.1809112257968886,-0.17898738308086634,-0.25790874897667093,5,0,0,0,0,1,0,0,0,0,1,0,1,0,1,0,0,0,1,0,1,0,0,1,0,0,0,0
0,-0.18436543702220157,0.9084813635999831,0.12255773571565248,0.8894948909179607,2,1,1,1,1,0,1,1,0,0,0,0,0,0,0,0,0,0,1,0,1,1,0,0,0,0,0,0
0,-0.22515064636093016,-1.4981615018309686,-0.8030997492922715,-1.5742006445863856,0,1,0,0,1,0,0,0,1,1,0,1,0,1,0,1,0,1,0,1,0,0,1,0,1,0,0,0
0,-1.0408548331355023,-0.6981648064112812,-0.8876294417010687,-0.8327596320226895,0,1,0,0,1,0,0,0,0,0,0,0,0,0,0,0,0,0,0,0,0,0,0,0,0,0,1,0
0,-0.2659358556996588,0.5192937820444593,-0.08892090758370563,0.5121712182561872,1,1,0,0,1,0,1,1,0,0,0,0,0,0,0,0,1,0,0,0,0,0,0,1,0,1,0,1
1,-1.1224252518129596,0.8286480135373113,-0.7887173486005867,1.1812557358513118,2,1,0,0,1,0,1,1,0,0,0,0,1,0,0,0,0,0,0,0,1,0,0,1,0,1,0,1
1,-0.10279501834474433,0.851932740638924,0.13477836452423114,0.7173858698418595,2,1,0,0,1,0,1,1,0,0,1,0,0,0,0,0,0,0,0,0,1,0,0,1,1,0,0,0
0,1.2431168898332998,0.8502695458459517,1.559628683355507,0.9143138166454863,2,1,0,0,1,0,1,1,0,0,0,0,1,0,0,0,0,0,0,0,1,1,0,0,1,0,0,0
0,-1.285566089167874,-0.4703071197740729,-0.9880635986784316,-0.4687838042051816,1,1,0,0,1,0,0,0,0,0,0,0,1,0,0,0,0,0,0,0,0,0,0,1,0,1,0,1
0,0.8352647964460137,0.6556757550681896,0.9526781388283515,0.632155835306166,5,0,0,1,1,0,1,0,0,0,0,0,1,0,1,0,1,0,1,0,1,1,0,1,0,1,0,0
0,-0.7553583677644021,0.8236584291583947,-0.4773560207430254,0.7101710811490551,3,0,1,1,1,0,0,1,0,0,0,0,1,0,0,0,1,0,0,0,1,0,0,1,1,0,0,1
0,-0.46986190239330183,1.139665439823136,-0.1473328662211001,0.9373106267020543,4,0,0,0,1,0,0,1,0,0,0,0,1,0,0,0,1,0,1,0,1,0,0,1,0,0,0,0
0,-0.6330027397482163,-1.4948351122450239,-0.8734235121835152,-1.5455833551302518,0,1,0,0,1,0,0,0,1,1,0,1,0,1,0,1,0,1,0,1,0,1,0,0,0,0,1,0
0,-0.6737879490869448,-1.4765399695223285,-0.8822691297868367,-1.5492704404349116,0,1,1,1,1,0,0,0,1,1,0,1,0,1,0,1,0,1,0,1,0,0,1,0,0,0,1,0
0,0.1011310283488987,-0.09276190176935552,-0.08570030865581316,-0.16581004095878013,2,0,0,0,1,0,0,0,0,0,0,0,0,0,1,0,0,0,0,0,1,0,0,1,0,1,0,0
1,-0.02122459966728712,0.4860298861850129,0.16528581875214526,0.6097343550767712,1,0,0,0,1,0,0,1,0,0,0,0,0,0,0,0,0,0,0,0,1,0,0,1,0,1,0,0
0,-0.18436543702220157,-1.5081406705888027,-0.7705408176650833,-1.5074292048607372,0,0,1,1,1,0,0,0,1,1,0,1,0,1,0,1,0,1,0,1,0,0,0,1,0,0,0,0
0,-1.285566089167874,-1.4815295539012454,-1.0014754079123953,-1.4766440014669335,0,0,0,0,1,0,0,0,1,1,0,1,0,1,0,1,0,1,0,1,0,0,0,1,0,0,1,0
0,1.0799760524783852,-0.4387064187075987,0.3156392591118434,-0.4622936250803079,3,1,0,0,0,1,0,0,0,0,0,0,0,0,0,0,1,0,1,0,1,0,0,1,0,1,0,0
0,1.6101837738818572,-1.3834010611158785,-0.2943554131690736,-1.4039139584490727,0,0,1,1,1,0,1,0,1,1,0,1,0,1,0,1,0,1,0,1,0,1,0,1,0,0,0,0
0,0.14191623768762732,0.017008954566817946,0.09178557472654175,0.14952516549651834,3,1,0,0,1,0,0,0,0,0,0,0,1,0,0,0,1,0,0,0,1,1,0,1,0,0,1,1
0,0.30505707504254176,0.00702978580898363,0.13043276186125283,-0.007952990325630394,3,0,0,0,1,0,0,0,0,0,1,0,1,0,0,0,0,0,1,0,0,0,0,0,0,0,1,0
0,0.30505707504254176,0.542578509146072,0.44203673758324447,0.5774513331332309,1,1,1,1,1,0,1,1,0,0,0,0,0,0,1,0,0,0,0,0,0,0,0,1,0,1,0,0
0,-0.9592844144580451,0.2664881735126664,-0.7230700718238171,0.24824831347391207,4,0,0,1,1,0,0,0,0,0,0,0,0,0,1,0,1,0,1,0,1,0,0,1,0,0,1,1
0,1.2431168898332998,0.3197104068877806,1.0518549386900304,0.30863467397714195,5,1,1,1,1,0,0,0,0,0,1,0,1,0,1,0,1,0,1,0,0,0,1,0,1,0,0,0
0,-1.2039956704904167,0.5192937820444593,-0.9079456856229119,0.41640919799510717,1,0,0,0,1,0,0,1,0,0,0,0,0,0,0,0,0,0,1,0,0,0,0,1,0,1,0,0
0,0.30505707504254176,-0.1526369143163593,0.06977079575368686,-0.12191744519692248,5,1,1,1,0,1,0,0,0,0,0,0,1,0,1,0,1,0,1,0,1,1,0,0,0,0,1,0
0,-1.0000696237967737,0.3363423548175038,-0.7201141796571212,0.5759594348149157,1,1,1,0,1,0,0,1,0,0,1,0,0,0,0,0,0,0,0,0,0,0,0,1,0,0,1,0
1,0.060345819010170096,0.8402903770881179,0.36990414515715697,0.899569731802381,3,1,1,0,1,0,0,1,0,0,1,0,0,0,0,0,1,0,1,0,0,1,0,0,0,0,1,0
0,-1.1224252518129596,-0.8278940002631224,-0.9118721692473288,-0.669692777738281,3,1,0,0,0,1,0,0,0,0,1,0,0,0,1,0,1,0,0,0,0,0,0,0,0,0,1,1
1,-0.9592844144580451,1.14964460858097,-0.6048343851559794,1.23547979324785,3,1,0,0,1,0,1,1,0,0,0,0,1,0,0,0,0,0,1,0,1,0,0,1,1,0,0,1
0,-0.9592844144580451,0.13842217445379726,-0.7219450680887314,0.25764174732997,3,1,1,0,1,0,1,0,0,0,0,0,1,0,1,0,0,0,0,0,1,0,0,1,1,0,0,0
0,-0.06200980900601573,-0.17259525183202698,-0.20508305795550294,-0.19901222657436984,1,1,1,1,1,0,1,0,0,0,0,0,0,0,0,0,0,0,0,0,1,0,0,0,0,0,0,0
0,0.7129091684298279,-1.4981615018309686,-0.5943784680887118,-1.5259761058592192,0,0,1,0,1,0,0,0,1,1,0,1,0,1,0,1,0,1,0,1,0,1,0,1,0,0,0,0
0,-1.2447808798291453,0.7105611832362765,-0.9303134069440289,0.8598345314943154,3,0,0,0,1,0,0,1,0,0,1,0,1,0,0,0,1,0,0,0,0,0,0,1,0,1,0,1
0,-1.285566089167874,-0.6399529886572499,-0.9903136061486032,-0.6378656136142256,0,0,0,0,1,0,0,0,0,0,0,0,0,0,0,0,0,0,0,0,0,0,0,1,0,1,0,1
0,-1.0000696237967737,0.17334926510621596,-0.7672099242533588,0.13357014181453739,0,1,0,0,1,0,0,1,0,0,0,0,0,0,0,0,0,0,0,0,0,0,0,1,0,0,1,1
0,-0.9592844144580451,-0.8029460783685376,-0.8518940289395208,-0.8273919555335134,2,0,0,0,0,1,0,0,0,0,0,0,1,0,0,0,0,0,0,0,1,0,0,0,0,1,0,0
1,-1.2447808798291453,0.17667565469216087,-0.9592987972950623,-0.22925124087570273,0,0,0,0,1,0,0,1,0,0,0,0,0,0,0,0,0,0,0,0,0,0,0,1,0,0,0,1
0,-1.2039956704904167,-0.3172931988206191,-0.9375707839801705,-0.32567207663347464,2,0,0,0,1,0,0,0,0,0,1,0,1,0,0,0,0,0,0,0,0,0,0,0,0,1,0,1
0,-0.30672106503838736,1.0249049991080457,0.021175046177334882,0.9496468102568837,3,1,1,0,1,0,0,1,0,0,0,0,0,0,0,0,1,0,1,0,1,0,0,1,1,0,0,0
1,-1.285566089167874,-0.6183314563486098,-0.99002684049064,-0.6163159712385632,0,1,0,0,1,0,0,0,0,0,0,0,0,0,0,0,0,0,0,0,0,0,0,0,0,1,0,0
0,0.5089831217361848,0.5459048987320164,0.5518018078927892,0.45755612198419254,5,0,1,1,1,0,1,0,0,0,1,0,1,0,1,0,1,0,1,0,0,0,0,0,0,0,1,0
1,0.7536943777685564,0.6423701967244113,0.8186923998693132,0.5438868712942748,2,1,1,1,1,0,1,1,0,0,0,0,1,0,1,0,0,0,0,0,0,0,0,1,0,1,0,1
0,0.9168352151234709,-1.4931719174520517,-0.5307826687112163,-1.495933191845149,0,0,1,1,1,0,0,0,1,1,0,1,0,1,0,1,0,1,0,1,0,0,0,0,1,0,0,0
0,0.22348665636508452,0.041956876461402795,0.10237384517440781,0.04936731348331772,3,0,0,0,1,0,1,0,0,0,1,0,1,0,1,0,0,0,0,0,0,0,0,1,0,0,0,0
0,-1.2447808798291453,-0.6333002094853606,-0.9747179661347671,-0.8086050878213974,0,1,0,0,1,0,0,0,0,0,0,0,0,0,0,0,0,0,0,0,0,0,0,0,0,0,1,1
0,0.22348665636508452,-1.5064774757958301,-0.6939964458857183,-1.5255014902538608,0,1,1,1,1,0,0,0,1,1,0,1,0,1,0,1,0,1,0,1,0,0,0,0,0,1,0,0
0,0.060345819010170096,-0.5019078208405472,-0.24536260345092673,-0.46030046082652715,1,1,0,0,1,0,0,0,0,0,0,0,1,0,0,0,0,0,0,0,0,0,0,1,0,1,0,0
0,1.5286133552044,1.2261515690576967,2.1083657993161653,1.196837784953714,3,0,1,0,1,0,1,1,0,0,0,0,0,0,1,0,0,0,1,0,1,1,0,1,0,1,0,0
0,-0.7961435771031307,-0.3239459779925085,-0.6827022907413277,-0.25673022272159196,2,0,0,0,1,0,0,0,0,0,1,0,0,0,0,0,1,0,0,0,0,1,0,0,0,0,1,0
0,0.2642718657038131,0.3446583287823654,0.3208672176454772,0.41394395291071195,0,1,0,0,1,0,1,1,0,0,0,0,0,0,0,0,0,0,0,0,0,0,0,0,0,1,0,1
0,1.1615464711558425,1.299332139948479,1.8232324997138394,1.3395654415558,4,0,0,0,1,0,1,1,0,0,0,0,1,0,1,0,0,0,1,0,1,1,0,1,0,1,0,0
0,-0.8369287864418593,1.1729293356825825,-0.4967899087942129,1.0653849664621724,3,0,0,0,1,0,1,1,0,0,0,0,0,0,1,0,0,0,1,0,1,0,0,1,0,0,0,1
0,0.34584228438127035,1.1562973877528593,0.8514719204641653,1.2613330748555087,4,1,0,0,1,0,0,1,0,0,0,0,1,0,0,0,1,0,1,0,1,0,1,1,1,0,0,0
0,-0.46986190239330183,0.2930992902002235,-0.32278933110094726,0.3094503503063794,0,1,0,0,1,0,1,1,0,0,0,0,0,0,0,0,0,0,0,0,0,0,0,1,0,1,0,0
1,0.9168352151234709,-0.4935918468756855,0.19989622777860738,-0.49759703233264097,3,1,0,0,0,1,0,0,0,0,0,0,0,0,1,0,0,0,1,0,1,1,0,1,0,0,0,0
0,1.4878281458656715,-0.15430010910933153,0.7787437378253851,-0.20271659204190215,5,1,1,0,0,1,0,0,0,0,1,0,0,0,1,0,1,0,1,0,1,0,1,0,0,0,0,0
1,-0.2659358556996588,1.3592071524954825,0.18524912032572607,1.3045987480997039,4,1,1,1,1,0,1,1,0,0,0,0,1,0,1,0,0,0,1,0,1,0,0,0,0,1,0,1
1,1.4878281458656715,0.7454882738886952,1.6611216673776565,0.7582725324495962,3,0,1,0,1,0,0,1,0,0,1,0,1,0,0,0,0,0,0,0,1,1,0,0,1,0,0,0
1,-0.5922175304094877,-0.5501404698367444,-0.6527904267261061,-0.6581259611468996,3,0,1,0,0,1,0,0,0,0,0,0,0,0,1,0,0,0,1,0,1,0,0,1,0,1,0,1
0,0.590553540413642,-0.3538834842660103,0.10934445655258618,-0.36089451447170967,1,1,1,1,1,0,1,0,0,0,0,0,1,0,0,0,0,0,0,0,0,0,0,0,0,1,0,0
0,1.6101837738818572,0.6789604821698023,1.6936144223145453,0.6709528369965219,6,0,1,1,1,0,0,0,0,0,1,0,1,0,1,0,1,0,1,0,1,0,1,0,0,0,0,0
1,0.01956060967144149,-0.4952550416686578,-0.2380169908277197,-0.3923302944248594,4,1,1,0,0,1,0,0,0,0,0,0,1,0,1,0,1,0,1,0,0,0,0,1,0,1,0,0
0,-1.2447808798291453,-1.3468107756704872,-0.9943283253600856,-1.5454370905892407,0,0,1,1,0,1,0,0,0,0,0,0,0,0,0,0,0,0,0,0,0,0,0,1,0,0,1,1
0,1.6101837738818572,0.8669014937756749,1.9244607769747917,0.9118898107799698,6,0,1,1,1,0,1,0,0,0,1,0,1,0,1,0,1,0,1,0,1,0,1,0,1,0,0,0
1,0.18270144702635593,0.24486664120402604,0.12577833464354496,0.1563798334455333,0,1,1,0,1,0,0,1,0,0,0,0,0,0,0,0,0,0,0,0,0,0,0,1,0,0,0,0
1,1.2023316804945712,1.038210557451824,1.645151026118792,1.0674169426663296,3,0,1,1,1,0,1,1,0,0,0,0,1,0,1,0,0,0,0,0,1,0,0,1,1,0,0,0
0,1.5693985645431285,-1.4981615018309686,-0.4018042993181478,-1.5071123474043546,0,0,1,0,1,0,0,0,1,1,0,1,0,1,0,1,0,1,0,1,0,0,1,0,1,0,0,0
0,-0.3882914837158446,-0.3189563936135916,-0.44389267434841534,-0.30020650147382877,2,1,0,1,1,0,0,0,0,0,0,0,1,0,0,0,1,0,0,0,0,0,0,1,0,0,0,0
0,-0.6737879490869448,-1.489845527866107,-0.8797985333490012,-1.5376667868480163,0,0,0,0,1,0,0,0,1,1,0,1,0,1,0,1,0,1,0,1,0,1,0,0,0,0,1,0
0,-0.9592844144580451,0.15339092759054826,-0.7222538926434607,0.2550631576439931,4,1,0,0,1,0,0,0,0,0,1,0,0,0,1,0,1,0,1,0,0,0,0,1,0,0,1,0
0,-0.6330027397482163,-1.3218628537759025,-0.8284233627800844,-1.346663579354906,0,1,1,1,1,0,1,0,1,1,0,1,0,1,0,1,0,1,0,1,0,0,1,1,0,0,1,0
0,-1.1632104611516882,-1.4615712163855774,-0.9727326654257923,-1.442661873105312,0,0,0,0,1,0,0,0,1,1,0,1,0,1,0,1,0,1,0,1,0,0,0,0,0,0,0,1
1,-1.285566089167874,-0.5102237948054088,-0.9885930122008248,-0.5085677593602509,1,0,1,0,1,0,0,0,0,0,1,0,0,0,0,0,0,0,0,0,0,0,0,1,0,1,0,1
0,-0.347506274377116,0.49101947056393,-0.15955349502967886,0.5129681724860561,1,0,1,0,1,0,1,1,0,0,0,0,0,0,1,0,0,0,0,0,0,0,0,1,0,0,1,0
1,-1.285566089167874,0.21160274534457957,-0.9790194510042127,0.21085876302724976,0,0,0,0,1,0,0,1,0,0,0,0,0,0,0,0,0,0,0,0,0,0,0,1,0,1,0,0
1,1.6101837738818572,1.6269815141640265,2.450940466098165,1.4613826682371667,6,1,0,0,1,0,1,1,0,0,1,0,1,0,1,0,1,0,1,0,1,0,1,0,0,0,0,0
0,1.6101837738818572,-1.3418211912915703,-0.2380831675180188,-1.345181973726514,0,0,1,0,1,0,1,0,1,1,0,1,0,1,0,1,0,1,0,1,0,0,1,0,0,1,0,0
0,-0.877713995780588,-1.5031510862098856,-0.9150707092784551,-1.499700611840894,0,0,0,1,1,0,0,0,1,1,0,1,0,1,0,1,0,1,0,1,0,0,0,0,1,0,0,0
0,-0.9592844144580451,-1.48485594348719,-0.9317031174403113,-1.4937732043809218,0,1,0,0,1,0,0,0,1,1,0,1,0,1,0,1,0,1,0,1,0,0,0,0,0,0,1,1
1,-1.2447808798291453,-0.49026545728974086,-0.9596737985400908,-0.24334139165978985,1,0,1,0,1,0,0,0,0,0,0,0,1,0,0,0,0,0,0,0,0,0,0,0,1,0,0,1
1,1.1207612618171139,1.1845716992333886,1.6494083931947046,1.1800401149993511,3,0,1,0,1,0,1,1,0,0,0,0,0,0,1,0,0,0,1,0,1,1,0,1,1,0,0,0
1,-0.14358022768347295,1.031557778279935,0.20066828916543095,0.9870460145368531,3,1,1,0,1,0,1,1,0,0,0,0,1,0,1,0,0,0,0,0,1,0,0,1,0,1,0,1
0,0.6721239590910992,0.31804721209480835,0.631566778600047,0.36691606330814597,4,0,0,0,1,0,0,0,0,0,0,0,0,0,1,0,1,0,1,0,1,0,1,1,0,0,0,0
1,-0.10279501834474433,1.3043217243273957,0.36650707505513314,1.2978448266529725,4,0,0,0,1,0,1,1,0,0,0,0,1,0,1,0,0,0,1,0,1,0,0,1,0,1,0,0
0,0.8352647964460137,-1.524772618518526,-0.5734886928509426,-1.5317535368311095,0,0,1,0,1,0,0,0,1,1,0,1,0,1,0,1,0,1,0,1,0,1,0,0,1,0,0,0
0,0.2642718657038131,-1.3268524381548195,-0.567356319549887,-1.2975311948179362,0,1,0,1,1,0,1,0,1,1,0,1,0,1,0,1,0,1,0,1,0,0,1,0,0,0,1,0
0,-0.9592844144580451,-1.524772618518526,-0.9409016773918949,-1.5705783400275135,0,0,0,0,1,0,0,0,1,1,0,1,0,1,0,1,0,1,0,1,0,0,0,0,0,0,1,0
0,0.2642718657038131,0.5658632362476846,0.41002927837521597,0.5857460327577091,2,1,0,0,1,0,0,1,0,0,0,0,0,0,1,0,1,0,0,0,0,1,0,0,0,1,0,0
1,-1.0000696237967737,0.16004370676243765,-0.7577245986438121,0.22266962471391102,0,1,0,0,1,0,0,1,0,0,0,0,0,0,0,0,0,0,0,0,0,0,0,1,0,1,0,0
0,0.7536943777685564,0.8402903770881179,0.9990459398312984,0.8096332906961093,2,0,1,1,1,0,1,1,0,0,0,0,0,0,1,0,0,0,0,0,1,1,0,1,0,1,0,0
0,1.5693985645431285,-1.315210074604013,-0.19535508448152603,-1.2886041101412722,0,1,1,1,1,0,1,0,1,1,0,1,0,1,0,1,0,1,0,1,0,0,1,0,1,0,0,0
1,1.5693985645431285,-1.3384948017056257,-0.2310022616560084,-1.3263334948423238,0,1,0,0,1,0,1,0,1,1,0,1,0,1,0,1,0,1,0,1,0,0,1,1,0,0,1,0
1,1.5286133552044,-1.5081406705888027,-0.3654291785503746,-1.4588596262755904,0,0,1,0,1,0,0,0,1,1,0,1,0,1,0,1,0,1,0,1,0,0,1,1,1,0,0,0
1,-1.285566089167874,-1.3185364641899577,-0.9993136360292894,-1.314192851250401,0,0,0,0,0,1,0,0,0,0,0,0,0,0,0,0,0,0,0,0,0,0,0,0,0,1,0,1
0,0.22348665636508452,-0.16261608307419315,-0.04286193113548843,-0.23784492417126069,5,1,1,0,0,1,0,0,0,0,1,0,1,0,0,0,1,0,1,0,1,0,1,1,0,0,0,0
0,-0.18436543702220157,0.8319744031232563,0.06315312672377058,0.73006305872659,3,0,1,0,1,0,0,1,0,0,0,0,1,0,1,0,0,0,0,0,1,0,0,0,1,0,0,0
0,-0.02122459966728712,-1.5131302549677197,-0.7275921456609266,-1.4870562084801742,0,0,1,0,1,0,0,0,1,1,0,1,0,1,0,1,0,1,0,1,0,0,0,0,0,0,0,0
1,0.6721239590910992,-0.5019078208405472,0.0476677811937665,-0.5285612266193034,1,1,1,0,1,0,0,0,0,0,0,0,1,0,0,0,0,0,0,0,0,0,1,0,0,0,1,0
0,0.18270144702635593,-1.3567899444283211,-0.6302241753340917,-1.3790657871338925,0,0,1,1,1,0,1,0,1,1,0,1,0,1,0,1,0,1,0,1,0,0,1,1,0,0,0,0
0,-0.9184992051193165,-0.3538834842660103,-0.7532466426002354,-0.21847641968787163,2,0,0,0,1,0,0,0,0,0,0,0,0,0,1,0,1,0,0,0,0,0,0,0,0,1,0,0
0,1.4062577271882142,1.4972523203121855,2.2244397141008974,1.4769435498122956,5,1,1,0,1,0,1,1,0,0,1,0,1,0,1,0,0,0,1,0,1,1,0,0,1,0,0,0
0,-1.0408548331355023,-0.9775815316306314,-0.9003574251352745,-0.9693985732398019,2,1,0,0,0,1,0,0,0,0,0,0,0,0,1,0,1,0,0,0,0,1,0,1,1,0,0,0
0,0.7536943777685564,0.7538042478535568,0.964214941837172,0.7583106884168163,2,0,0,0,1,0,0,1,0,0,0,0,0,0,0,0,0,0,1,0,1,1,0,0,1,0,0,0
0,-0.9592844144580451,-0.6565849365869731,-0.8267248277290725,-0.6172368961264121,0,0,0,0,1,0,0,0,0,0,0,0,0,0,0,0,0,0,0,0,0,0,0,0,0,1,0,1
0,-0.9592844144580451,0.7820785593340867,-0.6625404590968496,0.753651891925346,2,0,0,0,1,0,0,1,0,0,0,0,0,0,0,0,0,0,1,0,1,0,0,1,0,0,1,0
0,-1.1632104611516882,-0.4686439249811007,-0.9212030825795107,-0.4745856309986291,1,1,0,0,1,0,0,0,0,0,0,0,0,0,0,0,1,0,0,0,0,0,0,1,0,0,1,0
0,1.5693985645431285,1.134675855444219,2.075409807547183,1.1147997206204499,4,1,1,0,1,0,1,1,0,0,1,0,1,0,1,0,0,0,1,0,0,0,1,1,0,1,0,0
0,0.7129091684298279,0.6490229758963008,0.8055011796030132,0.5779652092206502,1,0,1,1,1,0,1,1,0,0,0,0,0,0,0,0,0,0,1,0,0,0,0,1,0,0,0,1
1,-0.347506274377116,1.053179310588575,-0.01186918117871382,0.975387581797146,3,0,1,1,1,0,0,1,0,0,0,0,0,0,1,0,0,0,1,0,1,0,1,1,0,1,0,0
0,-0.4290766930545732,-0.17093205703905476,-0.4041204834786185,-0.08021210584402329,2,1,1,0,1,0,0,0,0,0,1,0,0,0,0,0,0,0,1,0,0,1,0,1,0,0,0,0
0,0.4681979123974562,1.5504745536872997,1.1580023499298873,1.552173304112408,5,1,0,0,1,0,1,1,0,0,1,0,1,0,1,0,0,0,1,0,1,0,0,1,0,1,0,0
0,0.01956060967144149,-1.3518003600494042,-0.6405256801239947,-1.308918463256358,0,0,1,1,1,0,1,0,1,1,0,1,0,1,0,1,0,1,0,1,0,0,0,0,0,0,0,0
0,-1.285566089167874,0.33966874440344824,-0.9773209159532009,0.33849895248309647,0,0,0,0,1,0,1,1,0,0,0,0,0,0,0,0,0,0,0,0,0,0,0,1,0,1,0,1
0,0.8760500057847422,0.17501245989918865,0.6288094165042485,0.12990946538533835,2,0,1,0,1,0,1,0,0,0,0,0,0,0,0,0,0,0,1,0,1,1,0,1,1,0,0,1
0,0.38662749371999894,1.2261515690576967,0.8748984688300687,1.2219948216757779,3,1,0,0,1,0,1,1,0,0,0,0,1,0,0,0,0,0,1,0,1,0,0,1,0,1,0,1
0,-1.285566089167874,-0.634963404278333,-0.9902474294583039,-0.632892619219842,0,0,0,0,1,0,0,0,0,0,0,0,0,0,0,0,0,0,0,0,0,0,0,0,0,1,0,1
0,-1.285566089167874,-1.4765399695223285,-1.0014092312220961,-1.4716710070725498,0,0,0,0,1,0,0,0,1,1,0,1,0,1,0,1,0,1,0,1,0,0,0,0,0,0,1,0
0,-0.10279501834474433,0.18332843386405026,-0.10835479563489321,0.1083598230096757,4,1,0,0,1,0,0,0,0,0,1,0,1,0,0,0,1,0,1,0,0,1,0,0,0,1,0,0
0,-1.285566089167874,-1.1422378161348916,-0.9969753929720522,-1.1384803826488459,1,0,0,0,0,1,0,0,0,0,0,0,0,0,0,0,1,0,0,0,0,0,0,0,0,0,1,0
0,-0.6737879490869448,0.665654923826024,-0.39357633082428517,0.7459736806729065,5,1,1,1,1,0,1,0,0,0,1,0,1,0,0,0,1,0,1,0,1,0,0,0,0,1,0,0
0,-1.285566089167874,-1.489845527866107,-1.0015857023962274,-1.484932325457573,0,1,0,0,1,0,0,0,1,1,0,1,0,1,0,1,0,1,0,1,0,0,0,1,0,0,1,1
0,-0.9592844144580451,-0.8062724679544823,-0.8653278970702509,-0.9395606068735001,2,1,1,0,0,1,0,0,0,0,0,0,0,0,0,0,1,0,1,0,0,0,0,0,0,0,1,1
1,0.5497683310749134,1.2012036471631118,1.054281417334333,1.2217099641638849,3,1,1,0,1,0,1,1,0,0,0,0,0,0,1,0,0,0,1,0,1,0,0,1,0,1,0,1
0,-1.285566089167874,0.14008536924676948,-0.9799679835651675,0.1395791767077507,0,1,0,0,1,0,0,1,0,0,0,0,0,0,0,0,0,0,0,0,0,0,0,1,0,1,0,1
0,1.5693985645431285,-0.3455675103011487,0.6564050963589992,-0.387091281266457,2,1,1,0,1,0,0,0,0,0,1,0,0,0,0,0,1,0,0,0,0,0,1,0,0,0,0,0
0,0.4274127030587276,0.34798471836830985,0.38428654584884164,0.2861475851375697,0,1,0,0,1,0,1,1,0,0,0,0,0,0,0,0,0,0,0,0,0,0,0,1,1,0,0,0
0,0.7129091684298279,-0.6798696636885856,-0.04495752632829526,-0.7002269633197965,3,1,1,0,0,1,0,0,0,0,1,0,0,0,0,0,1,0,1,0,0,1,0,1,0,0,0,0
0,-0.7961435771031307,0.3363423548175038,-0.5695180914329928,0.39753732183180507,0,0,0,0,1,0,1,1,0,0,0,0,0,0,0,0,0,0,0,0,0,0,0,1,0,0,1,1
0,-0.551432321070759,1.1679397513036653,-0.17722267133955533,1.1442112898889383,4,1,1,1,1,0,0,1,0,0,0,0,1,0,0,0,1,0,1,0,1,1,0,0,0,0,0,1
0,0.34584228438127035,1.1030751543777446,0.7501112898226139,1.0755533249189815,3,0,0,0,1,0,1,1,0,0,0,0,0,0,1,0,0,0,1,0,1,0,0,0,0,0,0,0
1,-1.285566089167874,0.20827635575863512,-0.9790635687977455,0.2075434334309942,0,0,0,0,1,0,0,1,0,0,0,0,0,0,0,0,0,0,0,0,0,0,0,1,0,1,0,1
0,-0.347506274377116,-0.357209873851955,-0.4632824446060701,-0.43804793607322706,4,0,0,0,0,1,0,0,0,0,0,0,1,0,1,0,0,0,1,0,1,0,0,1,1,0,0,1
0,0.30505707504254176,-0.032886889222351987,0.1520504806923127,0.03265979722850251,2,0,1,0,1,0,1,0,0,0,0,0,1,0,0,0,0,0,1,0,0,1,0,0,0,0,0,0
0,-1.2039956704904167,0.14174856403974218,-0.9067765640942933,0.4456946094286995,3,0,1,1,1,0,1,0,0,0,0,0,1,0,1,0,0,0,1,0,0,0,0,1,0,0,0,0
0,0.18270144702635593,-0.0079389673277669,0.025366236562948532,-0.04755773847549688,2,0,0,0,1,0,1,0,0,0,1,0,0,0,0,0,0,0,1,0,0,1,0,0,0,0,0,0
0,1.4062577271882142,1.4589988400738219,2.146704161896147,1.3897553296838976,5,0,1,1,1,0,1,1,0,0,1,0,0,0,1,0,1,0,1,0,1,0,1,1,1,0,0,1
0,-0.02122459966728712,1.1296862710653017,0.35260997009230893,1.0496371508799578,3,0,1,1,1,0,1,1,0,0,0,0,1,0,0,0,0,0,1,0,1,0,0,1,0,1,0,0
0,-1.081640042474231,-0.5235293531491874,-0.8909823940095597,-0.6549948165282137,1,0,1,0,1,0,0,0,0,0,0,0,0,0,0,0,1,0,0,0,0,0,0,1,0,1,0,1
0,-0.02122459966728712,0.821995234365422,0.26975675383775716,0.8550687451996979,2,0,1,1,1,0,1,1,0,0,1,0,0,0,0,0,0,0,1,0,0,0,0,0,0,1,0,0
0,1.0799760524783852,0.6107694956579371,1.172980340834265,0.6296860366830523,2,0,0,0,1,0,1,1,0,0,0,0,1,0,1,0,0,0,0,0,0,0,0,1,0,1,0,0
0,-0.10279501834474433,0.1783388494851331,-0.040347216904120124,0.27871250876395104,4,0,1,0,1,0,0,0,0,0,0,0,1,0,1,0,1,0,0,0,1,1,0,0,0,0,0,0
0,-0.5106471117320305,-1.5131302549677197,-0.8452322421160718,-1.5305181074060896,0,1,0,1,1,0,0,0,1,1,0,1,0,1,0,1,0,1,0,1,0,0,0,1,0,1,0,1
0,-0.22515064636093016,-1.3434843860845427,-0.6742978510733341,-1.2157152832431002,0,0,1,1,1,0,1,0,1,1,0,1,0,1,0,1,0,1,0,1,0,0,1,0,0,1,0,0
1,-0.5106471117320305,0.4743875226342068,-0.3394658570563363,0.36982881716771365,1,0,0,0,1,0,1,1,0,0,1,0,0,0,0,0,0,0,0,0,0,0,0,1,0,1,0,1
0,-0.9592844144580451,-1.489845527866107,-0.9265192767002102,-1.4504897346520271,0,1,0,1,1,0,0,0,1,1,0,1,0,1,0,1,0,1,0,1,0,1,0,0,0,0,1,0
0,1.4470429365269428,0.2698145630986109,1.267348301200871,0.36589917649921033,4,0,1,1,1,0,1,0,0,0,1,0,1,0,1,0,0,0,1,0,0,1,0,1,1,0,0,0
0,1.4878281458656715,-0.11604662887096814,0.7806628618440608,-0.20062649294861037,2,0,1,1,1,0,1,0,0,0,1,0,0,0,0,0,1,0,0,0,0,0,1,0,1,0,0,0
0,-0.2659358556996588,0.6456965863103559,-0.0038618016525150713,0.7580156590862298,2,1,0,0,1,0,1,1,0,0,0,0,0,0,1,0,1,0,0,0,0,0,0,1,0,0,1,0
0,1.4878281458656715,-1.4964983070379965,-0.41190727403715327,-1.499442898473069,0,1,1,1,1,0,0,0,1,1,0,1,0,1,0,1,0,1,0,1,0,0,1,0,0,0,0,0
0,-0.877713995780588,-1.4798663591082732,-0.9083427457647069,-1.453738087892803,0,1,0,0,1,0,0,0,1,1,0,1,0,1,0,1,0,1,0,1,0,0,1,0,0,0,1,0
0,-1.285566089167874,-0.4703071197740729,-0.9880635986784316,-0.4687838042051816,0,1,0,0,1,0,1,0,0,0,0,0,0,0,0,0,0,0,0,0,0,0,0,0,0,0,1,0
0,-0.9184992051193165,-1.4782031643153006,-0.9035118473728678,-1.3476776801725843,0,1,1,1,1,0,0,0,1,1,0,1,0,1,0,1,0,1,0,1,0,1,0,0,0,0,1,0
0,0.9168352151234709,0.36129027671208863,0.8708396318250534,0.4191217403920436,4,0,1,1,1,0,1,0,0,0,1,0,1,0,0,0,1,0,0,0,1,1,0,1,0,0,0,0
0,0.4681979123974562,0.017008954566817946,0.21361686156730064,-0.06073454446602049,3,1,0,0,1,0,0,0,0,0,1,0,0,0,0,0,1,0,1,0,0,1,0,0,0,1,0,0
1,0.5497683310749134,0.5159673924585149,0.5800813135472981,0.447039960569209,1,1,1,0,1,0,0,1,0,0,0,0,0,0,0,0,0,0,0,0,1,0,0,1,0,1,0,1
0,1.4878281458656715,-0.17093205703905476,0.7850967000941048,-0.19579764331928134,3,1,1,1,1,0,0,0,0,0,1,0,1,0,1,0,0,0,0,0,0,0,1,1,0,0,0,0
1,-0.877713995780588,0.4527659903255664,-0.6247756278327938,0.4834692739193717,1,1,0,0,1,0,0,1,0,0,0,0,0,0,0,0,0,0,0,0,1,0,0,1,0,1,0,0
0,-0.877713995780588,1.2344675430225582,-0.5051502306686738,1.3006980193964166,3,0,1,0,1,0,1,1,0,0,0,0,1,0,0,0,0,0,1,0,1,0,0,1,0,1,0,1
0,-0.14358022768347295,-0.5301821323210765,-0.4264661459029691,-0.638037096179549,1,1,0,0,1,0,0,0,0,0,0,0,0,0,1,0,0,0,0,0,0,0,0,0,0,0,0,0
0,0.9984056338009281,1.1562973877528593,1.4147237904971068,1.0459728392209382,3,0,1,0,1,0,1,1,0,0,1,0,0,0,0,0,0,0,1,0,1,0,0,1,0,1,0,0
0,-0.18436543702220157,-1.551383735206083,-0.7745555368765659,-1.5182040260485683,0,1,0,0,1,0,0,0,1,1,0,1,0,1,0,1,0,1,0,1,0,1,0,0,1,0,0,0
0,0.38662749371999894,-0.34390431550817646,0.07266051123008371,-0.2133850206650499,2,0,0,0,1,0,0,0,0,0,1,0,0,0,1,0,0,0,0,0,0,0,0,0,1,0,0,0
0,-1.2447808798291453,-1.4715503851434115,-0.9933797927991311,-1.509797297429491,0,0,0,0,1,0,0,0,1,1,0,1,0,1,0,1,0,1,0,1,0,0,0,0,0,0,1,1
0,-0.3882914837158446,-0.8062724679544823,-0.5924814029668024,-0.7856860701777163,3,1,0,1,0,1,0,0,0,0,1,0,1,0,0,0,1,0,0,0,0,1,0,0,0,0,0,0
0,-0.5922175304094877,-1.4782031643153006,-0.8529528559843075,-1.4937732043809218,0,0,1,1,1,0,0,0,1,1,0,1,0,1,0,1,0,1,0,1,0,0,0,0,0,0,1,0
0,1.2023316804945712,-1.3335052173267088,-0.3591644518687205,-1.3619175555190828,0,1,1,1,1,0,1,0,1,1,0,1,0,1,0,1,0,1,0,1,0,1,0,0,0,0,0,0
0,-1.285566089167874,0.19663399220782857,-0.9792179810751102,0.19593977984409874,0,0,0,0,1,0,0,1,0,0,0,0,0,0,0,0,0,0,0,0,0,0,0,1,0,0,1,1
0,-0.6737879490869448,0.8037000916427265,-0.3713630217805329,0.8503029589050799,2,1,0,0,1,0,1,1,0,0,0,0,0,0,0,0,1,0,0,0,1,0,0,1,1,0,0,1
0,-1.2039956704904167,1.0548425053815471,-0.8816735395741441,1.0745021228518759,2,0,0,0,1,0,1,1,0,0,0,0,0,0,0,0,0,0,1,0,1,0,0,1,0,1,0,1
0,1.4062577271882142,0.7953841176778649,1.593886150033707,0.7697144713871391,6,1,0,0,1,0,1,0,0,0,1,0,1,0,1,0,1,0,1,0,1,1,0,1,0,0,0,0
0,1.2023316804945712,-1.4915087226590795,-0.4803119129097213,-1.5087545727984106,0,1,0,0,1,0,0,0,1,1,0,1,0,1,0,1,0,1,0,1,0,0,1,1,1,0,0,0
0,0.9984056338009281,1.3176272826711746,1.6019155884566723,1.2927613212720472,4,0,1,0,1,0,1,1,0,0,0,0,1,0,1,0,0,0,1,0,1,0,0,1,1,0,0,1
0,-1.2447808798291453,0.1633700963483821,-0.9457546346805001,0.27965185214955696,0,1,0,0,1,0,0,1,0,0,0,0,0,0,0,0,0,0,0,0,0,0,0,1,0,1,0,0
0,-0.3882914837158446,0.4078597309153139,-0.23424491948066734,0.38476942206562276,4,0,1,1,1,0,1,0,0,0,1,0,0,0,1,0,1,0,1,0,0,0,1,1,0,0,0,0
0,-0.30672106503838736,-0.9925502847673825,-0.6379006714087945,-1.0314615432817098,2,0,0,1,0,1,0,0,0,0,1,0,0,0,0,0,1,0,0,0,0,0,1,0,0,0,0,0
1,1.6101837738818572,1.4373773077651815,2.419285949238399,1.42834448788559,5,0,0,0,1,0,1,1,0,0,0,0,1,0,1,0,1,0,1,0,1,0,1,1,0,0,0,0
0,-1.2447808798291453,0.6373806123454943,-0.9513134766656298,0.07078608758544398,1,0,1,0,1,0,1,1,0,0,0,0,0,0,0,0,0,0,1,0,0,0,0,1,0,1,0,0
0,-1.0000696237967737,-1.4865191382801624,-0.9482693489118684,-1.5671939410646691,0,0,0,0,1,0,0,0,1,1,0,1,0,1,0,1,0,1,0,1,0,1,0,1,0,0,0,0
0,-1.1224252518129596,-0.47529670415298986,-0.9001809539611434,-0.4939803091367256,0,0,0,0,1,0,1,0,0,0,0,0,0,0,0,0,0,0,0,0,0,0,0,1,0,0,1,1
0,0.1011310283488987,-0.5218661583562149,-0.25972294524584505,-0.5394476864568045,3,1,0,0,0,1,0,0,0,0,0,0,0,0,1,0,0,0,1,0,1,0,0,0,0,1,0,0
0,-0.347506274377116,-1.340157996498598,-0.7489892755243226,-1.3326343721295741,0,1,0,0,1,0,1,0,1,1,0,1,0,1,0,1,0,1,0,1,0,1,0,0,0,1,0,0
0,-1.2447808798291453,0.22490830368835835,-0.9505634741755727,0.09896638915361777,0,0,1,1,1,0,0,1,0,0,0,0,0,0,0,0,0,0,0,0,0,0,0,1,0,1,0,0
0,1.6101837738818572,1.3309328410149532,2.40102118271583,1.4092813427071191,5,1,1,1,1,0,1,1,0,0,1,0,1,0,1,0,1,0,0,0,1,0,1,1,1,0,0,0
0,0.34584228438127035,1.3841550743900675,0.878847011351252,1.311507758135428,5,0,0,0,1,0,1,1,0,0,1,0,1,0,1,0,1,0,1,0,0,0,0,1,0,1,0,0
0,-1.1632104611516882,-0.5168765739772979,-0.9135486454015742,-0.3307832097610355,1,1,0,1,1,0,0,0,0,0,1,0,0,0,0,0,0,0,0,0,0,0,0,0,0,1,0,1
0,-0.2659358556996588,0.352974302747227,-0.12011218761137785,0.422019755773386,1,1,0,0,1,0,0,1,0,0,0,0,1,0,0,0,0,0,0,0,0,1,0,0,0,0,0,0
0,-1.0408548331355023,0.9766723501118483,-0.7153053401620487,1.0171942826880263,3,1,0,0,1,0,0,1,0,0,0,0,1,0,0,0,0,0,1,0,1,0,0,1,0,1,0,1
0,-1.285566089167874,0.1350957848678528,-0.9800341602554666,0.13460618231336732,0,0,1,0,1,0,0,1,0,0,0,0,0,0,0,0,0,0,0,0,0,0,0,1,0,1,0,1
0,-1.1632104611516882,-0.21251192686336284,-0.91125452013787,-0.28768392500971063,2,0,1,1,1,0,1,0,0,0,0,0,1,0,0,0,1,0,0,0,0,0,0,1,0,0,1,0
0,0.6313387497523706,0.4660715486693452,0.6534492041923033,0.4536375865863959,5,1,0,0,1,0,0,0,0,0,0,0,1,0,1,0,1,0,1,0,1,0,1,0,1,0,0,0
1,-1.2447808798291453,0.9633667917680695,-0.9236516201205798,1.1101419160116255,2,1,0,0,1,0,1,1,0,0,0,0,0,0,0,0,0,0,1,0,1,0,0,1,0,1,0,1
1,-0.8369287864418593,0.476050717427179,-0.594047584637216,0.45633129188335364,5,0,1,0,1,0,0,0,0,0,1,0,0,0,1,0,1,0,1,0,1,1,0,1,0,1,0,0
0,1.1207612618171139,1.4822835671754346,1.8893430133227032,1.4805471151533005,5,1,1,0,1,0,1,1,0,0,1,0,0,0,1,0,1,0,1,0,1,0,0,1,0,0,0,0
0,0.9168352151234709,-0.18922719976175023,0.3906615670143276,-0.23695184734700594,3,1,0,0,1,0,0,0,0,0,1,0,0,0,1,0,1,0,0,0,0,0,1,1,0,1,0,0
0,-1.285566089167874,-1.1888072703381165,-0.9975930420815111,-1.1848949969964264,1,1,0,0,0,1,0,0,0,0,0,0,0,0,0,0,1,0,0,0,0,0,0,0,0,0,1,0
0,-1.1632104611516882,0.3712694454699225,-0.8697617353202948,0.4918329463099255,0,1,0,0,1,0,1,1,0,0,0,0,0,0,0,0,0,0,0,0,0,0,0,1,0,1,0,1
0,-1.285566089167874,-1.3451475808775148,-0.9996665783775517,-1.3407154880204473,0,1,0,0,0,1,0,0,0,0,0,0,0,0,0,0,0,0,0,0,0,0,0,1,0,0,1,1
0,0.38662749371999894,0.053599240012208865,0.20841096193043307,0.029502340470163466,3,0,0,0,1,0,0,0,0,0,0,0,0,0,1,0,1,0,0,0,1,0,1,0,1,0,0,0
0,-1.285566089167874,-0.5102237948054088,-0.9885930122008248,-0.5085677593602509,1,0,0,0,1,0,0,0,0,0,1,0,0,0,0,0,0,0,0,0,0,0,0,0,0,0,0,0
0,-1.0408548331355023,0.8136792604005604,-0.7316951004594747,0.8412450048295957,2,1,0,0,1,0,1,1,0,0,0,0,0,0,1,0,0,0,1,0,0,0,0,1,1,0,0,1
0,-1.2039956704904167,0.2897729006142786,-0.9078795089326126,0.41806686279323496,1,1,0,0,1,0,0,1,0,0,0,0,0,0,1,0,0,0,0,0,0,0,0,1,1,0,0,0
0,1.6101837738818572,0.5908111581422695,1.6010332325860168,0.5743247931389843,5,0,1,0,1,0,1,0,0,0,1,0,1,0,1,0,0,0,1,0,1,0,1,1,1,0,0,0
0,-0.7145731584256735,-0.5285189375281042,-0.6799008108519966,-0.49530644097522764,0,1,0,0,1,0,1,0,0,0,0,0,0,0,0,0,0,0,0,0,0,0,0,1,0,1,0,0
0,-1.1632104611516882,0.5143041976655421,-0.874835281576564,0.3965172204175723,1,1,1,0,1,0,0,1,0,0,0,0,0,0,0,0,0,0,1,0,0,0,0,1,0,1,0,1
0,-0.877713995780588,-1.32019965898293,-0.9022986080507165,-1.4124471647394359,0,0,0,0,1,0,1,0,1,1,0,1,0,1,0,1,0,1,0,1,0,1,0,0,0,1,0,0
0,-1.1224252518129596,-1.3118836850180684,-0.9510046521109005,-1.2578322481140531,0,0,0,0,1,0,1,0,1,1,0,1,0,1,0,1,0,1,0,1,0,0,0,0,0,0,1,0
1,-1.285566089167874,-0.3023244456838684,-0.9858356501050264,-0.3013596595942657,2,0,0,0,1,0,0,0,0,0,1,0,0,0,1,0,0,0,0,0,0,0,0,1,0,1,0,1
0,1.6101837738818572,1.530516216171632,2.6252278094493944,1.6432883567095058,5,1,1,0,1,0,1,1,0,0,1,0,0,0,1,0,1,0,1,0,1,0,1,1,1,0,0,0
0,0.9168352151234709,0.4278180684309816,0.8717881643860079,0.4204177328705797,1,0,1,0,1,0,1,1,0,0,0,0,1,0,0,0,0,0,0,0,0,0,0,1,1,0,0,0
0,0.30505707504254176,-1.2869357631234835,-0.5350841535806617,-1.2582466643135852,0,0,1,1,1,0,1,0,1,1,0,1,0,1,0,1,0,1,0,1,0,0,0,1,0,1,0,0
0,0.9984056338009281,-1.4964983070379965,-0.5182752742446745,-1.5024395922728886,0,0,1,0,1,0,0,0,1,1,0,1,0,1,0,1,0,1,0,1,0,0,1,0,0,0,0,0
0,-1.285566089167874,0.47106113304826186,-0.9755782631086561,0.4694544715351992,1,1,0,0,1,0,0,1,0,0,0,0,0,0,0,0,0,0,1,0,0,0,0,1,0,1,0,1
0,-1.285566089167874,1.001620272006433,-0.9685414750401786,0.9982495421379934,3,1,1,0,1,0,0,1,0,0,1,0,0,0,0,0,0,0,1,0,1,0,0,1,0,1,0,1
0,-1.285566089167874,-1.32019965898293,-0.9993356949260558,-1.315850516048529,0,0,0,0,0,1,0,0,0,0,0,0,0,0,0,0,0,0,0,0,0,0,0,0,0,0,1,1
1,0.7944795871072851,0.5309361455952655,0.7893540671700177,0.4496581284652491,4,1,1,1,1,0,1,0,0,0,0,0,1,0,1,0,0,0,1,0,1,1,0,1,0,1,0,0
1,0.34584228438127035,1.1147175179285513,0.8370895197724804,1.234972161480402,3,1,0,0,1,0,1,1,0,0,0,0,0,0,1,0,0,0,1,0,1,0,0,1,0,1,0,1
0,0.4274127030587276,-0.2840293029611727,0.0444692411626403,-0.3077204663777794,1,1,1,0,1,0,0,0,0,0,0,0,0,0,0,0,0,0,1,0,0,1,0,1,0,0,1,0
0,0.590553540413642,-1.5164566445536642,-0.6175844274869515,-1.5231644242058842,0,0,1,1,1,0,0,0,1,1,0,1,0,1,0,1,0,1,0,1,0,0,1,0,0,0,0,0
0,-1.2039956704904167,-0.48194948332487925,-0.949901707272581,-0.6345502840179698,0,1,0,0,1,0,1,0,0,0,0,0,0,0,0,0,0,0,0,0,0,0,0,0,0,0,0,0
1,1.3654725178494855,0.4827034965990684,1.263642406544118,0.4379588403707698,5,1,1,1,1,0,1,0,0,0,1,0,1,0,1,0,1,0,1,0,0,0,1,0,1,0,0,1
0,0.9168352151234709,-0.32061958840656385,0.3659776615327399,-0.27067779114891677,2,1,1,1,1,0,0,0,0,0,0,0,0,0,1,0,1,0,0,0,0,0,1,1,1,0,0,0
0,-0.14358022768347295,-1.5231094237255534,-0.7768496621402702,-1.5459801187127653,0,1,0,0,1,0,0,0,1,1,0,1,0,1,0,1,0,1,0,1,0,1,0,0,0,0,1,0
0,-0.8369287864418593,0.6373806123454943,-0.584032845505276,0.5190462767458585,1,0,0,1,1,0,1,1,0,0,0,0,0,0,0,0,0,0,1,0,0,0,0,1,0,1,0,0
0,1.3654725178494855,1.3409120097727871,2.0499317817820053,1.3332234120263506,4,0,1,0,1,0,1,1,0,0,0,0,1,0,1,0,0,0,1,0,1,0,0,1,0,1,0,0
1,0.1011310283488987,1.2145092055068907,0.532037036390106,1.1605112449490256,3,1,0,0,1,0,1,1,0,0,0,0,0,0,1,0,0,0,1,0,1,0,0,1,0,1,0,1
1,-0.9184992051193165,0.8286480135373113,-0.607084392626151,0.8798922755516625,2,1,1,0,1,0,1,1,0,0,0,0,0,0,1,0,0,0,0,0,1,0,0,1,0,1,0,1
0,-0.22515064636093016,0.36129027671208863,-0.15942114164908056,0.21730523724219147,0,1,1,1,1,0,1,1,0,0,0,0,0,0,0,0,0,0,0,0,0,0,0,1,0,0,0,0
0,1.0391908431396566,1.011599440764267,1.5561874954599504,1.1741334933048724,3,0,0,0,1,0,0,1,0,0,0,0,0,0,0,0,1,0,1,0,1,0,0,1,0,1,0,0
0,0.8760500057847422,1.4922627359332683,1.685232041543318,1.6000432588509375,6,1,1,0,1,0,0,1,0,0,1,0,1,0,1,0,1,0,1,0,1,0,1,0,0,0,0,1
0,-0.9592844144580451,-1.4981615018309686,-0.9315707640597128,-1.492668094515503,0,1,0,0,1,0,0,0,1,1,0,1,0,1,0,1,0,1,0,1,0,0,0,0,0,0,1,0
0,-1.2447808798291453,-1.5164566445536642,-0.9979680433265397,-1.682194436434791,0,1,0,0,1,0,0,0,1,1,0,1,0,1,0,1,0,1,0,1,0,1,0,0,1,0,0,1
0,-1.081640042474231,0.14008536924676948,-0.8185409770287427,0.2523003829804468,0,1,0,0,1,0,0,1,0,0,0,0,0,0,0,0,0,0,0,0,0,0,0,1,0,1,0,0
1,-0.2659358556996588,0.8768806625335088,0.027108889407493272,0.8475295581851354,2,0,0,0,1,0,0,1,0,0,0,0,0,0,0,0,0,0,1,0,1,0,0,1,0,1,0,1
0,-0.9592844144580451,-1.48485594348719,-0.9283281062350539,-1.4655929028127477,0,0,0,0,1,0,0,0,1,1,0,1,0,1,0,1,0,1,0,1,0,0,0,0,0,0,1,0
0,-1.0000696237967737,-0.33725153633628707,-0.8137541964304367,-0.30363894869169133,2,1,1,0,1,0,0,0,0,0,0,0,1,0,1,0,0,0,0,0,0,0,0,1,0,0,1,0
0,-0.8369287864418593,0.5508944831109336,-0.6080991018774048,0.3683369188493985,1,1,0,0,1,0,0,1,0,0,0,0,0,0,0,0,0,0,1,0,0,0,0,1,0,1,0,0
0,-0.7145731584256735,-0.5251925479421595,-0.7106509129443409,-0.6493587562145791,0,0,0,0,1,0,1,0,0,0,0,0,0,0,0,0,0,0,0,0,0,0,0,1,0,1,0,1
0,0.4274127030587276,0.5093146132866255,0.5696695142735632,0.610124677311214,4,1,1,0,1,0,1,0,0,0,1,0,0,0,1,0,0,0,1,0,1,1,0,1,0,1,0,0
0,0.38662749371999894,1.1779189200614992,0.8526189830960171,1.1821319301017503,3,1,0,0,1,0,1,1,0,0,0,0,0,0,0,0,1,0,1,0,1,0,0,1,0,1,0,0
0,-0.06200980900601573,0.012019370187900788,-0.13061222247217835,-0.018487182752443373,3,0,0,0,1,0,1,0,0,0,1,0,0,0,1,0,1,0,0,0,0,0,0,0,1,0,0,1
0,1.3654725178494855,0.8669014937756749,1.6057538364940236,0.827484951797517,3,0,0,1,1,0,1,1,0,0,1,0,0,0,1,0,1,0,0,0,0,0,1,1,1,0,0,0
1,-0.5922175304094877,0.6839500665487195,-0.3461055849830191,0.6222359104293189,2,0,0,0,1,0,1,1,0,0,0,0,1,0,0,0,1,0,0,0,0,0,0,1,0,1,0,1
0,-1.285566089167874,-1.4931719174520517,-1.00162982018976,-1.4882476550538288,0,1,0,0,1,0,0,0,1,1,0,1,0,1,0,1,0,1,0,1,0,0,0,0,0,0,1,0
0,1.1615464711558425,0.9716827657329311,1.477040173862152,0.9130836162800794,3,1,1,0,1,0,1,1,0,0,0,0,1,0,0,0,1,0,1,0,0,0,1,1,0,1,0,1
0,-0.9184992051193165,0.497672249735819,-0.6587242699562644,0.4918329463099255,1,1,0,0,1,0,1,1,0,0,0,0,1,0,0,0,0,0,0,0,0,0,0,0,0,1,0,0
1,-1.285566089167874,0.22490830368835835,-0.9788429798300816,0.22412008141227302,0,1,0,0,1,0,0,1,0,0,0,0,0,0,0,0,0,0,0,0,0,0,0,1,0,1,0,1
1,-0.5922175304094877,0.28810970582130635,-0.410694034715002,0.35258910326718385,1,0,0,0,1,0,0,1,0,0,0,0,1,0,0,0,0,0,0,0,0,0,0,1,0,1,0,0
0,-0.347506274377116,1.3226168670500917,0.11121946277772912,1.3607946473618784,4,1,1,0,1,0,1,1,0,0,0,0,1,0,1,0,0,0,1,0,1,0,0,1,0,1,0,1
0,-1.2039956704904167,-1.5164566445536642,-0.9863209458338871,-1.546818477921014,0,0,1,1,1,0,0,0,1,1,0,1,0,1,0,1,0,1,0,1,0,0,0,0,0,0,1,0
0,0.7129091684298279,-1.4881823330731347,-0.5741063419604016,-1.495508226869629,0,1,0,0,1,0,0,0,1,1,0,1,0,1,0,1,0,1,0,1,0,1,0,0,1,0,0,0
0,-1.285566089167874,-0.6765432741026411,-0.9907989018774637,-0.674334239173039,0,1,1,1,1,0,0,0,0,0,0,0,0,0,0,0,0,0,0,0,0,0,0,0,0,1,0,0
0,-1.2447808798291453,-0.3472307050941209,-0.9719385451422022,-0.7041722055393409,2,1,0,0,1,0,0,0,0,0,1,0,0,0,0,0,1,0,0,0,0,0,0,1,0,0,1,0
0,-0.6330027397482163,-1.504814281002858,-0.8553572757318437,-1.465722915738091,0,1,0,0,1,0,0,0,1,1,0,1,0,1,0,1,0,1,0,1,0,1,0,1,0,0,0,0
0,1.4878281458656715,1.3342592306008978,2.2091528986417908,1.35512795628567,4,1,1,1,1,0,1,1,0,0,0,0,1,0,1,0,0,0,1,0,1,0,1,1,0,1,0,0
0,1.6101837738818572,0.7920577280919204,1.7697176161585826,0.7503826085734827,6,1,1,0,1,0,1,0,0,0,1,0,1,0,1,0,1,0,1,0,1,0,1,1,1,0,0,0
0,-1.2039956704904167,0.31139443292291896,-0.9176736590968887,0.17273247267030878,0,0,0,0,1,0,1,1,0,0,0,0,0,0,0,0,0,0,0,0,0,0,0,1,0,1,0,1
1,0.7129091684298279,0.34133193919642096,0.6759272199972524,0.38322274873658685,4,1,1,1,1,0,1,0,0,0,1,0,1,0,1,0,0,0,0,0,1,0,1,1,0,0,0,0
0,0.8352647964460137,-1.48485594348719,-0.547900372601933,-1.4954725714381218,0,0,0,0,1,0,0,0,1,1,0,1,0,1,0,1,0,1,0,1,0,0,1,0,0,0,1,0
0,1.0391908431396566,1.470641203624628,1.8102839273119695,1.5033514382985804,5,0,1,0,1,0,1,1,0,0,1,0,1,0,0,0,1,0,1,0,1,0,1,1,1,0,0,0
0,0.5497683310749134,-1.1355850369630023,-0.35340707981269337,-1.0779395813259145,1,1,0,0,0,1,0,0,0,0,1,0,0,0,0,0,0,0,0,0,0,1,0,1,0,0,0,0
1,1.6101837738818572,1.597044007890525,2.5461025467483616,1.560704417391662,6,1,1,0,1,0,1,1,0,0,1,0,1,0,1,0,1,0,1,0,1,0,0,1,1,0,0,0
1,-1.285566089167874,0.30973123812994674,-0.977717976094996,0.3086609861167949,0,0,0,0,1,0,1,1,0,0,0,0,0,0,0,0,0,0,0,0,0,0,0,1,0,1,0,1
0,-1.081640042474231,0.9700195709399588,-0.7815923249450435,0.7150651391244802,3,0,1,1,1,0,1,1,0,0,0,0,1,0,1,0,0,0,1,0,0,0,0,1,0,0,1,0
0,1.6101837738818572,0.4644083538763725,1.5321212390878214,0.5024005593979906,5,1,1,0,1,0,1,0,0,0,1,0,1,0,1,0,1,0,0,0,1,0,1,0,0,0,0,0
0,-1.1632104611516882,-0.3189563936135916,-0.9052324413206462,-0.17454830253748269,1,1,0,0,1,0,0,0,0,0,0,0,0,0,0,0,0,0,0,0,1,0,0,1,0,0,1,0
0,0.7944795871072851,-1.5147934497606919,-0.5552901030186729,-1.4935394311401602,0,0,1,1,1,0,0,0,1,1,0,1,0,1,0,1,0,1,0,1,0,0,1,0,0,0,1,0
0,-1.2447808798291453,-1.4782031643153006,-0.9951003867469093,-1.5744462245564785,0,0,0,0,1,0,0,0,1,1,0,1,0,1,0,1,0,1,0,1,0,1,0,0,0,0,1,0
0,1.324687308510757,-1.5147934497606919,-0.42812056316044816,-1.478072143446859,0,0,1,0,1,0,0,0,1,1,0,1,0,1,0,1,0,1,0,1,0,0,1,0,0,0,0,0
1,0.4274127030587276,1.2012036471631118,0.9256118724959937,1.2321730303947371,3,1,1,0,1,0,1,1,0,0,0,0,1,0,0,0,0,0,1,0,1,0,0,1,0,1,0,1
0,-1.1632104611516882,1.1745925304755547,-0.8250704104715935,1.3314401665616975,3,1,1,0,1,0,1,1,0,0,0,0,1,0,0,0,0,0,1,0,1,0,0,1,0,1,0,1
1,-0.30672106503838736,0.8037000916427265,-0.04981048361690053,0.736272197441863,2,1,1,0,1,0,1,1,0,0,1,0,0,0,0,0,0,0,0,0,1,1,0,1,0,1,0,1
0,0.7536943777685564,0.4577555747044836,0.7325744668933357,0.41699425615915225,4,0,1,0,1,0,1,0,0,0,0,0,1,0,0,0,1,0,1,0,1,1,0,1,1,0,0,0
0,-0.8369287864418593,0.3280263808526422,-0.6455771674834975,0.13363921118112598,3,1,0,0,1,0,1,0,0,0,0,0,0,0,1,0,0,0,1,0,1,0,0,0,0,0,0,0
0,0.9984056338009281,0.17334926510621596,0.7160082354217788,0.12480560271741813,3,0,1,1,1,0,0,0,0,0,1,0,0,0,0,0,0,0,1,0,1,1,0,1,0,0,0,1
0,-0.347506274377116,-1.4964983070379965,-0.7750849503989592,-1.4143434328039606,0,0,1,1,1,0,0,0,1,1,0,1,0,1,0,1,0,1,0,1,0,1,0,0,0,0,1,0
0,1.2839020991720282,-0.21750151124227976,0.6468094762656207,-0.2053964083901438,2,0,1,0,1,0,1,0,0,0,0,0,0,0,1,0,1,0,0,0,0,1,0,0,0,0,0,0
0,-1.1632104611516882,1.3558807629095382,-0.8146144934043257,1.5278734451398515,5,0,0,0,1,0,0,1,0,0,0,0,1,0,1,0,1,0,1,0,1,1,0,1,0,1,0,1
0,-0.2659358556996588,1.1845716992333886,0.13658719405907488,1.1639522656123922,3,0,0,0,1,0,1,1,0,0,0,0,0,0,1,0,0,0,1,0,1,0,0,1,0,0,0,0
0,-0.7145731584256735,-1.4915087226590795,-0.885026491882635,-1.5229481048279725,0,0,1,1,1,0,0,0,1,1,0,1,0,1,0,1,0,1,0,1,0,0,0,0,0,0,1,0
1,1.2839020991720282,-1.3052309058461793,-0.2424508290777636,-1.2495439241234136,0,1,1,0,1,0,1,0,1,1,0,1,0,1,0,1,0,1,0,1,0,0,1,0,1,0,0,0
1,0.14191623768762732,1.0515161157956028,0.5054781246833752,1.0130764328323596,3,1,1,0,1,0,1,1,0,0,0,0,1,0,0,0,0,0,1,0,1,0,0,1,0,1,0,1
0,-0.22515064636093016,1.001620272006433,0.07596934574504186,0.8724512024578445,2,0,1,0,1,0,1,1,0,0,0,0,0,0,0,0,0,0,1,0,1,0,0,0,1,0,0,0
1,-1.285566089167874,0.1982971870008008,-0.9791959221783438,0.19759744464222653,0,1,1,0,1,0,0,1,0,0,0,0,0,0,0,0,0,0,0,0,0,0,0,0,0,0,1,1
0,0.1011310283488987,0.7005820144784427,0.36165411776652784,0.7946883049278897,5,0,0,0,1,0,1,0,0,0,1,0,0,0,1,0,1,0,1,0,1,1,0,1,1,0,0,1
0,-1.1632104611516882,0.2997520693721129,-0.8865485557595159,0.17646221846609642,1,1,0,0,1,0,0,1,0,0,0,0,0,0,1,0,0,0,0,0,0,0,0,1,0,1,0,1
0,-1.0000696237967737,-0.6466057678291391,-0.828798364025113,-0.44495487273209333,0,0,1,1,1,0,0,0,0,0,0,0,0,0,0,0,0,0,0,0,0,0,0,1,0,1,0,0
0,-0.9184992051193165,-1.4931719174520517,-0.9228354409402235,-1.492889116488587,0,1,0,0,1,0,0,0,1,1,0,1,0,1,0,1,0,1,0,1,0,0,0,1,1,0,0,0
0,-1.2447808798291453,-0.5218661583562149,-0.9647032270028273,-0.4323151786463682,1,0,0,0,1,0,0,0,0,0,0,0,1,0,0,0,0,0,0,0,0,0,0,0,0,0,1,0
0,1.0391908431396566,1.4822835671754346,1.7003865036218264,1.3609637482249064,5,0,1,0,1,0,1,1,0,0,1,0,1,0,1,0,0,0,1,0,1,0,1,1,0,0,0,1
0,0.7536943777685564,0.6107694956579371,0.7937217287297622,0.507093213422103,6,1,1,0,1,0,0,0,0,0,1,0,1,0,1,0,1,0,1,0,1,0,1,1,1,0,0,0
0,0.5497683310749134,-1.5181198393466364,-0.6291874071860714,-1.5284640445040618,0,0,1,1,1,0,0,0,1,1,0,1,0,1,0,1,0,1,0,1,0,0,1,1,0,0,1,0
0,-1.285566089167874,-1.504814281002858,-1.0017842324671247,-1.499851308640724,0,1,0,0,1,0,0,0,1,1,0,1,0,1,0,1,0,1,0,1,0,0,0,1,0,0,0,0
0,0.5497683310749134,0.2631617839267215,0.42311020415768386,0.1906064235370789,0,1,0,0,1,0,1,1,0,0,0,0,0,0,0,0,0,0,0,0,0,0,0,0,0,0,0,0
0,0.7129091684298279,1.488936346347324,1.3744663038984493,1.4330881719828994,5,0,1,0,1,0,1,1,0,0,1,0,1,0,0,0,1,0,1,0,1,0,0,1,0,0,0,0
0,0.8352647964460137,0.0037033962230391725,0.4735809599591788,-0.04714268828891784,3,1,1,1,1,0,0,0,0,0,0,0,1,0,0,0,1,0,1,0,0,0,0,0,1,0,0,0
0,1.1615464711558425,1.6369606829218604,2.1360938325515146,1.7249860945369102,5,1,1,0,1,0,1,1,0,0,0,0,1,0,1,0,1,0,1,0,1,0,0,1,0,1,0,0
0,-1.1224252518129596,-1.4715503851434115,-0.9691811830464038,-1.5310154068455282,0,1,0,0,1,0,0,0,1,1,0,1,0,1,0,1,0,1,0,1,0,0,0,0,0,0,0,0
0,0.590553540413642,0.7338459103378892,0.8155379776317195,0.7682220992999074,6,1,0,0,1,0,0,0,0,0,1,0,1,0,1,0,1,0,1,0,1,1,0,1,0,0,0,0
0,0.8760500057847422,0.9933042980415715,1.2491497113686012,0.9931844552548251,3,0,0,0,1,0,1,1,0,0,0,0,1,0,1,0,0,0,1,0,0,1,0,1,0,0,0,0
0,-0.551432321070759,-1.315210074604013,-0.7607025497072745,-1.1635198456521458,0,1,0,1,0,1,0,0,0,0,0,0,0,0,0,0,0,0,0,0,0,0,0,1,1,0,0,0
0,-0.2659358556996588,1.3492279837376486,0.1874770688991313,1.3110381382770473,5,0,0,1,1,0,0,1,0,0,0,0,1,0,1,0,1,0,1,0,1,0,1,1,0,1,0,0
0,1.5286133552044,-1.3135468798110408,-0.2242522392454938,-1.3073017018753268,0,1,1,1,1,0,1,0,1,1,0,1,0,1,0,1,0,1,0,1,0,0,1,0,0,0,1,0
0,-0.6330027397482163,1.2527626857452538,-0.2417008265877064,1.2468992618571757,4,1,1,0,1,0,1,1,0,0,0,0,1,0,1,0,0,0,1,0,1,0,0,1,0,1,0,0
0,-0.10279501834474433,1.1745925304755547,0.30593334453463283,1.1461132421310007,3,0,0,0,1,0,1,1,0,0,0,0,1,0,0,0,0,0,1,0,1,0,0,1,0,1,0,1
0,-1.285566089167874,-1.360116334014266,-0.999865108448449,-1.3556344712035981,0,0,0,1,1,0,1,0,1,1,0,1,0,1,0,1,0,1,0,1,0,0,0,0,0,0,1,0
0,-0.551432321070759,-1.3068941006391515,-0.7960850201205601,-1.3034616528204157,0,0,1,1,1,0,1,0,1,1,0,1,0,1,0,1,0,1,0,1,0,0,1,0,0,0,1,0
0,-0.2659358556996588,0.2864465110283341,-0.16970058754221717,0.2786955070737137,4,0,1,0,1,0,0,0,0,0,0,0,1,0,1,0,0,0,1,0,1,0,1,1,1,0,0,0
0,-0.46986190239330183,0.3047416537510296,-0.319701085553653,0.3205014489605656,1,0,1,1,1,0,0,1,0,0,0,0,1,0,0,0,0,0,0,0,0,0,0,1,0,0,0,1
0,0.7129091684298279,1.1097279335496342,1.133097855480636,1.0703248075605936,3,1,1,0,1,0,1,1,0,0,0,0,1,0,0,0,0,0,1,0,1,1,0,1,0,1,0,0
0,1.4470429365269428,-0.3488938998870934,0.6323388399868705,-0.33585371384942675,4,0,1,0,0,1,0,0,0,0,1,0,0,0,1,0,0,0,1,0,1,1,0,1,0,1,0,0
0,-1.2039956704904167,1.2194987898858074,-0.8788279418912802,1.1457817091713751,3,1,0,0,1,0,1,1,0,0,0,0,0,0,1,0,0,0,1,0,1,0,0,1,0,0,0,1
0,-0.9592844144580451,1.2710578284679492,-0.5823122515574977,1.4235326553465801,4,1,1,1,1,0,0,1,0,0,0,0,0,0,1,0,1,0,1,0,1,0,0,0,0,1,0,0
0,0.7536943777685564,-1.0208245962479119,-0.2242742981422602,-0.9928984094956148,2,0,1,1,0,1,0,0,0,0,1,0,0,0,0,0,1,0,0,0,0,0,1,0,0,0,0,0
0,-0.9592844144580451,-0.7031543907901981,-0.8314674905338459,-0.6568366663039114,0,0,0,0,1,0,0,0,0,0,0,0,0,0,0,0,0,0,0,0,0,0,0,1,0,1,0,0
1,0.34584228438127035,1.5654433068240508,0.9902444400215095,1.515683544246301,5,1,1,1,1,0,1,1,0,0,0,0,1,0,1,0,1,0,1,0,1,1,0,1,0,1,0,1
0,-0.4290766930545732,1.1895612836123057,0.05541045395876844,1.4894457611832506,3,1,0,0,1,0,1,1,0,0,0,0,1,0,0,0,0,0,1,0,1,0,0,1,0,1,0,0
0,-0.46986190239330183,-0.29733486130495124,-0.4999884488253391,-0.3246459031870144,4,0,1,1,0,1,0,0,0,0,1,0,0,0,1,0,0,0,1,0,1,1,0,1,0,1,0,1
0,1.5693985645431285,1.701825279847781,2.6502205394857112,1.7231860489249051,6,1,1,1,1,0,1,1,0,0,1,0,1,0,1,0,1,0,1,0,1,0,1,1,0,0,0,0
0,-1.285566089167874,-0.6366265990713053,-0.9902694883550704,-0.6345502840179698,0,1,0,0,1,0,0,0,0,0,0,0,0,0,0,0,0,0,0,0,0,0,0,0,0,1,0,1
0,-0.2659358556996588,0.5691896258336291,-0.09143562181507393,0.5049029956797801,4,1,1,1,1,0,1,0,0,0,0,0,0,0,1,0,1,0,1,0,1,1,0,1,1,0,0,0
0,1.5693985645431285,0.008692980601956331,1.0550314198243902,0.034819430944373155,3,1,1,0,1,0,1,0,0,0,1,0,1,0,0,0,1,0,0,0,0,0,1,0,0,0,0,0
0,-1.1632104611516882,-0.6682273001377795,-0.9327178266915652,-0.6909108871543178,0,1,0,0,1,0,0,0,0,0,0,0,0,0,0,0,0,0,0,0,0,0,0,1,1,0,0,0
0,-0.8369287864418593,0.49600905494284675,-0.5687460300461693,0.6147764188377437,1,0,0,0,1,0,1,1,0,0,1,0,0,0,0,0,0,0,0,0,0,0,0,1,0,1,0,0
0,-0.5922175304094877,0.7970473124708372,-0.30688486653238184,0.7859763554888399,2,0,1,0,1,0,1,1,0,0,0,0,0,0,0,0,1,0,1,0,0,0,0,1,0,1,0,0
0,-1.2039956704904167,0.3346791600245316,-0.9167471854327004,0.19593977984409874,0,0,0,0,1,0,1,1,0,0,0,0,0,0,0,0,0,0,0,0,0,0,0,1,0,1,0,0
1,1.6101837738818572,1.3957974379408735,2.376646101788972,1.3838407926802954,4,0,1,0,1,0,1,1,0,0,1,0,1,0,0,0,0,0,1,0,1,1,0,1,0,0,0,0
0,-0.877713995780588,0.3346791600245316,-0.650672772636533,0.30655123091917763,1,1,0,0,1,0,0,1,0,0,0,0,1,0,0,0,0,0,0,0,0,0,0,0,0,1,0,1
0,-1.285566089167874,0.5076514184936533,-0.9750929673797957,0.5059230970940128,1,0,0,0,1,0,0,1,0,0,0,0,0,0,0,0,0,0,0,0,1,0,0,0,1,0,0,1
0,-0.7961435771031307,-1.5164566445536642,-0.8959015279884641,-1.4891402437912824,0,1,0,0,1,0,0,0,1,1,0,1,0,1,0,1,0,1,0,1,0,1,0,0,1,0,0,0
0,1.6101837738818572,1.475630788003545,2.5674114410246918,1.5829447534332115,5,0,1,0,1,0,1,1,0,0,0,0,1,0,1,0,1,0,1,0,1,1,0,1,0,1,0,1
0,0.38662749371999894,-0.2923452769260343,0.04257217604073088,-0.26721965839472717,1,1,1,0,1,0,1,0,0,0,1,0,0,0,0,0,0,0,0,0,0,1,0,0,1,0,0,0
0,-0.6330027397482163,-1.5031510862098856,-0.8602984686075146,-1.487565087195776,0,0,0,0,1,0,0,0,1,1,0,1,0,1,0,1,0,1,0,1,0,0,0,0,1,0,0,0
1,-1.0408548331355023,-0.45201197705137747,-0.8254454117166221,-0.16519433689090388,1,0,0,0,1,0,0,0,0,0,0,0,1,0,0,0,0,0,0,0,0,0,0,1,0,0,1,0
0,1.4470429365269428,1.7866482142893694,2.5145803832691933,1.744223078719042,6,0,1,0,1,0,1,1,0,0,1,0,1,0,1,0,1,0,1,0,1,0,1,0,0,0,1,0
0,0.9576204244621995,-1.355126749635349,-0.3918116190829742,-1.3211491231711165,0,1,1,1,1,0,1,0,1,1,0,1,0,1,0,1,0,1,0,1,0,0,1,0,0,0,0,0
0,0.22348665636508452,-1.4831927486942178,-0.6798566930584639,-1.497539302474914,0,0,1,1,1,0,0,0,1,1,0,1,0,1,0,1,0,1,0,1,0,1,0,0,0,0,1,0
0,1.6101837738818572,1.6835301371250855,2.706536902930299,1.7281515851247742,6,0,1,1,1,0,1,1,0,0,1,0,1,0,1,0,1,0,1,0,1,0,1,1,0,1,0,0
0,0.6313387497523706,-1.325189243361847,-0.49361342765985305,-1.3421659447188092,0,0,0,0,1,0,1,0,1,1,0,1,0,1,0,1,0,1,0,1,0,1,0,0,1,0,0,0
1,0.7944795871072851,1.470641203624628,1.4812975409380644,1.4496125397666986,5,0,1,0,1,0,1,1,0,0,1,0,1,0,1,0,0,0,1,0,1,0,0,1,0,1,0,0
0,0.1011310283488987,-1.504814281002858,-0.6977464583360041,-1.4799119692118143,0,0,1,1,1,0,0,0,1,1,0,1,0,1,0,1,0,1,0,1,0,1,0,0,0,0,1,0
0,1.4062577271882142,1.5438217745154104,2.328028293315853,1.5931285332751095,5,1,1,0,1,0,1,1,0,0,0,0,1,0,1,0,1,0,1,0,1,0,1,1,0,0,0,0
0,-1.285566089167874,-1.1638593484435318,-0.9972621586300152,-1.1600300250245084,1,0,0,0,0,1,0,0,0,0,1,0,0,0,0,0,0,0,0,0,0,0,0,0,0,0,1,0
0,0.8352647964460137,0.5226201716304039,0.9078324017022856,0.5685703157855251,2,1,0,0,1,0,0,1,0,0,0,0,1,0,0,0,1,0,0,0,0,0,0,1,0,0,1,0
0,0.060345819010170096,-1.4665608007644946,-0.7299083298213973,-1.5312494301111461,0,1,1,1,1,0,0,0,1,1,0,1,0,1,0,1,0,1,0,1,0,0,0,0,0,0,1,0
0,-1.2039956704904167,-0.9875607003884653,-0.9623870428423565,-0.94729637593143,1,0,0,0,0,1,0,0,0,0,0,0,0,0,0,0,0,0,1,0,0,0,0,0,1,0,0,1
0,-1.285566089167874,0.46274515908340025,-0.9756885575924881,0.46116614754455976,1,0,1,0,1,0,0,1,0,0,0,0,0,0,0,0,0,0,1,0,0,0,0,0,0,1,0,1
0,-0.551432321070759,0.8336375979162285,-0.2682156205009043,0.784323537663806,3,1,0,0,1,0,0,1,0,0,0,0,0,0,1,0,1,0,1,0,0,0,0,0,0,0,1,0
1,1.1207612618171139,1.701825279847781,2.045100883390166,1.6756266341463164,6,0,1,0,1,0,1,1,0,0,1,0,1,0,1,0,1,0,1,0,1,0,1,1,0,0,0,0
0,-0.877713995780588,-1.5081406705888027,-0.9120045226279271,-1.478753756664551,0,1,0,0,1,0,0,0,1,1,0,1,0,1,0,1,0,1,0,1,0,0,1,0,1,0,0,0
0,0.590553540413642,1.380828684804123,1.2518850145676332,1.4658873625290054,4,0,0,0,1,0,1,1,0,0,0,0,1,0,1,0,0,0,1,0,1,0,0,1,0,1,0,1
0,-0.5922175304094877,-0.5152133791843257,-0.6245109210715972,-0.5400633905246808,1,1,0,0,1,0,0,0,0,0,1,0,0,0,0,0,0,0,0,0,0,0,0,0,0,1,0,1
0,1.1207612618171139,1.675214163160224,1.9712256381195334,1.5831013106641456,6,0,1,1,1,0,1,1,0,0,1,0,1,0,1,0,1,0,1,0,1,0,1,0,1,0,0,0
0,1.6101837738818572,-1.3335052173267088,-0.18355357471150863,-1.2882688156574567,0,1,1,0,1,0,1,0,1,1,0,1,0,1,0,1,0,1,0,1,0,0,1,0,1,0,0,0
0,0.2642718657038131,-1.4964983070379965,-0.6614154553617637,-1.4787692127465846,0,1,0,0,1,0,0,0,1,1,0,1,0,1,0,1,0,1,0,1,0,1,0,0,0,0,1,0
0,1.0799760524783852,0.5442417039390443,1.036369593160026,0.4556874249066794,2,0,1,0,1,0,0,1,0,0,1,0,0,0,1,0,0,0,0,0,0,1,0,1,1,0,0,0
0,-1.2447808798291453,0.16835968072729926,-0.9469678740026515,0.2340660702010402,0,1,1,1,1,0,0,1,0,0,0,0,0,0,0,0,0,0,0,0,0,0,0,0,0,0,1,0
1,-1.285566089167874,0.14008536924676948,-0.9799679835651675,0.1395791767077507,0,1,0,0,1,0,0,1,0,0,0,0,0,0,0,0,0,0,0,0,0,0,0,0,0,1,0,1
0,-0.5106471117320305,0.8419535718810901,-0.22667871788979643,0.7936108228091066,2,1,1,1,1,0,0,1,0,0,0,0,0,0,0,0,0,0,1,0,1,0,0,1,0,1,0,1
0,-1.081640042474231,0.9533876230102356,-0.7738055343865087,0.8125910847476705,2,0,0,0,1,0,1,1,0,0,0,0,0,0,0,0,0,0,1,0,1,0,0,1,0,0,0,1
0,1.5693985645431285,0.7155507676151937,1.7124968379465733,0.7306884352852397,2,1,0,0,1,0,1,1,0,0,0,0,0,0,1,0,1,0,0,0,0,0,1,1,1,0,0,0
0,-0.347506274377116,0.04694646084031948,-0.3224584476494515,0.0028909002287895286,3,0,1,0,1,0,1,0,0,0,1,0,1,0,1,0,0,0,0,0,0,0,0,0,0,0,1,0
1,1.4062577271882142,0.9899779084556269,1.6714672899610923,0.8567295026560311,2,1,1,0,1,0,1,1,0,0,0,0,0,0,0,0,0,0,1,0,1,0,0,1,1,0,0,0
0,-1.285566089167874,0.5309361455952655,-0.9747841428250663,0.5291304042678028,1,1,0,0,1,0,0,1,0,0,0,0,0,0,0,0,0,0,0,0,1,0,0,1,0,0,1,1
0,0.6313387497523706,0.5708528206266013,0.7674716415777609,0.6321473645347918,1,0,1,1,1,0,1,1,0,0,0,0,0,0,0,0,0,0,0,0,1,1,0,1,0,0,1,1
0,0.18270144702635593,0.23987705682510888,0.16237404437898215,0.2307059388534836,3,0,1,0,1,0,1,0,0,0,0,0,1,0,0,0,1,0,0,0,1,1,0,0,0,0,1,0
0,-0.877713995780588,-1.0041926483181887,-0.8412395818013556,-0.9953184228105287,2,1,0,0,0,1,0,0,0,0,0,0,1,0,1,0,0,0,0,0,0,0,0,0,0,0,1,0
0,-1.2039956704904167,-1.4748767747293563,-0.9878871275043005,-1.5860498781433738,0,1,1,0,1,0,0,0,1,1,0,1,0,1,0,1,0,1,0,1,0,0,0,1,1,0,0,1
0,-0.5922175304094877,1.0332209730729074,-0.24037729278172315,1.06363520917526,3,0,1,0,1,0,0,1,0,0,0,0,0,0,1,0,0,0,1,0,1,0,0,1,1,0,0,0
0,0.7129091684298279,-0.6682273001377795,-0.02625158187039851,-0.6721129683435476,0,1,1,1,1,0,0,0,0,0,0,0,0,0,0,0,0,0,0,0,0,1,0,1,0,0,0,0
0,1.4062577271882142,1.4806203723824622,2.2020278749862476,1.451806423918297,5,0,1,1,1,0,1,1,0,0,1,0,0,0,1,0,1,0,1,0,1,1,0,1,0,1,0,0
0,-0.30672106503838736,0.20494996617269018,-0.19970068714450434,0.28571890531070476,4,0,1,0,1,0,0,0,0,0,1,0,1,0,0,0,1,0,0,0,1,0,0,1,0,0,1,0
1,-1.2447808798291453,0.45442918511853864,-0.9444752186680496,0.3277241312952656,1,0,0,0,1,0,1,1,0,0,0,0,0,0,1,0,0,0,0,0,0,0,0,1,0,1,0,1
0,-0.9592844144580451,-1.5031510862098856,-0.9307325259825903,-1.4856690653678521,0,1,0,0,1,0,0,0,1,1,0,1,0,1,0,1,0,1,0,1,0,0,0,0,1,0,0,0
0,-0.9184992051193165,-0.8195780262982608,-0.8289307174057113,-0.7872212119255478,3,0,0,1,0,1,0,0,0,0,1,0,1,0,0,0,1,0,0,0,0,1,0,0,0,0,1,0
0,1.5286133552044,-1.4981615018309686,-0.42441466850369514,-1.5221824215640753,0,0,1,0,1,0,0,0,1,1,0,1,0,1,0,1,0,1,0,1,0,0,1,0,1,0,0,0
0,-0.9592844144580451,0.11181105776624017,-0.7559157691089683,-0.026003118127467556,4,1,0,0,1,0,0,0,0,0,1,0,0,0,1,0,1,0,0,0,1,0,0,1,0,0,0,0
0,-1.1632104611516882,-1.4881823330731347,-0.9802547492231305,-1.583977797145714,0,0,0,0,1,0,0,0,1,1,0,1,0,1,0,1,0,1,0,1,0,0,0,1,1,0,0,0
0,-1.2447808798291453,-0.4636543406021835,-0.9561664339542351,-0.11155704020862323,1,0,0,0,1,0,0,0,0,0,1,0,0,0,0,0,0,0,0,0,0,0,0,0,0,0,1,0
0,-1.285566089167874,0.4577555747044836,-0.9757547342827874,0.45619315315017644,1,0,0,1,1,0,0,1,0,0,0,0,0,0,0,0,0,0,0,0,1,0,0,0,0,1,0,1
0,-0.551432321070759,-1.3218628537759025,-0.8038276928855622,-1.3340848288279357,0,1,0,0,0,1,0,0,0,0,0,0,0,0,0,0,0,0,0,0,0,0,0,1,0,0,0,0
0,-1.0408548331355023,-1.48485594348719,-0.9333795935945568,-1.323902030782293,0,1,1,1,1,0,0,0,1,1,0,1,0,1,0,1,0,1,0,1,0,0,0,1,0,0,0,0
0,-1.285566089167874,-0.7314287022707278,-0.9915268454707544,-0.7290371775112591,0,1,0,0,1,0,0,0,0,0,0,0,0,0,0,0,0,0,0,0,0,0,0,1,0,1,0,1
1,-1.285566089167874,-0.6948384168253365,-0.991041549741894,-0.6925685519524456,0,1,0,0,1,0,0,0,0,0,0,0,0,0,0,0,0,0,0,0,0,0,0,0,0,1,0,0
0,-0.9592844144580451,-1.48485594348719,-0.934416361742577,-1.5164279566220027,0,0,1,1,1,0,0,0,1,1,0,1,0,1,0,1,0,1,0,1,0,1,0,0,0,0,1,0
0,-1.2039956704904167,-1.0191614014549395,-0.9489752336083929,-0.6113429768441796,2,0,0,0,0,1,0,0,0,0,1,0,0,0,0,0,1,0,0,0,0,0,0,0,0,0,1,1
0,-0.9592844144580451,-0.21251192686336284,-0.772283470509628,-0.16266837148423283,5,0,0,0,0,1,0,0,0,0,1,0,0,0,1,0,1,0,1,0,1,0,0,0,0,0,1,1
0,-1.1224252518129596,-0.3023244456838684,-0.8779235271238582,-0.159463552874519,2,0,0,0,1,0,0,0,0,0,1,0,0,0,1,0,0,0,0,0,0,0,0,0,1,0,0,0
0,0.9576204244621995,0.7987105072638099,1.1813186038119592,0.7898573960876311,2,0,1,1,1,0,0,1,0,0,0,0,0,0,0,0,0,0,1,0,1,1,0,0,0,0,0,0
0,-0.5922175304094877,-0.24078623834389237,-0.5724960424964551,-0.3229093019699279,1,0,0,1,1,0,1,0,0,0,1,0,0,0,0,0,0,0,0,0,0,0,0,0,0,0,1,0
1,0.6721239590910992,1.041536947037769,1.071134414463853,1.0410443578447646,2,1,0,0,1,0,1,1,0,0,0,0,0,0,0,0,0,0,1,0,1,0,0,1,0,1,0,1
0,1.5286133552044,0.4743875226342068,1.4321282600457865,0.4708753270764517,5,1,1,0,1,0,1,0,0,0,1,0,1,0,1,0,1,0,1,0,0,0,1,0,0,0,1,0
0,1.6101837738818572,1.4357141129722093,2.433646291033318,1.44333254043533,5,0,0,0,1,0,1,1,0,0,0,0,1,0,1,0,1,0,1,0,1,0,1,1,1,0,0,0
1,-1.081640042474231,0.31638401730183613,-0.8189380371705378,0.24732738858606346,1,0,0,0,1,0,0,1,0,0,0,0,0,0,1,0,0,0,0,0,0,0,0,0,0,1,0,1
1,-0.6330027397482163,0.9949674928345437,-0.32049520583724295,0.8985946348623057,2,1,1,0,1,0,1,1,0,0,0,0,0,0,0,0,0,0,1,0,1,0,0,1,0,1,0,0
0,-0.14358022768347295,-0.6316370146923883,-0.42262789786561766,-0.6280911073907818,2,1,1,0,0,1,0,0,0,0,0,0,0,0,0,0,0,0,1,0,1,0,0,1,0,1,0,0
0,-1.081640042474231,1.3442383993587315,-0.7699231685556245,0.8612159188260888,4,0,1,0,1,0,1,1,0,0,0,0,1,0,1,0,0,0,1,0,1,0,0,1,0,1,0,1
0,1.2431168898332998,1.254425880538226,1.7675337853787103,1.162305732873348,3,1,1,0,1,0,1,1,0,0,0,0,0,0,1,0,0,0,1,0,1,0,1,0,0,1,0,0
0,-0.6737879490869448,0.2980888745791402,-0.44389267434841534,0.5096528428898005,0,1,1,0,1,0,1,1,0,0,0,0,0,0,0,0,0,0,0,0,0,0,0,1,0,0,0,1
0,1.0799760524783852,-0.11770982366394037,0.5978607843410065,-0.1028332280083061,2,1,0,0,1,0,0,0,0,0,0,0,0,0,1,0,0,0,0,0,1,1,0,1,0,0,0,0
0,-1.2039956704904167,-0.24411262792983707,-0.9392252012376495,-0.3671136965866717,2,0,0,0,1,0,0,0,0,0,0,0,0,0,1,0,0,0,1,0,0,0,0,0,0,1,0,0
0,-1.0000696237967737,-1.185480880752172,-0.9103280464736817,-1.2107960094671746,1,0,0,0,0,1,0,0,0,0,0,0,1,0,0,0,0,0,0,0,0,0,0,1,0,0,1,0
1,-1.0408548331355023,0.6540125602752175,-0.7250774314295585,0.912287781892219,1,0,1,0,1,0,1,1,0,0,0,0,0,0,0,0,0,0,0,0,1,0,0,1,0,1,0,1
0,1.4470429365269428,-1.5064774757958301,-0.3744292084310607,-1.4484393224752576,0,0,0,0,1,0,0,0,1,1,0,1,0,1,0,1,0,1,0,1,0,0,1,0,1,0,0,0
0,1.4470429365269428,1.5587905276521614,2.303366446731032,1.5108092486885354,5,0,1,1,1,0,1,1,0,0,1,0,0,0,1,0,1,0,1,0,1,0,1,0,1,0,0,0
1,0.7944795871072851,1.3841550743900675,1.4697827968260104,1.4329721354470308,4,0,1,0,1,0,1,1,0,0,0,0,1,0,1,0,0,0,1,0,1,1,0,1,0,1,0,0
0,1.6101837738818572,1.4240717494214032,2.483587633312419,1.495456889087573,5,1,1,1,1,0,1,1,0,0,1,0,1,0,0,0,1,0,1,0,1,0,1,1,1,0,0,0
0,-0.02122459966728712,-1.5164566445536642,-0.7487466276598923,-1.5367343503990691,0,0,1,0,1,0,0,0,1,1,0,1,0,1,0,1,0,1,0,1,0,1,0,0,0,0,1,0
0,1.6101837738818572,-1.4915087226590795,-0.38237041126696025,-1.495776216011993,0,0,1,0,1,0,0,0,1,1,0,1,0,1,0,1,0,1,0,1,0,0,1,0,0,0,0,0
0,-1.285566089167874,0.16835968072729926,-0.9795929823201389,0.16775947827592494,0,1,1,1,1,0,0,1,0,0,0,0,0,0,0,0,0,0,0,0,0,0,0,1,1,0,0,0
0,0.38662749371999894,-0.03953966839424113,0.20867566869162968,0.029975958983914464,3,1,1,1,1,0,0,0,0,0,1,0,0,0,0,0,1,0,0,0,1,1,0,0,1,0,0,0
0,-0.30672106503838736,-1.335168412119681,-0.7051141298559777,-1.233497728877536,0,0,0,0,1,0,1,0,1,1,0,1,0,1,0,1,0,1,0,1,0,0,1,0,1,0,0,1
0,0.5089831217361848,-0.465317535395156,0.0036161643512904536,-0.4578800535330515,1,1,0,0,1,0,0,0,0,0,1,0,0,0,0,0,0,0,0,0,0,0,0,1,0,0,0,0
0,0.4274127030587276,-0.14931052473041462,0.1544990182333818,-0.11543134979494524,5,0,1,1,0,1,0,0,0,0,1,0,0,0,1,0,1,0,1,0,1,1,0,1,1,0,0,0
0,0.18270144702635593,0.47771391222015125,0.2741685331910347,0.4577612144457026,4,1,1,0,1,0,1,0,0,0,1,0,0,0,1,0,0,0,1,0,1,1,0,0,0,0,1,0
1,-0.5106471117320305,0.6955924300995255,-0.24831849561762268,0.7123023644609339,1,0,0,0,1,0,1,1,0,0,0,0,0,0,0,0,0,0,0,0,1,0,0,1,1,0,0,1
0,-1.1632104611516882,-1.3451475808775148,-0.9722473696969318,-1.4335447167156088,0,0,0,0,0,1,0,0,0,0,0,0,0,0,0,0,0,0,0,0,0,0,0,1,0,1,0,1
0,1.2431168898332998,1.5039050994840746,1.9479535020309944,1.3775127230937916,6,1,1,0,1,0,0,1,0,0,1,0,1,0,1,0,1,0,1,0,1,0,1,1,1,0,0,0
0,-1.2039956704904167,0.8585855198108133,-0.9056074425656747,0.4749800208622923,2,1,0,0,1,0,0,1,0,0,0,0,0,0,0,0,0,0,1,0,1,0,0,0,0,0,1,0
0,1.3654725178494855,-1.3168732693969856,-0.27264945875094826,-1.31125426365372,0,1,1,1,1,0,1,0,1,1,0,1,0,1,0,1,0,1,0,1,0,0,1,1,1,0,0,0
0,-0.18436543702220157,1.3575439577025104,0.30403627941272343,1.3765523299964637,4,1,0,0,1,0,1,1,0,0,0,0,1,0,1,0,0,0,1,0,1,0,0,1,0,1,0,1
1,-1.0000696237967737,0.6756340925838579,-0.7035038303920313,0.7319871339387025,1,0,0,0,1,0,1,1,0,0,0,0,0,0,0,0,0,0,0,0,1,0,0,0,0,1,0,0
0,1.5693985645431285,-1.3484739704634594,-0.2804803671030159,-1.378701694028251,0,1,0,1,1,0,1,0,1,1,0,1,0,1,0,1,0,1,0,1,0,0,1,0,0,0,1,0
0,-1.285566089167874,-1.3518003600494042,-0.9997548139646171,-1.3473461472129589,0,1,0,0,0,1,0,0,0,0,0,0,0,0,0,0,0,0,0,0,0,0,0,1,0,1,0,1
0,1.6101837738818572,-1.3235260485688747,-0.1908109517476502,-1.2958434228600133,0,0,1,1,1,0,1,0,1,1,0,1,0,1,0,1,0,1,0,1,0,0,1,0,0,0,0,0
1,-0.6737879490869448,-0.34390431550817646,-0.6464374644573866,-0.44163954313583753,2,1,1,0,1,0,0,0,0,0,1,0,1,0,0,0,0,0,0,0,0,0,0,1,0,0,0,0
0,1.3654725178494855,1.0548425053815471,1.823783972132999,1.0757328133838198,4,1,1,0,1,0,1,1,0,0,1,0,1,0,1,0,1,0,0,0,0,0,1,0,0,0,1,0
0,-0.877713995780588,0.3862381986066735,-0.6407683279884249,0.3742140940427613,0,0,0,0,1,0,1,1,0,0,0,0,0,0,0,0,0,0,0,0,0,0,0,1,0,1,0,1
0,0.7536943777685564,0.5409153143530997,0.8099350178530571,0.5309830884539459,5,1,0,0,1,0,1,0,0,0,1,0,1,0,1,0,1,0,1,0,0,1,0,1,1,0,0,0
0,-1.0000696237967737,-0.8777898440522921,-0.8645117178898946,-0.7804247862532233,2,0,0,1,0,1,0,0,0,0,1,0,0,0,0,0,0,0,0,0,1,0,0,1,0,1,0,0
0,-0.7553583677644021,0.9317660907015957,-0.4203999492922125,1.0158918317752117,2,1,0,0,1,0,0,1,0,0,0,0,0,0,0,0,0,0,1,0,1,0,0,1,0,1,0,0
0,-1.1632104611516882,0.9517244282172633,-0.8506587307206032,0.850717375104612,3,0,0,0,1,0,1,1,0,0,0,0,1,0,0,0,1,0,0,0,1,0,0,1,0,1,0,1
0,1.5286133552044,0.6590021446541346,1.6326656905490164,0.6861586225018884,5,0,0,0,1,0,1,0,0,0,1,0,1,0,1,0,0,0,1,0,1,0,1,0,0,0,1,0
0,1.5286133552044,0.036967292082485635,1.1475684917593862,0.1653913857071709,3,0,0,1,1,0,1,0,0,0,1,0,1,0,0,0,1,0,0,0,0,0,1,0,0,1,0,0
1,0.8760500057847422,1.217835595092835,1.360039785413232,1.147500768962026,3,0,1,0,1,0,1,1,0,0,0,0,1,0,0,0,0,0,1,0,1,1,0,1,1,0,0,1
0,-0.18436543702220157,0.33301596523155935,-0.09785476077409262,0.2979453672431825,1,1,0,1,1,0,0,1,0,0,1,0,0,0,0,0,0,0,0,0,0,0,0,1,0,0,0,1
0,-0.347506274377116,-1.4682239955574667,-0.7955776654949333,-1.4785088743648274,0,1,0,0,1,0,0,0,1,1,0,1,0,1,0,1,0,1,0,1,0,0,1,0,0,0,1,0
0,1.4878281458656715,-0.11438343407799567,0.8121409075296959,-0.1663440629931251,2,0,1,0,1,0,0,0,0,0,0,0,1,0,0,0,0,0,0,0,1,0,1,1,1,0,0,0
0,0.38662749371999894,-0.3455675103011487,0.00476322698314257,-0.3348681694421362,2,1,1,1,1,0,0,0,0,0,1,0,1,0,0,0,0,0,0,0,0,0,0,0,0,0,1,0
1,-1.2447808798291453,0.1567173171764927,-0.9523723037104165,0.031002132430374727,0,0,0,0,1,0,0,1,0,0,0,0,0,0,0,0,0,0,0,0,0,0,0,1,0,1,0,1
1,0.2642718657038131,1.1596237773388038,0.7701407680864939,1.2796275155638033,3,0,0,0,1,0,1,1,0,0,0,0,0,0,1,0,0,0,1,0,1,0,0,1,0,1,0,0
0,0.5089831217361848,1.4922627359332683,1.151605269867635,1.459190867004086,5,1,1,1,1,0,1,1,0,0,0,0,1,0,1,0,1,0,1,0,1,0,1,1,0,0,0,0
0,1.6101837738818572,0.5309361455952655,1.5163711867966208,0.4859620501498894,5,1,1,1,1,0,1,0,0,0,1,0,1,0,1,0,1,0,1,0,0,0,1,1,0,0,0,0
0,0.22348665636508452,-1.4831927486942178,-0.6826361140510286,-1.5030357699634433,0,0,0,0,1,0,0,0,1,1,0,1,0,1,0,1,0,1,0,1,0,0,1,0,0,0,1,0
0,1.6101837738818572,0.09684230462948917,1.1092521880761708,0.061047306896442104,4,1,1,0,1,0,1,0,0,0,1,0,1,0,1,0,1,0,0,0,0,0,1,1,0,0,0,0
0,-1.285566089167874,-1.3584531392212935,-0.9998430495516826,-1.3539768064054705,0,1,0,0,1,0,1,0,1,1,0,1,0,1,0,1,0,1,0,1,0,0,0,1,0,0,1,1
0,1.6101837738818572,-1.499824696623941,-0.38634101268491,-1.4999203780073125,0,1,1,1,1,0,0,0,1,1,0,1,0,1,0,1,0,1,0,1,0,0,1,1,1,0,0,0
0,0.9168352151234709,-1.3035677110532067,-0.3735468525604052,-1.2810998340077755,0,1,1,0,1,0,1,0,1,1,0,1,0,1,0,1,0,1,0,1,0,0,1,0,0,0,0,0
0,0.7536943777685564,-0.29068208213306207,0.2684993967220729,-0.26680872468426703,4,0,1,1,0,1,0,0,0,0,0,0,0,0,1,0,1,0,1,0,1,1,0,1,0,1,0,0
0,1.2431168898332998,0.7255299363730275,1.3319808687263868,0.6427725354283476,6,1,0,0,1,0,0,0,0,0,1,0,1,0,1,0,1,0,1,0,1,0,1,1,0,0,0,0
0,-1.285566089167874,-1.4798663591082732,-1.001453349015629,-1.4749863366688059,0,0,0,0,1,0,0,0,1,1,0,1,0,1,0,1,0,1,0,1,0,0,0,0,0,0,1,0
0,-0.3882914837158446,-1.504814281002858,-0.8112394821990685,-1.5004278877009423,0,0,1,1,1,0,0,0,1,1,0,1,0,1,0,1,0,1,0,1,0,0,1,1,0,0,1,0
0,-1.285566089167874,-0.4769598989459623,-0.9881518342654971,-0.4754144633976933,1,0,0,0,1,0,0,0,0,0,0,0,1,0,0,0,0,0,0,0,0,0,0,0,0,1,0,1
0,-1.2447808798291453,-0.35055709468006563,-0.9588135015662016,-0.2110169280962961,1,0,0,0,1,0,1,0,0,0,0,0,0,0,0,0,1,0,0,0,0,0,0,1,0,0,1,0
1,0.7944795871072851,1.4373773077651815,1.56571693886303,1.5716102932750722,5,0,0,0,1,0,1,1,0,0,1,0,1,0,1,0,0,0,1,0,1,0,0,0,1,0,0,0
0,0.14191623768762732,-0.3472307050941209,-0.17508295835321577,-0.4075422991632349,1,0,0,0,1,0,1,0,0,0,1,0,0,0,0,0,0,0,0,0,0,1,0,0,0,0,1,0
0,-1.285566089167874,-0.6499321574150838,-0.9904459595292016,-0.6478116024029927,0,0,0,0,1,0,0,0,0,0,0,0,0,0,0,0,0,0,0,0,0,0,0,0,0,0,1,0
0,-0.18436543702220157,-0.19587997893363962,-0.280546543793315,-0.19236819911735745,2,0,0,0,1,0,1,0,0,0,1,0,0,0,1,0,0,0,0,0,0,1,0,0,0,0,1,0
0,-1.0408548331355023,0.15172773279757604,-0.7999894448482108,0.10808354554332131,4,0,1,1,1,0,0,0,0,0,1,0,1,0,1,0,0,0,1,0,0,1,0,0,0,1,0,0
0,-0.7553583677644021,1.186234894026361,-0.3859439525431151,1.200839861394908,3,1,0,0,1,0,1,1,0,0,0,0,1,0,0,0,0,0,1,0,1,0,0,1,0,1,0,1
1,1.6101837738818572,0.002040201430066944,0.9951415151036477,-0.058051304224606665,6,1,1,0,0,1,0,0,0,0,1,0,1,0,1,0,1,0,1,0,1,0,1,1,1,0,0,0
0,-1.285566089167874,-1.4765399695223285,-1.0014092312220961,-1.4716710070725498,0,0,1,1,1,0,0,0,1,1,0,1,0,1,0,1,0,1,0,1,0,0,0,1,0,0,1,1
0,-0.9184992051193165,-1.531425397690415,-0.938453139850826,-1.6102517841960409,0,0,0,0,1,0,0,0,1,1,0,1,0,1,0,1,0,1,0,1,0,0,0,0,0,0,1,0
0,0.38662749371999894,-1.499824696623941,-0.6354962516612582,-1.4804329495769404,0,1,0,0,1,0,0,0,1,1,0,1,0,1,0,1,0,1,0,1,0,1,0,0,0,0,0,0
0,-1.0408548331355023,-1.325189243361847,-0.9266516300808086,-1.2516752074352926,0,0,0,0,0,1,0,0,0,0,0,0,0,0,0,0,0,0,0,0,0,0,0,0,0,0,0,0
0,-1.1632104611516882,0.3296895756456144,-0.8684382015143115,0.5166979182818437,1,1,0,0,1,0,0,1,0,0,0,0,0,0,1,0,0,0,0,0,0,0,0,1,0,0,0,1
0,1.6101837738818572,1.6436134620937497,2.5448010718391445,1.5593460531820853,6,1,1,1,1,0,1,1,0,0,1,0,1,0,1,0,1,0,1,0,1,0,1,1,1,0,0,0
0,-0.5106471117320305,-1.3451475808775148,-0.7974526717200762,-1.35099300976884,0,0,1,0,0,1,0,0,0,0,0,0,0,0,0,0,0,0,0,0,0,0,0,1,0,1,0,1
0,1.2431168898332998,1.473967593210573,2.099740770680508,1.55856655604487,6,1,0,0,1,0,0,1,0,0,1,0,1,0,1,0,1,0,1,0,1,0,1,0,1,0,0,0
0,0.9576204244621995,-0.6599113261729178,0.119006253336264,-0.6356751279881281,4,0,0,0,0,1,0,0,0,0,1,0,1,0,1,0,1,0,0,0,0,0,1,0,0,0,0,0
0,-1.1224252518129596,-0.4619911458092113,-0.8839235470443157,-0.24964051789267572,1,0,0,1,1,0,0,0,0,0,0,0,0,0,0,0,1,0,0,0,0,0,0,1,0,0,1,0
0,1.6101837738818572,1.515547463034881,2.511249489857469,1.5243278843216337,5,0,1,0,1,0,1,1,0,0,0,0,1,0,1,0,1,0,1,0,1,0,1,1,0,0,0,0
1,1.4470429365269428,0.6573389498611624,1.4970255343324992,0.6197169100007917,2,1,1,1,1,0,1,1,0,0,0,0,1,0,1,0,0,0,0,0,0,0,0,1,0,1,0,0
0,1.4062577271882142,-0.16095288828122092,0.7516333536994948,-0.1749565334206036,3,1,1,1,1,0,0,0,0,0,1,0,1,0,0,0,1,0,0,0,0,1,0,0,0,0,1,0
0,-1.0000696237967737,-0.6732168845166964,-0.8475925440700752,-0.6214961737327128,0,1,1,1,1,0,0,0,0,0,0,0,0,0,0,0,0,0,0,0,0,0,0,0,0,0,0,0
0,0.7944795871072851,0.9434084542524017,1.032950464161236,0.8016887508830606,3,1,1,1,1,0,1,1,0,0,0,0,1,0,0,0,1,0,0,0,1,0,0,1,0,0,0,0
0,-0.5922175304094877,-1.48485594348719,-0.833121907791325,-1.4109820569633125,0,0,1,1,1,0,0,0,1,1,0,1,0,1,0,1,0,1,0,1,0,0,0,1,0,0,1,0
0,1.0799760524783852,-1.3118836850180684,-0.33366436720677645,-1.2892997832649555,0,0,1,1,1,0,1,0,1,1,0,1,0,1,0,1,0,1,0,1,0,0,1,0,0,0,1,0
0,1.1207612618171139,-1.4732135799363837,-0.5282458955830817,-1.5473710328537231,0,0,0,0,1,0,0,0,1,1,0,1,0,1,0,1,0,1,0,1,0,0,1,0,0,0,1,0
0,-1.0408548331355023,0.9716827657329311,-0.7010552928509624,1.1701730626295423,2,1,0,0,1,0,1,1,0,0,0,0,0,0,0,0,0,0,1,0,1,0,0,1,0,1,0,0
0,1.0799760524783852,-1.000866258732244,-0.13678871356676686,-1.0385428625312039,2,1,1,1,0,1,0,0,0,0,1,0,0,0,1,0,0,0,0,0,0,1,0,0,0,0,1,0
0,0.5497683310749134,-0.13766816117960828,0.26605085918100396,-0.06597125826010648,5,1,0,0,0,1,0,0,0,0,1,0,0,0,1,0,1,0,1,0,1,0,1,1,0,0,0,0
0,-1.1224252518129596,-0.450348782258405,-0.8947324064598456,-0.41209166810920805,1,1,0,0,1,0,0,0,0,0,0,0,1,0,0,0,0,0,0,0,0,0,0,1,0,1,0,0
1,1.0799760524783852,-0.027897304843435063,0.7043390790323596,0.03278622928937642,5,1,1,0,0,1,0,0,0,0,1,0,0,0,1,0,1,0,1,0,1,0,1,1,1,0,0,0
0,1.5286133552044,0.6623285342400791,1.6002391123024267,0.6513476617412031,5,0,1,0,1,0,1,0,0,0,0,0,1,0,1,0,1,0,1,0,1,0,1,1,0,0,0,0
0,-0.7553583677644021,0.20328677137971796,-0.6072167460067494,0.013123033536281255,0,0,0,0,1,0,0,1,0,0,0,0,0,0,0,0,0,0,0,0,0,0,0,1,1,0,0,1
0,0.4681979123974562,-0.49026545728974086,-0.0667296574367198,-0.5395359517252761,0,0,0,0,1,0,1,0,0,0,0,0,0,0,0,0,0,0,0,0,0,0,0,1,0,0,1,0
0,1.2839020991720282,0.9883147136626543,1.613981804987886,0.9302334833898087,3,0,1,0,1,0,1,1,0,0,1,0,0,0,1,0,0,0,1,0,0,0,1,1,1,0,0,0
0,1.0391908431396566,-0.17093205703905476,0.5885298710088246,-0.07960412220333064,5,0,1,1,0,1,0,0,0,0,1,0,0,0,1,0,1,0,1,0,1,0,1,0,0,0,1,0
1,0.5497683310749134,1.176255725268527,1.0868403489615213,1.2748993824690316,3,0,1,0,1,0,1,1,0,0,0,0,0,0,0,0,1,0,1,0,1,1,0,0,0,1,0,0
1,1.0391908431396566,1.1313494658582746,1.5398639118528237,1.1529839769149648,3,1,1,0,1,0,1,1,0,0,0,0,1,0,0,0,0,0,1,0,1,0,0,1,0,1,0,0
0,1.6101837738818572,1.0914327908269386,2.020306683424746,1.0119252767225484,3,0,1,0,1,0,1,1,0,0,0,0,1,0,0,0,0,0,1,0,1,0,1,1,1,0,0,0
1,-0.10279501834474433,-0.8179148315052885,-0.4929737196536278,-0.8550749576622488,2,0,0,0,0,1,0,0,0,0,0,0,0,0,1,0,0,0,1,0,0,0,0,1,0,1,0,1
1,-0.877713995780588,-0.15430010910933153,-0.7179744666707816,-0.15322470536156477,2,1,0,0,1,0,1,0,0,0,1,0,1,0,0,0,0,0,0,0,0,0,0,0,0,0,0,0
1,0.060345819010170096,-0.2873556925471174,-0.2313552040042706,-0.4293411329791389,4,0,0,0,0,1,0,0,0,0,0,0,1,0,1,0,0,0,1,0,1,0,0,1,0,1,0,0
0,0.8760500057847422,-0.6216578459345542,0.062469300924012476,-0.6582180536356848,3,1,0,0,0,1,0,0,0,0,1,0,1,0,0,0,0,0,0,0,1,0,1,0,0,0,0,0
0,-1.2039956704904167,-0.47529670415298986,-0.9419163866431488,-0.4345253983772055,3,0,0,0,0,1,0,0,0,0,0,0,1,0,0,0,0,0,1,0,1,0,0,1,0,1,0,1
0,1.6101837738818572,-1.330178827740764,-0.19021536153495766,-1.2952217985607155,0,0,1,1,1,0,1,0,1,1,0,1,0,1,0,1,0,1,0,1,0,0,1,0,0,0,1,0
0,0.30505707504254176,0.6639917290330513,0.44677940038801783,0.5863612814231682,2,0,1,1,1,0,1,1,0,0,0,0,0,0,1,0,1,0,0,0,0,0,0,1,0,1,0,1
0,-1.2447808798291453,0.02698812332465179,-0.9511811232850316,0.07575908197982734,2,0,1,1,1,0,0,0,0,0,0,0,0,0,0,0,0,0,1,0,1,0,0,0,0,0,1,1
0,0.8760500057847422,-0.051182031945047446,0.49356632042952586,-0.05829688419469964,2,1,1,1,1,0,1,0,0,0,0,0,0,0,1,0,0,0,0,0,1,0,1,0,1,0,0,0
0,-0.7553583677644021,-0.4919286520827131,-0.6974376337812748,-0.4711518967739357,1,0,0,0,1,0,0,0,0,0,1,0,0,0,0,0,0,0,0,0,0,0,0,0,0,0,0,0
0,-1.285566089167874,0.18665482344999473,-0.9793503344557085,0.18599379105533156,0,0,0,0,1,0,0,1,0,0,0,0,0,0,0,0,0,0,0,0,0,0,0,0,0,1,0,1
0,-0.9184992051193165,0.9966306876275159,-0.5898122764580694,1.009687429245076,3,0,0,0,1,0,1,1,0,0,0,0,1,0,1,0,0,0,0,0,1,0,0,1,0,1,0,1
0,-1.285566089167874,-0.49026545728974086,-0.9883283054396282,-0.48867578178271626,1,0,0,0,1,0,0,0,0,0,1,0,0,0,0,0,0,0,0,0,0,0,0,0,0,1,0,0
0,-1.285566089167874,-1.5014878914169132,-1.001740114673592,-1.4965359790444681,0,1,0,0,1,0,0,0,1,1,0,1,0,1,0,1,0,1,0,1,0,0,0,0,0,0,1,1
0,0.9576204244621995,-0.0079389673277669,0.6067064019443281,0.01877685454418141,3,1,0,0,1,0,1,0,0,0,1,0,1,0,0,0,1,0,0,0,0,1,0,1,0,0,0,0
0,1.4470429365269428,0.48935627577095736,1.4229958767845021,0.5379062767284803,5,0,1,0,1,0,0,0,0,0,1,0,1,0,0,0,1,0,1,0,1,0,1,1,0,0,0,0
0,-0.7553583677644021,-1.509803865381775,-0.8904529804871665,-1.5071923956038615,0,0,1,1,1,0,0,0,1,1,0,1,0,1,0,1,0,1,0,1,0,1,0,1,0,0,1,0
0,1.4470429365269428,1.1529709981669143,1.9313210938691387,1.099659623905817,4,1,1,1,1,0,0,1,0,0,1,0,0,0,0,0,1,0,1,0,1,0,1,1,0,1,0,0
1,0.9168352151234709,0.30307845895805735,0.7773760862258691,0.291421272216265,0,1,1,0,1,0,1,1,0,0,0,0,0,0,0,0,0,0,0,0,0,0,0,1,0,1,0,0
0,-0.6737879490869448,-0.8644842857085135,-0.7173347586645563,-0.7746229594597758,2,0,0,0,0,1,0,0,0,0,1,0,0,0,0,0,0,0,1,0,0,0,0,1,0,1,0,0
1,-0.9592844144580451,0.48769308097798514,-0.6934449734665585,0.4956087383501058,1,1,0,0,1,0,0,1,0,0,0,0,0,0,0,0,0,0,0,0,1,0,0,1,0,1,0,0
0,-0.7553583677644021,0.018672149359790176,-0.5968049467330144,0.06901001815887832,3,1,1,1,1,0,0,0,0,0,1,0,1,0,0,0,0,0,1,0,0,0,0,1,0,1,0,1
1,1.0391908431396566,1.124696686686385,1.5539374879897792,1.171218289694372,3,1,1,0,1,0,1,1,0,0,0,0,0,0,1,0,0,0,1,0,1,0,0,1,0,1,0,1
0,0.8352647964460137,-0.6183314563486098,0.11316064569317127,-0.5581725965268702,3,1,0,0,0,1,0,0,0,0,1,0,1,0,0,0,0,0,0,0,1,0,0,1,0,0,0,0
0,1.5286133552044,1.146318218995025,2.053306792987262,1.1377301944376108,4,1,1,0,1,0,1,1,0,0,1,0,1,0,1,0,0,0,1,0,0,0,1,1,1,0,0,0
1,-0.7553583677644021,1.0282313886939902,-0.41649552456456196,1.0368494510086854,2,0,1,1,1,0,1,1,0,0,0,0,0,0,0,0,0,0,1,0,1,0,0,1,0,1,0,0
0,-0.4290766930545732,0.08686313587165533,-0.3292525878534989,0.17552036346716005,4,1,1,1,1,0,0,0,0,0,1,0,0,0,1,0,1,0,1,0,0,1,0,1,0,0,0,1
0,-0.9184992051193165,0.44112362677476036,-0.6728860816802853,0.3854108662701157,1,0,1,0,1,0,1,1,0,0,1,0,0,0,0,0,0,0,0,0,0,0,0,1,1,0,0,0
0,-0.14358022768347295,-1.2902621527094282,-0.7049155997850801,-1.3595785702060403,0,0,1,1,1,0,1,0,1,1,0,1,0,1,0,1,0,1,0,1,0,0,1,0,0,0,1,0
0,-1.285566089167874,0.1567173171764927,-0.9797473945975036,0.1561558246890295,0,0,0,0,1,0,0,1,0,0,0,0,0,0,0,0,0,0,0,0,0,0,0,1,0,1,0,1
0,0.6721239590910992,0.647359781103328,0.7804422728763969,0.5952340168298823,5,1,1,0,1,0,1,0,0,0,1,0,0,0,1,0,1,0,1,0,1,1,0,0,0,1,0,1
1,1.4470429365269428,1.1745925304755547,2.0123434216920804,1.189197900428224,3,0,1,0,1,0,1,1,0,0,0,0,1,0,0,0,0,0,1,0,1,0,0,1,0,1,0,1
0,-1.285566089167874,0.4377972371888154,-0.976019441043984,0.4363011755726416,1,0,0,0,1,0,0,1,0,0,0,0,0,0,0,0,0,0,1,0,0,0,0,0,0,1,0,1
0,-0.10279501834474433,-0.8162516367123162,-0.48675311076550654,-0.8394929085598468,2,0,0,0,0,1,0,0,0,0,0,0,0,0,0,0,1,0,0,0,1,1,0,1,1,0,0,0
0,1.6101837738818572,0.476050717427179,1.3727457099506708,0.33605850153029726,5,0,1,0,1,0,1,0,0,0,1,0,1,0,1,0,1,0,1,0,0,0,1,0,1,0,0,0
0,-0.9184992051193165,-1.4632344111785498,-0.9014824288703602,-1.3324271640298078,0,0,0,0,1,0,0,0,1,1,0,1,0,1,0,1,0,1,0,1,0,0,0,1,0,0,1,0
0,-1.0408548331355023,0.2897729006142786,-0.7810408525258838,0.3115026971992999,0,1,0,0,1,0,1,1,0,0,0,0,0,0,0,0,0,0,0,0,0,0,0,0,0,1,0,1
0,-0.9592844144580451,0.3280263808526422,-0.6987170497937253,0.4515885287109324,0,0,0,0,1,0,1,1,0,0,0,0,0,0,0,0,0,0,0,0,0,0,0,1,0,1,0,1
0,-1.285566089167874,-0.49858143125460247,-0.9884385999234602,-0.49696410577335565,1,0,0,1,1,0,0,0,0,0,1,0,0,0,0,0,0,0,0,0,0,0,0,0,0,0,1,0
0,-0.5106471117320305,0.13343259007488056,-0.40588519521992955,0.120267381809561,3,0,0,0,1,0,1,0,0,0,0,0,1,0,0,0,1,0,0,0,1,0,0,1,1,0,0,0
0,-1.285566089167874,-1.48485594348719,-1.0015195257059282,-1.4799593310631893,0,0,0,0,1,0,0,0,1,1,0,1,0,1,0,1,0,1,0,1,0,0,0,1,0,0,1,0
0,-0.14358022768347295,0.36960625067695024,-0.03313395766151141,0.38119811124866665,0,0,0,0,1,0,1,1,0,0,0,0,0,0,0,0,0,0,0,0,0,0,0,1,1,0,0,0
0,-1.285566089167874,0.30307845895805735,-0.9778062116820614,0.3020303269242833,1,1,0,0,1,0,0,1,0,0,0,0,0,0,0,0,1,0,0,0,0,0,0,0,0,1,0,0
0,-1.2039956704904167,0.5791687945914629,-0.915864829562045,0.21804197715247065,2,1,0,0,1,0,0,1,0,0,1,0,0,0,0,0,1,0,0,0,0,0,0,1,0,0,1,0
0,-0.5106471117320305,0.8153424551935331,-0.184943285207791,0.9504259127120043,3,0,0,0,1,0,0,1,0,0,1,0,0,0,1,0,0,0,1,0,0,0,0,1,0,0,0,0
0,1.2839020991720282,1.139665439823136,1.712143895598311,1.045492988884638,4,1,0,1,1,0,0,1,0,0,0,0,1,0,0,0,1,0,1,0,1,0,0,1,1,0,0,0
0,-1.081640042474231,-1.1788281015802824,-0.9392252012376495,-1.2592136354458265,1,0,0,0,0,1,0,0,0,0,1,0,0,0,0,0,0,0,0,0,0,0,0,0,0,0,0,0
0,0.7129091684298279,-1.499824696623941,-0.5634518948222362,-1.4794951849197138,0,1,1,0,1,0,0,0,1,1,0,1,0,1,0,1,0,1,0,1,0,0,1,0,0,1,0,0
0,-1.081640042474231,-0.19089039455472268,-0.8619087680714608,-0.290861115872789,2,1,0,0,1,0,0,0,0,0,1,0,0,0,0,0,0,0,0,0,1,0,0,1,0,0,0,0
0,-1.0408548331355023,-0.6698904949307517,-0.8632543607742105,-0.5710854031753596,0,1,1,1,1,0,0,0,0,0,0,0,0,0,0,0,0,0,0,0,0,0,0,0,0,1,0,0
0,1.6101837738818572,0.8619119093967579,1.8624091003709433,0.8471257680420015,2,1,1,1,1,0,1,1,0,0,0,0,0,0,1,0,0,0,0,0,1,0,1,1,1,0,0,0
0,-1.0000696237967737,-0.5102237948054088,-0.8368719202416108,-0.520793037246444,1,1,1,0,1,0,0,0,0,0,0,0,1,0,0,0,0,0,0,0,0,0,0,1,0,0,0,0
0,1.4062577271882142,1.3908078535619568,2.081983358783566,1.317164456285283,4,0,1,1,1,0,1,1,0,0,1,0,0,0,0,0,1,0,1,0,1,0,1,0,1,0,0,0
1,-0.347506274377116,0.9533876230102356,-0.011604474417517007,0.9762164141962106,2,0,1,0,1,0,1,1,0,0,0,0,0,0,0,0,0,0,1,0,1,0,0,1,0,1,0,1
0,1.6101837738818572,0.9833251292837376,2.043247936061789,1.035869323806618,3,0,1,0,1,0,1,1,0,0,1,0,1,0,0,0,0,0,0,0,1,0,1,1,1,0,0,0
0,0.01956060967144149,-1.511467060174747,-0.7456363232158316,-1.548275213652702,0,1,1,1,1,0,0,0,1,1,0,1,0,1,0,1,0,1,0,1,0,1,0,1,0,0,0,0
0,-1.2447808798291453,-1.325189243361847,-0.9855930022405963,-1.2172194605599203,0,1,0,0,0,1,0,0,0,0,0,0,0,0,0,0,0,0,0,0,0,0,0,1,0,1,0,1
0,1.5286133552044,0.10183188900840634,1.0472666881626216,0.05771421660592076,4,1,1,0,1,0,0,0,0,0,1,0,1,0,0,0,1,0,0,0,1,0,1,0,0,0,1,0
0,-0.4290766930545732,0.012019370187900788,-0.3743630317407616,0.021432885641181707,3,0,0,0,1,0,0,0,0,0,0,0,1,0,1,0,0,0,1,0,0,1,0,0,0,0,0,0
0,1.0799760524783852,1.14964460858097,1.4705989760063665,1.0087574511973123,4,0,0,0,1,0,1,1,0,0,1,0,1,0,1,0,0,0,0,0,1,0,0,1,0,0,0,0
0,0.14191623768762732,-1.4815295539012454,-0.7034597125984986,-1.510487991095378,0,1,0,0,1,0,0,0,1,1,0,1,0,1,0,1,0,1,0,1,0,1,0,1,1,0,0,0
0,0.7536943777685564,-1.4948351122450239,-0.5565915779278897,-1.4825595895700565,0,0,1,1,1,0,0,0,1,1,0,1,0,1,0,1,0,1,0,1,0,0,1,0,0,0,1,0
0,0.8352647964460137,0.4161757048801755,0.8230600614290577,0.4483739795741012,4,1,1,0,1,0,1,0,0,0,1,0,0,0,1,0,1,0,1,0,0,1,0,0,0,0,0,0
0,-0.5106471117320305,-1.5031510862098856,-0.8359233876806562,-1.4955413801655915,0,0,1,1,1,0,0,0,1,1,0,1,0,1,0,1,0,1,0,1,0,1,0,0,0,0,0,0
0,1.2431168898332998,1.1579605825458315,1.782379422902489,1.1800138028596983,4,1,1,0,1,0,0,1,0,0,1,0,0,0,1,0,0,0,1,0,1,0,1,0,1,0,0,0
0,0.30505707504254176,0.3296895756456144,0.3005950915171669,0.311727665993331,1,0,0,0,1,0,0,1,0,0,0,0,1,0,0,0,0,0,0,0,0,0,0,0,1,0,0,0
0,0.1011310283488987,-1.5214462289325812,-0.728981856157209,-1.546976350758931,0,1,0,0,1,0,0,0,1,1,0,1,0,1,0,1,0,1,0,1,0,1,0,1,0,0,1,0
0,-0.2659358556996588,0.4677347434623174,-0.11298716395583461,0.4426130530732054,1,1,1,1,1,0,0,1,0,0,0,0,0,0,0,0,0,0,0,0,1,1,0,0,0,0,0,0
1,-0.22515064636093016,1.0199154147291285,0.0969914743634091,0.9309606303325059,3,1,1,0,1,0,1,1,0,0,0,0,1,0,1,0,0,0,0,0,1,0,0,1,0,1,0,1
0,0.8352647964460137,-0.06781397987477068,0.4981545709569345,-0.012300450833928021,3,1,0,1,1,0,0,0,0,0,1,0,1,0,0,0,1,0,0,0,0,1,0,0,1,0,0,0
1,0.060345819010170096,0.2215819141024134,0.06043988242150485,0.21558798318661454,0,1,1,0,1,0,0,1,0,0,0,0,0,0,0,0,0,0,0,0,0,0,0,0,1,0,0,0
1,-0.551432321070759,0.9999570772134608,-0.2338699182356388,0.9201648055946011,2,0,1,0,1,0,1,1,0,0,0,0,0,0,0,0,0,0,1,0,1,0,0,1,0,1,0,0
0,0.4274127030587276,0.7055715988573593,0.556456235110497,0.5870330211698513,3,1,1,0,1,0,0,1,0,0,1,0,1,0,1,0,0,0,0,0,0,0,0,1,1,0,0,0
0,-1.081640042474231,-1.5081406705888027,-0.9562326106445342,-1.4722235620052593,0,1,1,1,1,0,0,0,1,1,0,1,0,1,0,1,0,1,0,1,0,0,0,0,0,0,1,0
0,0.9576204244621995,-1.3335052173267088,-0.38212776340253,-1.3081542152000782,0,1,0,1,1,0,1,0,1,1,0,1,0,1,0,1,0,1,0,1,0,0,1,1,0,0,1,0
0,0.9984056338009281,-0.851178727364735,-0.07892822734853219,-0.9232166136007304,2,1,0,0,0,1,0,0,0,0,0,0,1,0,0,0,0,0,1,0,0,0,0,1,0,1,0,1
0,0.060345819010170096,0.6373806123454943,0.27335235401067814,0.6861697664669176,2,1,1,1,1,0,0,1,0,0,0,0,0,0,1,0,0,0,1,0,0,0,0,1,0,0,1,0
0,-0.9184992051193165,-0.9526336097360466,-0.8454528310837357,-0.911380305305326,2,0,0,0,0,1,0,0,0,0,0,0,1,0,0,0,1,0,0,0,0,0,0,0,0,1,0,0
0,-1.285566089167874,-1.48485594348719,-1.0015195257059282,-1.4799593310631893,0,0,0,0,1,0,0,0,1,1,0,1,0,1,0,1,0,1,0,1,0,0,0,1,0,0,1,1
0,-0.7961435771031307,-1.3634427236002105,-0.8777470559497271,-1.3841973108021093,0,0,0,0,0,1,0,0,0,0,0,0,0,0,0,0,0,0,0,0,0,0,0,1,0,1,0,1
0,0.9576204244621995,1.1213702971004402,1.451782737064638,1.1527971834063093,3,1,0,0,1,0,1,1,0,0,0,0,1,0,0,0,0,0,1,0,1,0,0,0,0,1,0,0
0,0.9168352151234709,1.289352971190645,1.4939593476819708,1.2704983807105232,4,0,1,0,1,0,1,1,0,0,0,0,1,0,1,0,0,0,1,0,1,0,0,1,1,0,0,0
0,0.14191623768762732,0.9317660907015957,0.4803971590599925,0.960721852958154,6,0,1,1,1,0,1,0,0,0,1,0,1,0,1,0,1,0,1,0,1,0,1,1,1,0,0,0
0,0.590553540413642,-1.4964983070379965,-0.5944446447790108,-1.4861667566902212,0,1,1,0,1,0,0,0,1,1,0,1,0,1,0,1,0,1,0,1,0,1,0,0,0,0,0,0
0,-0.8369287864418593,-1.489845527866107,-0.9079236267261453,-1.5092447424967819,0,0,1,1,1,0,0,0,1,1,0,1,0,1,0,1,0,1,0,1,0,0,0,1,1,0,0,0
0,-1.285566089167874,0.6839500665487195,-0.9727547243225587,0.6816355656955682,2,0,0,0,1,0,0,1,0,0,0,0,0,0,1,0,0,0,1,0,0,0,0,1,0,1,0,1
1,-0.347506274377116,0.5192937820444593,-0.0890753198610705,0.7336447987368303,1,1,0,0,1,0,1,1,0,0,0,0,1,0,0,0,0,0,0,0,0,0,0,1,0,1,0,0
0,1.2431168898332998,1.164613361717721,1.697055610210102,1.0782384466825772,3,0,0,0,1,0,1,1,0,0,0,0,1,0,0,0,0,0,1,0,1,1,0,0,0,0,0,1
1,0.1011310283488987,-0.8328835846420394,-0.37753951287512144,-0.7924073346511192,2,0,0,0,0,1,0,0,0,0,0,0,0,0,1,0,0,0,1,0,0,0,0,1,0,1,0,0
0,1.4062577271882142,-0.14598413514446992,0.696905230822087,-0.23633961348262264,3,0,0,0,1,0,0,0,0,0,1,0,1,0,0,0,1,0,0,0,0,1,0,0,1,0,0,0
0,-0.30672106503838736,0.6623285342400791,-0.10892832695081926,0.5585705310825542,1,1,0,0,1,0,1,1,0,0,0,0,0,0,0,0,0,0,0,0,1,0,0,1,0,1,0,1
0,-0.46986190239330183,1.2960057503625342,-0.03324425214534334,1.345569785555264,4,1,0,0,1,0,1,1,0,0,1,0,0,0,1,0,0,0,1,0,1,0,0,0,0,0,1,0
0,-0.7961435771031307,0.09684230462948917,-0.6388712628665155,-0.003362533961584323,4,0,0,0,1,0,0,0,0,0,1,0,1,0,0,0,1,0,0,0,1,0,0,0,0,0,0,0
0,0.1011310283488987,0.3429951339893932,0.12610921809504078,0.2889584559447605,0,1,1,0,1,0,1,1,0,0,0,0,0,0,0,0,0,0,0,0,0,0,0,1,0,1,0,1
1,1.5693985645431285,-1.3318420225337362,-0.17177412383825763,-1.2636457486032622,0,1,1,0,1,0,1,0,1,1,0,1,0,1,0,1,0,1,0,1,0,0,1,0,0,0,0,0
0,-0.14358022768347295,-1.5147934497606919,-0.7450407330031392,-1.4635541656472342,0,0,0,0,1,0,0,0,1,1,0,1,0,1,0,1,0,1,0,1,0,0,0,0,1,0,0,0
0,1.5693985645431285,-0.5168765739772979,0.5403973582645668,-0.5098752132855349,3,1,1,0,0,1,0,0,0,0,0,0,1,0,0,0,0,0,1,0,1,0,1,0,0,1,0,1
1,-1.0408548331355023,0.8020368968497543,-0.7433421979521273,0.7162097171993783,2,1,1,0,1,0,0,1,0,0,0,0,0,0,0,0,0,0,1,0,1,0,0,1,0,1,0,0
1,0.9984056338009281,-0.32893556237142546,0.35457321190451757,-0.35170032214793856,4,0,0,0,0,1,0,0,0,0,0,0,1,0,1,0,0,0,1,0,1,0,0,1,0,1,0,0
0,1.324687308510757,0.3745958350558674,1.1643553121986072,0.3630068889600334,4,1,1,0,1,0,1,0,0,0,1,0,0,0,1,0,1,0,0,0,1,0,1,0,0,0,0,0
0,-0.22515064636093016,-1.4831927486942178,-0.747930448479536,-1.4206517682857251,0,1,0,0,1,0,0,0,1,1,0,1,0,1,0,1,0,1,0,1,0,1,0,0,0,0,1,0
0,-1.081640042474231,0.33301596523155935,-0.803187984879337,0.444589499563281,0,1,0,0,1,0,1,1,0,0,0,0,0,0,0,0,0,0,0,0,0,0,0,1,0,1,0,1
1,1.6101837738818572,1.7450683444650614,2.711433978012437,1.7332627182523352,6,0,0,0,1,0,1,1,0,0,1,0,1,0,1,0,1,0,1,0,1,0,1,1,1,0,0,0
0,-1.285566089167874,-1.5014878914169132,-1.001740114673592,-1.4965359790444681,0,1,0,0,1,0,0,0,1,1,0,1,0,1,0,1,0,1,0,1,0,0,0,1,0,0,1,0
0,-0.877713995780588,-0.6549217417940008,-0.7933938347150609,-0.6684570639796765,0,1,0,0,1,0,0,0,0,0,0,0,0,0,0,0,0,0,0,0,0,0,0,0,1,0,0,0
0,0.2642718657038131,-1.32019965898293,-0.574591637689262,-1.3114725808124477,0,1,1,1,1,0,1,0,1,1,0,1,0,1,0,1,0,1,0,1,0,0,1,0,0,0,1,0
1,1.0799760524783852,0.8269848187443392,1.4146576138068074,0.9375059608913412,3,0,0,0,1,0,1,1,0,0,1,0,1,0,1,0,0,0,0,0,0,0,0,1,0,1,0,0
0,-0.2659358556996588,0.3363423548175038,-0.1685314660135987,0.28207459300835885,4,1,0,0,1,0,0,0,0,0,1,0,0,0,0,0,1,0,1,0,1,1,0,0,0,0,0,0
1,-1.2447808798291453,-0.49691823646163,-0.9632032220227128,-0.3759545755100204,1,1,0,0,1,0,0,0,0,0,0,0,0,0,1,0,0,0,0,0,0,0,0,0,0,0,1,0
0,1.6101837738818572,0.02698812332465179,1.0080900875055174,-0.04453673149542491,6,0,1,1,0,1,0,0,0,0,1,0,1,0,1,0,1,0,1,0,1,0,1,0,0,0,0,0
0,1.324687308510757,0.07189438273490432,0.8908249922954007,0.04677545054794542,3,1,1,0,1,0,1,0,0,0,1,0,1,0,1,0,0,0,0,0,0,1,0,0,1,0,0,0
0,1.6101837738818572,1.530516216171632,2.484889108221636,1.49681525329715,5,1,1,1,1,0,1,1,0,0,0,0,1,0,1,0,1,0,1,0,1,0,1,0,1,0,0,0
0,-1.081640042474231,0.7671098061973356,-0.7800040843778636,0.7349571167020151,2,1,0,0,1,0,1,1,0,0,0,0,0,0,0,0,1,0,0,0,1,0,0,1,0,0,0,0
1,-0.02122459966728712,-1.499824696623941,-0.751173106304195,-1.5424325731426338,0,1,0,0,1,0,0,0,1,1,0,1,0,1,0,1,0,1,0,1,0,1,0,0,1,0,0,0
0,0.7129091684298279,0.3596270819191164,0.699640534021119,0.41886254189633637,3,0,1,0,1,0,1,0,0,0,0,0,0,0,1,0,0,0,1,0,1,1,0,0,0,0,0,0
0,1.1615464711558425,-0.0910987069763833,0.6566918620169624,-0.09752123909004869,5,1,1,0,0,1,0,0,0,0,1,0,0,0,1,0,1,0,1,0,1,0,1,1,0,0,1,0
0,-0.7145731584256735,1.2095196211279735,-0.3675468326399478,1.0695291284574926,4,0,0,0,1,0,0,1,0,0,0,0,1,0,1,0,0,0,1,0,1,0,0,1,0,1,0,1
0,1.6101837738818572,1.6718877735742794,2.6731397332259883,1.6932945781196966,6,1,1,0,1,0,1,1,0,0,1,0,1,0,1,0,1,0,1,0,1,0,1,0,0,0,0,0
0,-0.9592844144580451,-1.5280990081044703,-0.9285707540994843,-1.4676189375660151,0,1,0,0,1,0,0,0,1,1,0,1,0,1,0,1,0,1,0,1,0,0,0,1,0,0,1,1
0,-1.285566089167874,-1.509803865381775,-1.0018504091574238,-1.5048243030351076,0,0,0,0,1,0,0,0,1,1,0,1,0,1,0,1,0,1,0,1,0,0,0,0,0,0,1,0
0,-0.8369287864418593,0.7205403519941104,-0.5397606396951359,0.796290714232747,1,0,0,0,1,0,1,1,0,0,0,0,0,0,0,0,0,0,0,0,1,0,0,1,0,1,0,0
0,0.18270144702635593,-1.2071024130608121,-0.5809445999579816,-1.278978674728009,1,0,0,0,0,1,0,0,0,0,0,0,0,0,0,0,1,0,0,0,0,0,0,0,1,0,0,1
0,1.1615464711558425,-1.4798663591082732,-0.46937070011359305,-1.4847421016282796,0,1,1,1,1,0,0,0,1,1,0,1,0,1,0,1,0,1,0,1,0,1,0,0,0,0,1,0
0,-0.5922175304094877,-1.499824696623941,-0.8594381716336255,-1.5208483960836772,0,1,1,1,1,0,0,0,1,1,0,1,0,1,0,1,0,1,0,1,0,1,0,0,0,0,0,0
0,-0.46986190239330183,-0.6399529886572499,-0.5758710537017125,-0.5961871844041531,0,1,0,1,1,0,0,0,0,0,0,0,0,0,0,0,0,0,0,0,0,0,0,0,0,0,1,0
0,1.4470429365269428,-0.28236610816820046,0.7315156398485492,-0.22625281778497153,5,1,1,1,0,1,0,0,0,0,1,0,1,0,1,0,1,0,0,0,1,0,1,1,0,0,1,0
1,-0.8369287864418593,0.27979373185644474,-0.6451359895481696,0.1364019858446723,0,1,0,0,1,0,1,1,0,0,0,0,0,0,0,0,0,0,0,0,0,0,0,1,1,0,0,0
1,-1.2447808798291453,-1.3484739704634594,-0.9919900823028487,-1.4575808562884631,0,0,0,0,0,1,0,0,0,0,0,0,0,0,0,0,0,0,0,0,0,0,0,0,0,1,0,1
0,1.2023316804945712,1.2128460107139178,1.7092762390186806,1.1451400324753251,3,0,1,0,1,0,1,1,0,0,0,0,0,0,1,0,0,0,1,0,1,0,0,1,0,1,0,0
1,-0.14358022768347295,1.1230334918934128,0.2525287554632083,1.1214311848954277,3,0,0,0,1,0,1,1,0,0,0,0,0,0,0,0,1,0,1,0,1,0,0,0,0,1,0,1
0,-1.285566089167874,-1.0407829337635797,-0.9956298002693027,-1.0373628299630449,2,1,0,1,0,1,0,0,0,0,0,0,1,0,0,0,1,0,0,0,0,0,0,0,0,0,1,0
1,-1.1224252518129596,0.49933544452879164,-0.8587102280403346,0.12930165495935775,1,1,1,0,1,0,1,1,0,0,0,0,0,0,1,0,0,0,0,0,0,0,0,1,0,0,0,1
0,-1.285566089167874,-1.4698871903504391,-1.0013209956350306,-1.4650403478800382,0,0,0,0,1,0,0,0,1,1,0,1,0,1,0,1,0,1,0,1,0,0,0,0,0,1,0,0
0,1.2023316804945712,1.3026585295344235,1.8971298038812379,1.3728283134568906,4,1,0,1,1,0,1,1,0,0,0,0,0,0,1,0,1,0,1,0,1,0,1,1,0,1,0,0
0,0.14191623768762732,-1.48485594348719,-0.6937096802277551,-1.4901355510739187,0,0,1,1,1,0,0,0,1,1,0,1,0,1,0,1,0,1,0,1,0,0,1,0,0,0,0,0
1,-0.18436543702220157,1.2777106076398386,0.2648376198588527,1.271349817629562,4,0,0,0,1,0,1,1,0,0,0,0,0,0,1,0,1,0,1,0,1,0,0,1,0,1,0,1
0,1.4878281458656715,0.2930992902002235,1.1450758364247846,0.1962520935017175,4,0,1,1,1,0,1,0,0,0,1,0,1,0,0,0,1,0,1,0,0,1,0,0,1,0,0,0
0,-0.877713995780588,1.041536947037769,-0.4713118830290352,1.5318669103353415,3,0,1,0,1,0,1,1,0,0,1,0,0,0,0,0,1,0,1,0,0,0,0,1,1,0,0,1
0,1.2431168898332998,1.4589988400738219,2.0211890392954013,1.4648690267411655,5,0,1,0,1,0,1,1,0,0,0,0,1,0,1,0,1,0,1,0,1,0,0,1,0,1,0,0
0,-0.3882914837158446,-1.4881823330731347,-0.8315116083273787,-1.5666624072435302,0,1,0,0,1,0,0,0,1,1,0,1,0,1,0,1,0,1,0,1,0,1,0,0,0,0,0,0
0,-0.9184992051193165,-1.5014878914169132,-0.9185780738643107,-1.4608961858847187,0,1,0,0,1,0,0,0,1,1,0,1,0,1,0,1,0,1,0,1,0,0,0,0,1,0,0,0
0,1.5693985645431285,-1.2952517370883452,-0.21549485722923786,-1.3099202786017052,0,0,1,0,1,0,1,0,1,1,0,1,0,1,0,1,0,1,0,1,0,0,1,1,1,0,0,0
1,0.5089831217361848,0.1716860703132437,0.3406319891481604,0.1049155639291211,3,0,0,0,1,0,1,0,0,0,1,0,0,0,0,0,1,0,0,0,1,0,0,1,0,1,0,0
0,1.5286133552044,-1.3584531392212935,-0.2318846175266639,-1.3154953021632159,0,0,1,1,1,0,1,0,1,1,0,1,0,1,0,1,0,1,0,1,0,0,1,0,0,0,1,0
0,-0.4290766930545732,0.6606653394471068,-0.2089433648896208,0.5864705366030447,1,0,0,1,1,0,1,1,0,0,0,0,0,0,0,0,0,0,0,0,1,0,0,1,0,1,0,0
0,0.7944795871072851,-1.39171703508074,-0.456730952266453,-1.3511077711779413,0,0,1,1,1,0,1,0,1,1,0,1,0,1,0,1,0,1,0,1,0,0,1,0,0,0,1,0
0,0.9168352151234709,1.3059849191203683,1.523253562587734,1.3105234507453205,4,1,1,0,1,0,1,1,0,0,0,0,0,0,1,0,1,0,1,0,1,1,0,1,0,1,0,1
0,1.324687308510757,-0.16427927786716537,0.7194494233173351,-0.15135374663137025,5,0,0,0,0,1,0,0,0,0,1,0,0,0,1,0,1,0,1,0,1,0,1,0,1,0,0,0
0,1.6101837738818572,-1.5081406705888027,-0.3648115294409157,-1.4774498107438012,0,0,1,1,1,0,0,0,1,1,0,1,0,1,0,1,0,1,0,1,0,0,1,0,0,0,0,0
0,-0.9184992051193165,-1.5064774757958301,-0.9268722190484725,-1.523224382294327,0,1,1,0,1,0,0,0,1,1,0,1,0,1,0,1,0,1,0,1,0,1,0,0,0,0,0,0
0,-1.0408548331355023,-1.4915087226590795,-0.9677473547565886,-1.6928508529941844,0,0,0,1,1,0,0,0,1,1,0,1,0,1,0,1,0,1,0,1,0,1,0,0,0,0,1,0
1,-1.1224252518129596,0.6872764561346639,-0.8302321923149282,0.5573107058359771,2,1,0,0,1,0,0,1,0,0,0,0,1,0,0,0,0,0,0,0,1,0,0,1,0,1,0,0
0,-0.347506274377116,0.45609237991151086,-0.19575214462332094,0.39962534191406257,4,0,1,1,1,0,1,0,0,0,1,0,0,0,1,0,0,0,1,0,1,0,1,0,1,0,0,0
0,1.6101837738818572,1.7267732017423658,2.720478125686656,1.742702198352786,6,0,1,1,1,0,1,1,0,0,1,0,1,0,1,0,1,0,1,0,1,0,1,1,1,0,0,0
0,-0.46986190239330183,-0.7098071699620876,-0.5642018973122934,-0.5544298187751222,3,1,0,0,0,1,0,0,0,0,1,0,0,0,0,0,1,0,1,0,0,0,0,1,0,0,1,0
0,1.4878281458656715,-0.13600496638663606,0.8704646305800247,-0.1028242698590655,5,1,1,0,0,1,0,0,0,0,0,0,1,0,1,0,1,0,1,0,1,1,0,1,1,0,0,0
0,0.4681979123974562,-0.3322619519573701,0.11415329604765871,-0.23060751207417116,2,1,1,1,1,0,0,0,0,0,0,0,1,0,0,0,1,0,0,0,0,0,0,1,0,0,0,0
1,1.1615464711558425,0.010356175394928559,0.73883919357499,0.0036778380940206495,2,0,1,1,1,0,1,0,0,0,0,0,0,0,1,0,0,0,1,0,0,1,0,1,0,1,0,0
1,-0.347506274377116,1.2660682440890325,0.09103557223648445,1.297596176933253,4,1,0,0,1,0,1,1,0,0,0,0,1,0,1,0,0,0,1,0,1,0,0,1,1,0,0,1
0,-1.285566089167874,0.8552591302248684,-0.9704826579556207,0.8523750399027398,2,0,0,0,1,0,0,1,0,0,0,0,0,0,0,0,0,0,1,0,1,0,0,0,0,1,0,1
0,-1.081640042474231,-0.4686439249811007,-0.883372074625156,-0.5596790906358605,1,0,0,0,1,0,0,0,0,0,0,0,0,0,0,0,1,0,0,0,0,0,0,1,0,0,0,1
0,-1.1632104611516882,0.8369639875021729,-0.8480557809021695,0.8996184866493847,2,1,0,0,1,0,1,1,0,0,0,0,1,0,0,0,0,0,0,0,1,0,0,1,0,1,0,1
0,1.6101837738818572,1.4407036973511265,2.448646340834461,1.4589882635287597,5,1,1,0,1,0,1,1,0,0,0,0,1,0,1,0,1,0,1,0,1,0,1,1,0,1,0,0
0,1.6101837738818572,0.9018285844280937,1.9157695716488354,0.902818700634659,6,1,0,0,1,0,1,0,0,0,1,0,1,0,1,0,1,0,1,0,1,0,1,0,0,0,0,0
1,-0.7553583677644021,0.33966874440344824,-0.5633857181319372,0.24839303024200238,0,1,1,0,1,0,1,1,0,0,0,0,0,0,0,0,0,0,0,0,0,0,0,1,0,1,0,0
0,-1.0408548331355023,-1.325189243361847,-0.9429752136879355,-1.4269140575230974,0,1,0,0,1,0,1,0,1,1,0,1,0,1,0,1,0,1,0,1,0,0,0,1,0,0,0,0
0,0.6313387497523706,0.34133193919642096,0.6539565588179304,0.45443188430216525,1,0,0,0,1,0,0,1,0,0,0,0,1,0,0,0,0,0,0,0,0,1,0,0,0,1,0,0
0,0.9168352151234709,-1.509803865381775,-0.5576504049726764,-1.53264293228369,0,1,1,1,1,0,0,0,1,1,0,1,0,1,0,1,0,1,0,1,0,1,0,0,0,0,1,0
0,-1.285566089167874,-1.5164566445536642,-1.0019386447444893,-1.5114549622276192,0,1,0,0,1,0,0,0,1,1,0,1,0,1,0,1,0,1,0,1,0,0,0,0,1,0,0,0
0,0.5089831217361848,1.5737592807889123,1.2094878149826365,1.555851143232699,6,1,0,0,1,0,0,1,0,0,1,0,1,0,1,0,1,0,1,0,1,1,0,0,1,0,0,0
0,-1.2039956704904167,0.18000204427810534,-0.9132177619500784,0.28434856907758593,0,1,0,0,1,0,0,1,0,0,0,0,0,0,0,0,0,0,0,0,0,0,0,1,0,0,1,0
0,1.5693985645431285,-1.5064774757958301,-0.3855248335045537,-1.4898819724604337,0,0,1,0,1,0,0,0,1,1,0,1,0,1,0,1,0,1,0,1,0,0,1,0,0,0,1,0
0,-1.0000696237967737,-1.48485594348719,-0.9405928528371655,-1.4950855223461061,0,1,1,0,1,0,0,0,1,1,0,1,0,1,0,1,0,1,0,1,0,0,0,0,0,0,1,0
0,-1.2039956704904167,0.36461666629803313,-0.8972471206912138,0.684398340359115,0,0,1,0,1,0,1,1,0,0,0,0,0,0,0,0,0,0,0,0,0,0,0,1,0,1,0,1
0,1.4878281458656715,0.5242833664233765,1.4347973865545196,0.5117849842062329,5,1,1,1,1,0,0,0,0,0,1,0,1,0,0,0,1,0,1,0,1,0,1,0,0,0,0,0
0,-1.285566089167874,0.1201270317311018,-0.9802326903263641,0.11968719913021629,0,1,1,1,1,0,0,1,0,0,0,0,0,0,0,0,0,0,0,0,0,0,0,1,0,1,0,1
1,1.6101837738818572,1.6918461110899472,2.7147207536306293,1.7366931634595726,6,0,1,0,1,0,1,1,0,0,1,0,1,0,1,0,1,0,1,0,1,0,1,1,1,0,0,0
0,-0.877713995780588,0.2864465110283341,-0.6611507486005671,0.23497025100001917,1,1,0,0,1,0,0,1,0,0,1,0,0,0,0,0,0,0,0,0,0,0,0,1,0,1,0,1
0,1.5693985645431285,0.5226201716304039,1.5078785115415616,0.5141180315185601,5,1,0,0,1,0,1,0,0,0,1,0,1,0,1,0,1,0,0,0,1,0,1,0,0,0,0,0
0,-1.285566089167874,0.16835968072729926,-0.9795929823201389,0.16775947827592494,0,0,0,0,1,0,0,1,0,0,0,0,0,0,0,0,0,0,0,0,0,0,0,1,0,0,1,1
0,0.01956060967144149,-0.17758483621094415,-0.12090630789496778,-0.12564719099271013,5,0,1,0,0,1,0,0,0,0,1,0,0,0,1,0,1,0,1,0,1,0,1,0,0,0,0,0
0,-0.6737879490869448,-1.524772618518526,-0.8663426063215047,-1.4744683164193908,0,0,0,0,1,0,0,0,1,1,0,1,0,1,0,1,0,1,0,1,0,1,0,0,0,0,1,0
1,0.9576204244621995,1.0232418043150735,1.4035619887333146,1.088089053965103,4,0,1,0,1,0,1,1,0,0,1,0,1,0,1,0,1,0,0,0,0,1,0,0,0,1,0,0
0,-1.285566089167874,-1.4948351122450239,-1.0016518790865265,-1.4899053198519565,0,0,0,0,1,0,0,0,1,1,0,1,0,1,0,1,0,1,0,1,0,0,0,0,1,0,0,0
0,-1.1224252518129596,0.1716860703132437,-0.8576293420987816,0.1455467699810113,3,1,0,0,1,0,0,0,0,0,0,0,0,0,1,0,0,0,1,0,1,0,0,1,0,1,0,1
0,0.9984056338009281,-1.5131302549677197,-0.5420988827523731,-1.5338479779216274,0,1,1,1,1,0,0,0,1,1,0,1,0,1,0,1,0,1,0,1,0,1,0,0,0,0,1,0
0,0.9576204244621995,-0.9576231941149635,-0.14067107939765108,-0.9841399494802962,2,1,1,1,0,1,0,0,0,0,0,0,1,0,1,0,0,0,0,0,0,1,0,1,1,0,0,0
0,-1.0000696237967737,0.9683563761469866,-0.6691360692299994,1.0548173533741074,3,1,0,0,1,0,1,1,0,0,0,0,1,0,1,0,0,0,1,0,0,0,0,1,0,1,0,1
0,-0.4290766930545732,-0.12436260283582976,-0.3830762959634847,-0.008329732325205041,3,0,1,1,1,0,0,0,0,0,1,0,1,0,1,0,0,0,0,0,0,0,0,0,0,0,1,1
0,-1.285566089167874,-1.5014878914169132,-1.001740114673592,-1.4965359790444681,0,0,0,0,1,0,0,0,1,1,0,1,0,1,0,1,0,1,0,1,0,0,0,0,0,0,1,0
0,0.30505707504254176,-0.026234110050462833,0.07499875428732068,-0.11209578126801477,3,0,0,1,1,0,0,0,0,0,1,0,0,0,0,0,1,0,1,0,0,0,0,1,1,0,0,0
0,0.5497683310749134,-1.5014878914169132,-0.6325844772880951,-1.5340136179586636,0,1,1,1,1,0,0,0,1,1,0,1,0,1,0,1,0,1,0,1,0,0,1,0,1,0,0,0
0,1.2431168898332998,-1.5031510862098856,-0.44757651010840216,-1.4799067067838838,0,1,1,1,1,0,0,0,1,1,0,1,0,1,0,1,0,1,0,1,0,0,1,0,0,0,1,0
0,1.4470429365269428,1.5072314890700194,2.284042853163677,1.4894546257008876,5,1,1,1,1,0,1,1,0,0,1,0,1,0,1,0,0,0,1,0,1,0,1,1,0,1,0,0
0,1.4878281458656715,1.3791654900111503,2.1932704929699915,1.3378305844791183,5,1,1,1,1,0,0,1,0,0,1,0,1,0,0,0,1,0,1,0,1,0,1,1,1,0,0,0
0,0.9576204244621995,0.8535959354318963,1.2468776450016634,0.8778320350168468,3,0,1,0,1,0,1,1,0,0,0,0,1,0,1,0,1,0,0,0,0,0,0,0,0,1,0,0
0,-0.9184992051193165,0.03364090249654118,-0.7192538826832321,0.036969725703634854,3,0,1,1,1,0,0,0,0,0,0,0,1,0,1,0,0,0,0,0,1,1,0,1,0,0,1,0
0,1.2431168898332998,1.3176272826711746,1.8972621572618358,1.3170474261716034,5,1,0,0,1,0,1,1,0,0,1,0,1,0,1,0,1,0,1,0,0,1,0,0,1,0,0,0
0,-0.347506274377116,-0.41209530202004163,-0.4774442563300909,-0.4823904694231479,5,0,1,1,0,1,0,0,0,0,1,0,1,0,1,0,1,0,0,0,1,0,1,1,0,0,1,0
0,-0.551432321070759,-0.2923452769260343,-0.5543195115609517,-0.34725080084770055,1,0,0,0,1,0,1,0,0,0,0,0,0,0,1,0,0,0,0,0,0,0,0,1,0,0,1,0
0,-0.4290766930545732,0.7937209228848927,-0.17876679411320245,0.6895471476866329,2,1,1,1,1,0,1,1,0,0,0,0,0,0,1,0,0,0,1,0,0,0,0,1,0,1,0,0
0,-0.14358022768347295,0.6506861706892729,0.07797670535078302,0.6691173384269473,2,1,1,0,1,0,1,1,0,0,1,0,1,0,0,0,0,0,0,0,0,0,0,1,0,1,0,1
0,-0.7961435771031307,0.34632152357533763,-0.5739298707862703,0.37203478647599136,3,1,1,0,1,0,1,0,0,0,0,0,0,0,1,0,0,0,1,0,1,1,0,1,0,0,1,1
0,1.5286133552044,-1.2935885422953728,-0.12503132159028224,-1.2007848981327667,0,0,1,0,1,0,1,0,1,1,0,1,0,1,0,1,0,1,0,1,0,0,1,1,0,0,0,0
0,0.6721239590910992,1.1479814137879978,1.2064657461256412,1.248590756549143,4,0,1,0,1,0,0,1,0,0,0,0,1,0,1,0,0,0,1,0,1,0,0,0,0,1,0,0
1,0.4274127030587276,1.485609956761379,1.1205463432205613,1.572842421582088,5,0,1,0,1,0,1,1,0,0,1,0,0,0,1,0,1,0,1,0,1,1,0,1,0,0,1,1
0,-1.2039956704904167,-1.5064774757958301,-0.9840929972604819,-1.491010429717375,0,0,0,0,1,0,0,0,1,1,0,1,0,1,0,1,0,1,0,1,0,0,0,1,0,0,1,1
0,0.38662749371999894,0.274804147477528,0.35201437987961653,0.2864403841799851,4,1,1,1,1,0,0,0,0,0,0,0,0,0,1,0,1,0,1,0,1,1,0,0,0,1,0,0
0,0.9984056338009281,-0.3405779259222318,0.37250709497559054,-0.32805678739569366,2,1,0,0,1,0,0,0,0,0,0,0,1,0,0,0,1,0,0,0,0,1,0,1,0,0,1,0
1,-1.2447808798291453,0.050272850426264414,-0.968740005111076,-0.5839915076750695,3,1,0,0,1,0,0,0,0,0,1,0,0,0,1,0,0,0,1,0,0,0,0,0,0,0,0,1
0,1.6101837738818572,1.6851933319180579,2.656794090722095,1.6762344445722965,6,0,1,0,1,0,1,1,0,0,1,0,1,0,1,0,1,0,1,0,1,0,1,1,1,0,0,0
1,0.5497683310749134,1.3159640878782022,1.135369921847574,1.3541790032490608,4,0,0,0,1,0,1,1,0,0,0,0,1,0,1,0,0,0,1,0,1,0,0,1,0,1,0,0
1,1.3654725178494855,1.1696029460966375,2.0212772748824674,1.3005975548631967,3,1,1,0,1,0,1,1,0,0,0,0,0,0,0,0,1,0,1,0,1,0,0,1,1,0,0,1
0,1.2023316804945712,1.2344675430225582,1.870107655342413,1.340076065429364,4,1,0,0,1,0,1,1,0,0,1,0,1,0,0,0,1,0,0,0,1,1,0,0,0,1,0,1
0,1.6101837738818572,0.8735542729475644,1.9180416380157732,0.9051900822208696,6,0,1,0,1,0,1,0,0,0,1,0,1,0,1,0,1,0,1,0,1,0,1,1,0,0,0,0
0,0.1011310283488987,0.8253216239513669,0.38613949317721813,0.8472599599542311,3,1,1,1,1,0,0,1,0,0,0,0,1,0,0,0,1,0,1,0,0,1,0,1,0,1,0,0
0,-0.6330027397482163,0.8419535718810901,-0.36891448423946377,0.684560856515794,3,1,1,0,1,0,1,1,0,0,1,0,1,0,1,0,0,0,0,0,0,0,0,0,1,0,0,1
0,1.6101837738818572,0.9151341427718724,1.9834242080313464,0.973430616410468,6,0,1,0,1,0,1,0,0,0,1,0,1,0,1,0,1,0,1,0,1,0,1,1,0,1,0,0
0,-0.18436543702220157,-1.4964983070379965,-0.7708937600133455,-1.5083764418882388,0,0,1,1,1,0,0,0,1,1,0,1,0,1,0,1,0,1,0,1,0,1,0,0,0,0,1,0
0,0.9576204244621995,-1.3218628537759025,-0.42494408202608835,-1.3656100611494748,0,1,1,0,1,0,1,0,1,1,0,1,0,1,0,1,0,1,0,1,0,0,1,1,1,0,0,1
0,-0.06200980900601573,0.497672249735819,0.050204554321901074,0.4198314737073714,1,0,0,0,1,0,1,1,0,0,0,0,0,0,0,0,1,0,0,0,0,0,0,1,1,0,0,1
0,0.5089831217361848,-1.531425397690415,-0.6278197555865553,-1.512339050119954,0,1,0,0,1,0,0,0,1,1,0,1,0,1,0,1,0,1,0,1,0,1,0,0,0,0,0,0
0,-1.285566089167874,-1.3019045162602345,-0.9990930470616255,-1.2976162032691223,0,0,0,0,1,0,1,0,1,1,0,1,0,1,0,1,0,1,0,1,0,0,0,1,0,0,1,0
0,-1.2447808798291453,-0.5085606000124363,-0.9598502697142219,-0.24997205085230123,1,0,0,0,1,0,0,0,0,0,0,0,1,0,0,0,0,0,0,0,0,0,0,1,0,0,1,1
0,-1.081640042474231,-1.4615712163855774,-0.9621443949779263,-1.5462659229883047,0,0,0,0,1,0,0,0,1,1,0,1,0,1,0,1,0,1,0,1,0,0,0,1,0,0,1,0
0,0.6313387497523706,1.0698112585182982,1.0599726127000608,1.0900772650176191,4,0,1,0,1,0,0,1,0,0,0,0,1,0,1,0,0,0,1,0,1,1,0,1,0,1,0,0
0,-0.30672106503838736,-1.3135468798110408,-0.7691952249623337,-1.4261183784199958,0,1,1,1,1,0,1,0,1,1,0,1,0,1,0,1,0,1,0,1,0,0,0,1,0,0,0,0
0,1.2839020991720282,-1.5031510862098856,-0.44837063039199204,-1.4913298755378477,0,1,1,1,1,0,0,0,1,1,0,1,0,1,0,1,0,1,0,1,0,0,1,1,0,0,0,0
0,0.7129091684298279,-0.9942134795603548,-0.22409782696812902,-0.9694648798317268,2,1,0,0,0,1,0,0,0,0,1,0,1,0,0,0,0,0,0,0,0,0,0,1,0,0,1,0
0,0.7944795871072851,1.2095196211279735,1.3282749740696338,1.2284736800626004,3,0,1,1,1,0,1,1,0,0,0,0,0,0,1,0,0,0,1,0,1,1,0,0,0,0,0,0
1,-1.1632104611516882,0.17667565469216087,-0.8867691447271797,0.17231805647077672,0,1,1,0,1,0,0,1,0,0,0,0,0,0,0,0,0,0,0,0,0,0,0,1,0,1,0,0
1,-0.02122459966728712,0.8669014937756749,0.26805821878674513,0.8510799892792024,2,0,0,0,1,0,0,1,0,0,0,0,0,0,0,0,0,0,1,0,1,0,0,0,0,1,0,0
0,0.5089831217361848,0.2980888745791402,0.4767574410935385,0.33223666324572465,4,1,1,1,1,0,1,0,0,0,1,0,1,0,0,0,1,0,1,0,0,0,1,0,1,0,0,0
0,-0.9592844144580451,0.77043619578328,-0.656937499318187,0.8004348762280662,2,1,1,0,1,0,1,1,0,0,1,0,0,0,0,0,0,0,0,0,1,0,0,1,0,1,0,0
1,1.3654725178494855,1.3658599316673719,2.0668730144985905,1.3525126024045657,4,0,1,0,1,0,1,1,0,0,0,0,0,0,1,0,1,0,1,0,1,1,0,1,1,0,0,1
0,-1.2039956704904167,0.8968390000491765,-0.8970485906203164,0.6893713347534983,2,1,0,1,1,0,1,1,0,0,0,0,0,0,1,0,0,0,0,0,1,0,0,0,0,1,0,1
0,0.8760500057847422,-1.489845527866107,-0.5342238566067726,-1.4885853275127066,0,0,0,0,1,0,0,0,1,1,0,1,0,1,0,1,0,1,0,1,0,0,1,0,0,0,1,0
0,-1.285566089167874,-0.8245676106771778,-0.9927621436896723,-0.8218664062064204,2,0,1,1,0,1,0,0,0,0,0,0,0,0,0,0,1,0,1,0,0,0,0,0,0,1,0,1
0,1.2839020991720282,1.510557878655964,2.0766009879725673,1.4734295169263392,5,0,1,1,1,0,1,1,0,0,1,0,1,0,0,0,1,0,1,0,1,0,1,0,0,0,0,0
1,-0.06200980900601573,0.2997520693721129,-0.03229571958438864,0.21984223677194312,0,0,0,0,1,0,1,1,0,0,0,0,0,0,0,0,0,0,0,0,0,0,0,1,0,1,0,1
0,-0.7553583677644021,0.8286480135373113,-0.5123193721177498,0.5224997450752912,2,0,0,0,1,0,0,1,0,0,0,0,0,0,0,0,0,0,1,0,1,0,0,1,0,0,1,1
0,-0.8369287864418593,0.6739708977908856,-0.5785181213136791,0.553580960040189,2,0,0,0,1,0,0,1,0,0,1,0,0,0,0,0,0,0,1,0,0,1,0,1,1,0,0,0
1,1.4062577271882142,-0.13101538200771892,0.8069350078928283,-0.1129301804518486,3,1,1,0,1,0,0,0,0,0,1,0,1,0,0,0,1,0,0,0,0,1,0,1,0,0,0,0
0,0.1011310283488987,0.24486664120402604,0.12273420688978362,0.2817120926843731,4,0,1,1,1,0,1,0,0,0,1,0,0,0,1,0,1,0,1,0,0,0,0,0,0,1,0,1
0,0.5089831217361848,0.28810970582130635,0.4670956443098607,0.31610205921061335,3,0,0,0,1,0,1,0,0,0,1,0,0,0,0,0,1,0,0,0,1,0,1,0,0,0,1,0
0,-0.9184992051193165,-0.6283106251064436,-0.7933497169215281,-0.5198398799875203,0,1,0,0,1,0,0,0,0,0,0,0,0,0,0,0,0,0,0,0,0,0,0,0,0,0,1,0
1,-0.14358022768347295,-0.21084873207039062,-0.25209056696467497,-0.1861805365519318,2,0,0,0,1,0,1,0,0,0,1,0,1,0,0,0,0,0,0,0,0,0,0,1,0,0,0,0
0,-0.347506274377116,-1.340157996498598,-0.7434304335391929,-1.3152288917492312,0,0,0,0,1,0,1,0,1,1,0,1,0,1,0,1,0,1,0,1,0,1,0,0,0,0,0,0
0,1.3654725178494855,-1.5014878914169132,-0.4172896448481519,-1.4759407497343944,0,1,1,1,1,0,0,0,1,1,0,1,0,1,0,1,0,1,0,1,0,0,1,1,0,0,1,0
0,0.7536943777685564,0.7138875728222209,0.8721190478375037,0.6226096975896808,2,1,0,0,1,0,0,1,0,0,1,0,0,0,0,0,0,0,1,0,0,1,0,0,0,0,1,0
0,0.5089831217361848,-1.3102204902250962,-0.5158708544971382,-1.3253912978866427,0,0,1,0,1,0,1,0,1,1,0,1,0,1,0,1,0,1,0,1,0,0,1,0,0,0,1,0
0,0.6721239590910992,-1.5264358133114981,-0.6051432097107089,-1.529723104900865,0,0,1,0,1,0,0,0,1,1,0,1,0,1,0,1,0,1,0,1,0,1,0,0,1,0,0,0
0,-0.14358022768347295,-1.5081406705888027,-0.7802467322422939,-1.5547828903993755,0,0,1,0,1,0,0,0,1,1,0,1,0,1,0,1,0,1,0,1,0,0,1,1,0,0,1,0
0,0.30505707504254176,1.5039050994840746,0.9612149318769437,1.5528213003516764,5,1,1,1,1,0,1,1,0,0,1,0,1,0,0,0,1,0,1,0,1,0,0,1,1,0,0,0
1,0.18270144702635593,1.053179310588575,0.5690959829576372,1.056760629336778,2,0,0,0,1,0,1,1,0,0,0,0,0,0,0,0,0,0,1,0,1,0,0,1,0,1,0,1
0,-0.30672106503838736,0.16170690155540987,-0.2475023164372664,0.1420325206089799,0,1,0,0,1,0,0,1,0,0,0,0,0,0,0,0,0,0,0,0,0,0,0,0,0,1,0,0
0,-0.4290766930545732,-0.47529670415298986,-0.5369371009090383,-0.5338848217316586,3,0,0,0,0,1,0,0,0,0,0,0,0,0,1,0,0,0,1,0,1,0,0,1,0,1,0,0
0,1.6101837738818572,0.02366173373870686,1.0041856627778667,-0.04861182412415602,6,1,0,0,0,1,0,0,0,0,1,0,1,0,1,0,1,0,1,0,1,0,1,1,0,0,0,0
0,-1.0408548331355023,-0.8245676106771778,-0.8810558904646854,-0.7621904734738167,2,0,0,0,0,1,0,0,0,0,0,0,1,0,0,0,0,0,0,0,1,0,0,1,1,0,0,1
0,0.01956060967144149,0.5725160154195735,0.13797690455535735,0.4638786899414962,5,1,1,1,1,0,0,0,0,0,0,0,1,0,1,0,1,0,1,0,1,0,1,0,1,0,0,0
0,-0.3882914837158446,0.47272432784123414,-0.2235022367554366,0.41986867235641734,2,0,0,0,1,0,0,1,0,0,0,0,1,0,0,0,1,0,0,0,0,0,0,1,0,0,1,0
1,-0.347506274377116,1.2095196211279735,0.06608695999370016,1.219478723321477,3,1,0,0,1,0,1,1,0,0,0,0,1,0,0,0,0,0,1,0,1,0,0,1,0,1,0,1
0,-1.285566089167874,0.48769308097798514,-0.9753576741409923,0.486031119516478,1,0,0,0,1,0,0,1,0,0,0,0,0,0,0,0,0,0,1,0,0,0,0,0,0,1,0,1
0,1.4878281458656715,0.8569223250178412,1.778717646039269,0.8863451562006072,6,1,0,0,1,0,1,0,0,0,1,0,1,0,1,0,1,0,1,0,1,0,1,0,0,0,1,0
0,-1.2039956704904167,-1.4748767747293563,-0.9851297654085021,-1.5169805115547121,0,0,0,1,1,0,0,0,1,1,0,1,0,1,0,1,0,1,0,1,0,1,0,1,1,0,0,0
0,0.9576204244621995,0.36129027671208863,0.8798396617057395,0.38529838187309945,4,1,0,0,1,0,0,0,0,0,0,0,1,0,0,0,1,0,1,0,1,1,0,1,0,0,0,0
0,1.324687308510757,1.50057870989813,2.138961489131145,1.489759906050588,5,1,0,0,1,0,1,1,0,0,1,0,0,0,1,0,1,0,1,0,1,1,0,1,1,0,0,0
0,1.5693985645431285,-1.4648976059715222,-0.3311496529754082,-1.4323306523564165,0,1,1,0,1,0,0,0,1,1,0,1,0,1,0,1,0,1,0,1,0,1,0,0,0,1,0,0
1,-0.7553583677644021,0.5143041976655421,-0.5436430055260202,0.354365172693749,1,0,0,0,1,0,1,1,0,0,0,0,0,0,1,0,0,0,0,0,0,0,0,1,0,0,0,0
0,-1.2447808798291453,0.17501245989918865,-0.9558355505027393,-0.09912455422266411,0,0,0,0,1,0,0,1,0,0,0,0,0,0,0,0,0,0,0,0,0,0,0,1,0,1,0,0
0,-0.02122459966728712,0.6373806123454943,0.21683746049519312,0.730795687365048,1,0,0,0,1,0,1,1,0,0,0,0,0,0,0,0,0,0,1,0,0,1,0,0,0,1,0,1
0,0.30505707504254176,0.0851999410786831,0.19440356248377694,0.11222770753864102,3,1,0,0,1,0,0,0,0,0,1,0,0,0,1,0,0,0,0,0,1,0,0,0,0,1,0,0
0,-1.285566089167874,-1.4682239955574667,-1.0012989367382643,-1.4633826830819106,0,1,0,0,1,0,0,0,1,1,0,1,0,1,0,1,0,1,0,1,0,0,0,0,1,0,0,0
0,-1.285566089167874,0.8053632864356988,-0.9711444248586124,0.8026450959589033,2,1,0,0,1,0,0,1,0,0,0,0,0,0,0,0,0,0,1,0,1,0,0,1,0,1,0,1
0,-1.0408548331355023,0.16669648593432704,-0.7910555916578238,0.20399129457786289,0,0,0,0,1,0,0,1,0,0,0,0,0,0,0,0,0,0,0,0,0,0,0,1,0,0,1,0
0,-0.7145731584256735,-0.45866475622326663,-0.6967096901879839,-0.5795158127201242,0,0,1,0,1,0,1,0,0,0,0,0,0,0,0,0,0,0,0,0,0,0,0,1,0,1,0,0
0,-0.6330027397482163,0.9816619344907653,-0.3013922012375513,0.9830380298728202,3,0,1,1,1,0,1,1,0,0,1,0,0,0,1,0,0,0,1,0,0,0,0,0,0,1,0,1
0,-0.551432321070759,0.4444500163607048,-0.3526791362194025,0.45026045808319254,2,1,0,0,1,0,0,1,0,0,0,0,1,0,1,0,0,0,0,0,0,0,0,1,0,1,0,1
0,1.5693985645431285,-1.3085572954321238,-0.17305353985070815,-1.2649998973115923,0,1,0,0,1,0,1,0,1,1,0,1,0,1,0,1,0,1,0,1,0,0,1,0,0,0,0,0
0,0.8760500057847422,-0.16261608307419315,0.43394112246998007,-0.14127221658987868,2,0,1,1,1,0,1,0,0,0,1,0,0,0,0,0,1,0,0,0,0,0,1,0,0,0,0,0
0,-0.06200980900601573,0.8535959354318963,0.28208767713016775,0.9819402594467355,3,1,1,0,1,0,1,1,0,0,1,0,1,0,0,0,1,0,0,0,0,0,0,1,1,0,0,0
0,-0.877713995780588,0.382911809020729,-0.6404374445369291,0.37647454604020825,1,0,0,0,1,0,0,1,0,0,1,0,0,0,0,0,0,0,0,0,0,0,0,0,0,1,0,0
1,-0.5922175304094877,0.6673181186189963,-0.3735468525604052,0.5076728543809256,2,0,0,0,1,0,0,1,0,0,0,0,0,0,1,0,0,0,0,0,1,0,0,1,0,1,0,0
1,1.6101837738818572,1.5039050994840746,2.4072197327071847,1.4157508400442573,5,0,0,0,1,0,1,1,0,0,1,0,1,0,0,0,1,0,1,0,1,0,1,1,0,0,0,0
1,1.5693985645431285,1.1562973877528593,2.0562406262571917,1.094510837387025,3,0,0,0,1,0,1,1,0,0,0,0,1,0,0,0,0,0,1,0,1,0,0,1,1,0,0,0
1,-1.1224252518129596,-0.6482689626221115,-0.9157104172846803,-0.7273795127131311,3,1,0,0,0,1,0,0,0,0,0,0,0,0,1,0,1,0,1,0,0,0,0,0,1,0,0,0
0,0.22348665636508452,0.13675897966082504,0.16724906056435368,0.17766184430684637,3,1,1,0,1,0,1,0,0,0,0,0,0,0,1,0,1,0,0,0,1,1,0,0,1,0,0,0
0,-1.1224252518129596,-0.5401613010789106,-0.9066883285072278,-0.5917825322262704,1,1,0,1,1,0,0,0,0,0,0,0,0,0,0,0,1,0,0,0,0,0,0,1,0,0,0,0
1,-1.2447808798291453,-0.6898488324464196,-0.9695782431881987,-0.615487138839499,0,1,0,0,1,0,0,0,0,0,0,0,0,0,0,0,0,0,0,0,0,0,0,1,0,1,0,1
1,0.7944795871072851,-0.16760566745311006,0.3586320489095328,-0.17279500323177055,2,0,0,0,1,0,1,0,0,0,1,0,0,0,1,0,0,0,0,0,0,0,1,0,0,0,0,0
1,-1.0000696237967737,0.36129027671208863,-0.7429892556038652,0.36108463535758906,0,0,0,0,1,0,1,1,0,0,0,0,0,0,0,0,0,0,0,0,0,0,0,1,0,1,0,1
0,1.4470429365269428,0.5242833664233765,1.3411132519876712,0.44741728068949893,4,0,0,0,1,0,1,0,0,0,0,0,1,0,1,0,0,0,1,0,1,0,1,1,0,1,0,0
0,1.4878281458656715,-1.4748767747293563,-0.39143661783794564,-1.4771485081446247,0,1,1,1,1,0,0,0,1,1,0,1,0,1,0,1,0,1,0,1,0,1,0,1,1,0,0,0
0,0.38662749371999894,0.050272850426264414,0.1929917930907282,0.001914062044178536,3,0,1,0,1,0,1,0,0,0,1,0,1,0,0,0,1,0,0,0,0,0,0,1,1,0,0,0
0,0.7129091684298279,1.1745925304755547,1.2123995893557993,1.1895109065459881,4,0,0,0,1,0,0,1,0,0,0,0,1,0,0,0,1,0,1,0,1,0,1,1,0,0,1,0
0,-1.285566089167874,-1.5231094237255534,-1.002026880331555,-1.5180856214201306,0,0,0,0,1,0,0,0,1,1,0,1,0,1,0,1,0,1,0,1,0,0,0,1,0,0,1,1
1,-1.285566089167874,0.51264100287257,-0.9750267906894965,0.5108960914883962,1,1,1,0,1,0,1,1,0,0,1,0,0,0,0,0,0,0,0,0,0,0,0,1,0,1,0,1
0,0.01956060967144149,-0.6765432741026411,-0.36518653068594437,-0.6819193114311393,0,1,1,0,1,0,0,0,0,0,0,0,0,0,0,0,0,0,0,0,0,0,0,1,1,0,0,0
0,-1.0408548331355023,-1.4815295539012454,-0.9440119818359556,-1.4380440925962414,0,0,0,0,1,0,0,0,1,1,0,1,0,1,0,1,0,1,0,1,0,0,0,0,0,0,1,0
0,1.2839020991720282,0.8951758052562043,1.6191877046247536,0.9363461223329054,3,1,1,1,1,0,1,1,0,0,1,0,1,0,1,0,0,0,0,0,0,0,0,1,0,1,0,0
0,-1.285566089167874,0.33301596523155935,-0.9774091515402664,0.3318682932905853,1,0,0,0,1,0,0,1,0,0,0,0,0,0,1,0,0,0,0,0,0,0,0,1,0,1,0,1
0,1.0799760524783852,-1.4865191382801624,-0.48443692660503584,-1.4813360357260412,0,1,0,0,1,0,0,0,1,1,0,1,0,1,0,1,0,1,0,1,0,0,1,1,0,0,0,0
0,-1.081640042474231,-0.48361267811785147,-0.8716808593389705,-0.41325203346789746,0,0,1,0,1,0,1,0,0,0,0,0,0,0,0,0,0,0,0,0,0,0,0,0,0,1,0,0
0,-1.2039956704904167,-1.5330885924833875,-0.985747414517961,-1.532452049670572,0,0,0,0,1,0,0,0,1,1,0,1,0,1,0,1,0,1,0,1,0,0,0,0,0,0,1,0
0,-0.7145731584256735,-1.4782031643153006,-0.8645117178898946,-1.4201728873440438,0,0,1,0,1,0,0,0,1,1,0,1,0,1,0,1,0,1,0,1,0,0,0,0,1,0,0,0
0,-0.7961435771031307,-0.004612577741822443,-0.6233859173365115,0.08615136513732137,2,1,1,1,1,0,0,0,0,0,0,0,0,0,0,0,0,0,1,0,1,1,0,1,0,1,0,0
0,-0.3882914837158446,1.124696686686385,-0.018200084550667028,1.090646336537991,3,0,0,0,1,0,1,1,0,0,0,0,1,0,0,0,0,0,1,0,1,0,0,1,1,0,0,0
1,-0.06200980900601573,0.8170056499865053,0.2282198512266492,0.8513590518006618,2,1,1,0,1,0,1,1,0,0,1,0,0,0,0,0,0,0,1,0,0,0,0,0,0,1,0,0
0,-0.14358022768347295,-0.20419595289850123,-0.2621273649933813,-0.212188725626007,3,1,0,0,1,0,0,0,0,0,1,0,1,0,0,0,1,0,0,0,0,1,0,1,0,1,0,0
0,0.6721239590910992,-1.4698871903504391,-0.5551356907413082,-1.453030735567071,0,0,1,0,1,0,0,0,1,1,0,1,0,1,0,1,0,1,0,1,0,1,0,0,1,0,0,0
0,0.9576204244621995,0.6889396509276361,1.15255380242859,0.7512574872169391,1,0,1,0,1,0,1,1,0,0,0,0,0,0,0,0,0,0,1,0,0,0,0,1,0,0,0,0
0,1.2431168898332998,0.51264100287257,1.1933848203431734,0.477453361989658,5,0,0,0,1,0,1,0,0,0,1,0,1,0,1,0,1,0,0,0,1,0,1,1,1,0,0,0
0,1.2431168898332998,0.49600905494284675,1.2104584064403574,0.4978189580809429,4,1,1,0,1,0,1,0,0,0,0,0,0,0,1,0,1,0,1,0,1,0,1,0,1,0,0,0
1,-0.347506274377116,0.497672249735819,-0.19085506954118292,0.4149587412967452,1,1,1,1,1,0,1,1,0,0,1,0,0,0,0,0,0,0,0,0,0,0,0,1,0,1,0,0
1,0.14191623768762732,-0.35887306864492724,-0.1312519304784036,-0.3160484115554543,2,1,1,0,1,0,0,0,0,0,0,0,0,0,1,0,1,0,0,0,0,1,0,0,1,0,0,0
1,-0.9592844144580451,0.5309361455952655,-0.67884198380721,0.61753919350129,1,0,0,0,1,0,0,1,0,0,0,0,0,0,0,0,0,0,1,0,0,0,0,1,0,1,0,1
0,-1.2039956704904167,-1.335168412119681,-0.9809165161261222,-1.411442519407237,0,1,0,0,0,1,0,0,0,0,0,0,0,0,0,0,0,0,0,0,0,0,0,0,0,1,0,1
0,-0.46986190239330183,0.5325993403882381,-0.25385527870598595,0.5561266595515998,5,0,1,0,1,0,0,0,0,0,1,0,0,0,1,0,1,0,1,0,1,1,0,0,0,0,1,0
0,-0.7961435771031307,-1.3434843860845427,-0.8588646403176994,-1.2750464594792275,0,1,1,1,1,0,1,0,1,1,0,1,0,1,0,1,0,1,0,1,0,1,0,0,0,0,0,0
0,-1.285566089167874,-1.4881823330731347,-1.0015636434994608,-1.4832746606594451,0,1,1,1,1,0,0,0,1,1,0,1,0,1,0,1,0,1,0,1,0,0,0,1,0,0,0,0
0,-0.30672106503838736,-1.4915087226590795,-0.7809967347323511,-1.4615924050999323,0,0,1,1,1,0,0,0,1,1,0,1,0,1,0,1,0,1,0,1,0,1,0,0,0,0,1,0
0,1.5693985645431285,-1.5064774757958301,-0.3983410525258249,-1.503446806935255,0,1,1,1,1,0,0,0,1,1,0,1,0,1,0,1,0,1,0,1,0,0,1,1,0,0,0,0
0,1.3654725178494855,1.6436134620937497,2.2470721421832107,1.5576862953728485,6,1,0,0,1,0,1,1,0,0,1,0,1,0,1,0,1,0,1,0,1,1,0,1,0,0,0,0
0,0.5089831217361848,1.1779189200614992,0.9677664242165606,1.1521913463908027,4,0,0,0,1,0,0,1,0,0,1,0,1,0,0,0,0,0,1,0,1,1,0,1,0,1,0,0
0,-0.4290766930545732,0.5026618341147361,-0.25760529115627184,0.42025196639076706,1,0,1,0,1,0,0,1,0,0,0,0,0,0,0,0,0,0,1,0,0,0,0,1,1,0,0,0
0,1.4062577271882142,-1.4648976059715222,-0.4248337875422564,-1.494482453996041,0,0,1,0,1,0,0,0,1,1,0,1,0,1,0,1,0,1,0,1,0,1,0,1,0,0,0,0
0,1.4470429365269428,0.8336375979162285,1.6252759601322766,0.7614472502407253,2,0,1,0,1,0,1,1,0,0,0,0,0,0,1,0,0,0,1,0,0,0,1,1,0,0,0,0
1,0.6721239590910992,0.86357510418973,0.9818400003535162,0.9041009475830978,2,0,0,0,1,0,1,1,0,0,0,0,0,0,1,0,0,0,0,0,1,0,0,1,1,0,0,1
1,-1.1632104611516882,-0.5368349114929658,-0.9311075272276188,-0.660658504588484,0,0,0,0,1,0,1,0,0,0,0,0,0,0,0,0,0,0,0,0,0,0,0,0,0,0,1,0
0,1.2431168898332998,0.5026618341147361,1.213171650742623,0.5010553512582402,5,1,1,0,1,0,1,0,0,0,1,0,1,0,1,0,1,0,0,0,1,1,0,0,1,0,0,0
0,-1.2447808798291453,0.4926826653569023,-0.937659019567236,0.5838333426060232,2,0,1,0,1,0,0,1,0,0,0,0,1,0,1,0,0,0,0,0,0,0,0,0,0,0,0,1
0,-0.46986190239330183,-1.4815295539012454,-0.823967465633274,-1.4839850884300714,0,1,0,0,1,0,0,0,1,1,0,1,0,1,0,1,0,1,0,1,0,1,0,1,0,0,1,0
0,0.9168352151234709,-0.24411262792983707,0.33355108328615013,-0.3149826502988802,3,1,1,1,1,0,0,0,0,0,1,0,1,0,0,0,1,0,0,0,0,0,1,0,0,0,0,1
0,-1.285566089167874,-1.48485594348719,-1.0015195257059282,-1.4799593310631893,0,1,0,1,1,0,0,0,1,1,0,1,0,1,0,1,0,1,0,1,0,0,0,1,0,0,1,0
0,-0.6330027397482163,-1.5131302549677197,-0.8524896191522133,-1.453046655517113,0,0,0,0,1,0,0,0,1,1,0,1,0,1,0,1,0,1,0,1,0,0,1,0,0,0,1,0
0,-0.10279501834474433,1.1812453096474442,0.28495533370979814,1.0935652680303467,3,1,0,0,1,0,1,1,0,0,1,0,0,0,0,0,0,0,1,0,1,0,0,1,0,0,0,0
0,-0.4290766930545732,-0.2308070695860583,-0.4493632807464795,-0.23475167406949085,3,1,1,1,1,0,0,0,0,0,1,0,1,0,0,0,1,0,0,0,0,0,0,1,0,0,1,0
0,-0.9592844144580451,-0.17924803100391637,-0.7766070142758399,-0.1987686270879069,2,0,0,0,1,0,0,0,0,0,0,0,0,0,0,0,1,0,1,0,0,0,0,1,0,0,0,0
0,-1.285566089167874,-1.5197830341396088,-1.0019827625380224,-1.5147702918238748,0,1,1,1,1,0,0,0,1,1,0,1,0,1,0,1,0,1,0,1,0,0,0,0,0,0,1,0
0,-0.46986190239330183,0.7188771572011381,-0.21249484726900916,0.7041324450987324,1,0,1,0,1,0,1,1,0,0,0,0,0,0,0,0,0,0,0,0,1,0,0,1,0,1,0,1
0,-0.551432321070759,-0.17758483621094415,-0.5054811141201696,-0.15408922910795717,2,1,0,0,1,0,1,0,0,0,0,0,0,0,1,0,1,0,0,0,0,0,0,0,0,1,0,0
0,1.4878281458656715,1.299332139948479,2.274954587695925,1.4267919286453141,4,0,1,1,1,0,1,1,0,0,0,0,1,0,1,0,0,0,1,0,1,0,0,1,0,1,0,1
1,-1.285566089167874,-1.3235260485688747,-0.9993798127195885,-1.3191658456447848,0,1,0,0,0,1,0,0,0,0,0,0,0,0,0,0,0,0,0,0,0,0,0,1,0,1,0,1
0,1.6101837738818572,1.299332139948479,2.3234841605819776,1.3283550681874041,5,0,1,0,1,0,1,1,0,0,1,0,1,0,1,0,1,0,1,0,0,0,1,1,0,0,0,0
0,1.5286133552044,0.1350957848678528,1.133097855480636,0.14985669845614363,3,1,1,1,1,0,1,0,0,0,1,0,0,0,1,0,0,0,1,0,0,0,1,0,1,0,0,0
0,1.3654725178494855,1.2710578284679492,1.8991151045902128,1.1615044086202848,5,0,0,0,1,0,1,1,0,0,1,0,1,0,1,0,1,0,0,0,1,0,0,1,0,0,0,0
0,-1.0408548331355023,-1.3368316069126531,-0.9446958076357135,-1.4453851795593793,0,0,1,1,0,1,0,0,0,0,0,0,0,0,0,0,0,0,0,0,0,0,0,1,0,1,0,0
1,0.5497683310749134,1.5072314890700194,1.1831274333468031,1.4321973573348623,5,0,1,1,1,0,1,1,0,0,1,0,1,0,0,0,1,0,1,0,1,0,0,1,0,1,0,0
0,0.2642718657038131,-0.5301821323210765,-0.18066385923511188,-0.5524321201722503,4,1,0,0,0,1,0,0,0,0,1,0,1,0,0,0,1,0,1,0,0,0,0,1,1,0,0,1
0,-0.02122459966728712,-0.08111953821854921,-0.10800185328663102,-0.032040931923426406,2,0,1,1,1,0,1,0,0,0,0,0,1,0,1,0,0,0,0,0,0,0,0,0,0,0,0,0
0,-0.347506274377116,0.8203320395724497,-0.04553105764422121,0.8699877283828489,3,1,0,0,1,0,0,1,0,0,0,0,1,0,1,0,0,0,0,0,1,0,0,1,0,1,0,0
0,-1.081640042474231,0.6207486644157709,-0.7997688558805469,0.4874125068482514,2,1,1,1,1,0,0,1,0,0,0,0,1,0,0,0,0,0,0,0,1,0,0,1,1,0,0,1
0,0.18270144702635593,0.4660715486693452,0.3029112756776376,0.5161378963905845,5,0,0,0,1,0,1,0,0,0,1,0,1,0,1,0,1,0,1,0,0,0,0,1,1,0,0,0
0,-1.0000696237967737,-1.4815295539012454,-0.9316148818532458,-1.4107518257413503,0,1,0,1,1,0,0,0,1,1,0,1,0,1,0,1,0,1,0,1,0,0,0,0,0,0,1,0
0,1.6101837738818572,0.21825552451646896,1.20684074737067,0.16290159949252242,3,0,1,1,1,0,1,0,0,0,1,0,0,0,1,0,0,0,1,0,0,0,1,1,0,0,0,0
1,1.5693985645431285,-0.6166682615556374,0.4689927094317701,-0.5854507196452524,4,1,1,0,0,1,0,0,0,0,1,0,1,0,1,0,1,0,0,0,0,0,1,0,1,0,0,0
0,-0.6737879490869448,0.9899779084556269,-0.3658262386921695,0.8763075754257114,3,0,1,0,1,0,0,1,0,0,0,0,1,0,0,0,0,0,1,0,1,0,0,1,0,0,0,0
0,0.9984056338009281,-0.49858143125460247,0.21708010835962346,-0.5329674219151507,4,0,1,0,0,1,0,0,0,0,1,0,0,0,1,0,1,0,0,0,1,0,0,1,0,0,0,0
0,1.3654725178494855,-1.3118836850180684,-0.2608258900841644,-1.297792016202257,0,1,0,0,1,0,1,0,1,1,0,1,0,1,0,1,0,1,0,1,0,1,0,0,0,0,0,0
1,-0.6330027397482163,0.8070264812286715,-0.35005412750420234,0.7679316448922258,3,0,0,0,1,0,0,1,0,0,0,0,1,0,1,0,0,0,1,0,0,0,0,1,0,1,0,1
0,-0.46986190239330183,-1.4682239955574667,-0.8109527165411055,-1.4374126012445738,0,0,0,1,1,0,0,0,1,1,0,1,0,1,0,1,0,1,0,1,0,0,0,0,0,0,1,0
0,1.3654725178494855,0.040293681668430094,0.9432810488058703,0.07319723638272059,3,1,1,0,1,0,1,0,0,0,1,0,1,0,1,0,0,0,0,0,0,0,1,1,1,0,0,0
0,-0.6330027397482163,0.3496479131612826,-0.42697350052859606,0.42791534188799474,3,0,1,0,1,0,1,0,0,0,0,0,1,0,0,0,0,0,1,0,1,0,0,1,0,0,0,0
0,-1.285566089167874,0.18499162865702248,-0.9793723933524751,0.18433612625720378,0,1,0,1,1,0,0,1,0,0,0,0,0,0,0,0,0,0,0,0,0,0,0,1,0,0,1,1
0,1.0391908431396566,-0.1526369143163593,0.5618165470247293,-0.11421501997113852,3,1,1,0,1,0,0,0,0,0,1,0,1,0,1,0,0,0,0,0,0,1,0,0,1,0,0,1
0,-1.0000696237967737,-1.458244826799633,-0.9487987624342616,-1.5721669354590528,0,0,1,1,1,0,0,0,1,1,0,1,0,1,0,1,0,1,0,1,0,0,0,0,1,0,0,0
0,-0.22515064636093016,0.1484013432116311,-0.16017114413913774,0.21521780749640104,4,1,0,0,1,0,0,0,0,0,1,0,0,0,1,0,1,0,1,0,0,1,0,0,1,0,0,0
0,0.060345819010170096,0.7970473124708372,0.31319072157077427,0.7742210201557109,2,1,1,0,1,0,1,1,0,0,0,0,1,0,0,0,0,0,0,0,1,0,0,0,0,0,1,0
0,-0.10279501834474433,1.068148063725326,0.3224775171094236,1.1875548620841978,3,1,0,0,1,0,0,1,0,0,0,0,1,0,0,0,0,0,1,0,1,1,0,1,0,0,0,0
0,0.01956060967144149,0.050272850426264414,-0.01983244291137963,0.10451705461401581,3,1,0,0,1,0,0,0,0,0,0,0,1,0,1,0,0,0,1,0,0,0,0,1,1,0,0,0
0,-1.285566089167874,-1.335168412119681,-0.9995342249969532,-1.33076949923168,0,1,0,1,0,1,0,0,0,0,0,0,0,0,0,0,0,0,0,0,0,0,0,0,0,1,0,1
0,-0.7553583677644021,0.14341175883271443,-0.5936946422889536,0.08570507076859453,3,1,1,1,1,0,1,0,0,0,1,0,1,0,0,0,0,0,0,0,1,0,0,0,0,0,1,0
0,-0.6737879490869448,0.4860298861850129,-0.4527162330549704,0.46821122293660344,1,0,0,1,1,0,1,1,0,0,0,0,0,0,0,0,1,0,0,0,0,1,0,1,1,0,0,0
0,0.6721239590910992,1.1895612836123057,1.1591494125617396,1.176025634263749,4,0,0,0,1,0,0,1,0,0,0,0,0,0,1,0,1,0,1,0,1,0,1,0,1,0,0,0
0,-0.551432321070759,1.2777106076398386,-0.12249454846214765,1.360667414318163,4,1,1,1,1,0,1,1,0,0,0,0,0,0,1,0,1,0,1,0,1,0,0,0,0,1,0,1
0,1.5286133552044,0.4926826653569023,1.5233638570715657,0.5688196357201221,5,0,1,1,1,0,1,0,0,0,1,0,1,0,1,0,1,0,1,0,0,0,1,0,0,0,0,0
0,-0.02122459966728712,-0.11604662887096814,-0.1878109417874214,-0.21946065816175986,3,0,1,1,1,0,0,0,0,0,1,0,1,0,0,0,1,0,0,0,0,0,0,0,0,0,0,0
0,-0.5922175304094877,0.1633700963483821,-0.47148835420316626,0.09878220417604833,0,0,0,0,1,0,0,1,0,0,0,0,0,0,0,0,0,0,0,0,0,0,0,1,0,1,0,0
0,0.18270144702635593,-0.8095988575404269,-0.3968410475457106,-0.9050632583719198,3,1,0,0,0,1,0,0,0,0,1,0,1,0,0,0,1,0,0,0,0,0,1,1,0,0,1,0
0,-1.1632104611516882,0.3579638871261442,-0.8770632301499692,0.35466118426484367,0,0,0,0,1,0,1,1,0,0,0,0,0,0,0,0,0,0,0,0,0,0,0,1,0,1,0,0
0,-0.6737879490869448,0.8585855198108133,-0.40387783561418816,0.6975905893775491,3,0,1,0,1,0,1,1,0,0,1,0,1,0,1,0,0,0,0,0,0,0,0,0,0,1,0,0
0,-0.6330027397482163,0.5192937820444593,-0.42064259715664276,0.4559006240681536,1,1,1,0,1,0,1,1,0,0,0,0,1,0,0,0,0,0,0,0,0,0,0,1,0,0,0,0
0,-0.551432321070759,-0.14265774555852523,-0.43789265442795794,0.11323103096908638,3,0,0,1,1,0,0,0,0,0,1,0,1,0,1,0,0,0,0,0,0,0,0,1,0,1,0,0
0,1.1207612618171139,1.206193231542029,1.6663496259112902,1.2012582244153875,3,1,1,0,1,0,1,1,0,0,0,0,0,0,1,0,0,0,1,0,1,0,1,0,1,0,0,0
0,0.7536943777685564,-1.3285156329477916,-0.47122364744196965,-1.3567720843003526,0,1,1,1,1,0,1,0,1,1,0,1,0,1,0,1,0,1,0,1,0,0,1,1,0,0,1,0
0,-0.18436543702220157,-1.4831927486942178,-0.7951806053531383,-1.5735581898431958,0,1,1,1,1,0,0,0,1,1,0,1,0,1,0,1,0,1,0,1,0,0,1,1,1,0,0,0
0,0.4274127030587276,-0.16261608307419315,0.11391064818322857,-0.18636398301716145,2,1,0,0,1,0,0,0,0,0,0,0,1,0,0,0,0,0,0,0,1,0,1,1,0,1,0,0
0,0.38662749371999894,-1.48485594348719,-0.6418492139299778,-1.49179979390696,0,1,1,0,1,0,0,0,1,1,0,1,0,1,0,1,0,1,0,1,0,0,1,0,0,1,0,0
0,-1.2039956704904167,0.4527659903255664,-0.9036662596502325,0.5236048549407102,1,1,0,0,1,0,0,1,0,0,0,0,0,0,0,0,0,0,1,0,0,0,0,1,0,1,0,1
0,-1.285566089167874,-0.6698904949307517,-0.9907106662903982,-0.6677035799805274,0,0,0,0,1,0,0,0,0,0,0,0,0,0,0,0,0,0,0,0,0,0,0,0,0,0,1,0
0,-1.2039956704904167,-1.4981615018309686,-0.9823282855191708,-1.4468060351006318,0,0,0,0,1,0,0,0,1,1,0,1,0,1,0,1,0,1,0,1,0,0,0,0,0,0,1,1
0,1.2431168898332998,1.1014119595847724,1.7329895530425472,1.1211009221770263,4,0,0,0,1,0,1,1,0,0,1,0,1,0,1,0,0,0,1,0,0,0,1,0,1,0,0,0
1,-1.2039956704904167,0.49933544452879164,-0.8953500555693045,0.7319180645721134,1,1,0,0,1,0,0,1,0,0,0,0,0,0,0,0,0,0,1,0,0,0,0,1,0,1,0,1
0,1.4470429365269428,1.4240717494214032,2.219366167844628,1.4179800199933736,5,1,1,0,1,0,1,1,0,0,1,0,1,0,0,0,1,0,1,0,1,0,0,1,0,1,0,0
1,-0.10279501834474433,1.1579605825458315,0.2986759674984912,1.1279341848448645,3,0,0,0,1,0,1,1,0,0,0,0,1,0,0,0,0,0,1,0,1,0,0,1,0,1,0,1
0,1.1207612618171139,1.324280061843064,1.7838794278826036,1.348458858489144,4,0,0,0,1,0,1,1,0,0,0,0,1,0,1,0,0,0,1,0,1,0,1,0,0,1,0,0
0,-0.7145731584256735,-0.20918553727741815,-0.595878473068826,-0.07437009323728765,2,1,0,0,1,0,1,0,0,0,0,0,1,0,0,0,1,0,0,0,0,0,0,1,1,0,0,1
1,0.5089831217361848,0.9650299865610421,0.8426042439640773,0.9431782338446338,2,1,0,0,1,0,1,1,0,0,0,0,0,0,0,0,0,0,1,0,1,0,0,1,0,0,0,0
0,1.5286133552044,0.7172139624081659,1.6146435718908776,0.6668113062151672,6,0,1,0,1,0,0,0,0,0,1,0,1,0,1,0,1,0,1,0,1,0,1,0,1,0,0,0
0,-0.9184992051193165,1.1180439075144957,-0.5526209765099399,1.289169714209437,3,1,1,0,1,0,1,1,0,0,0,0,0,0,1,0,0,0,1,0,1,0,0,1,0,1,0,1
0,-1.1632104611516882,-1.5131302549677197,-0.969247359736703,-1.3771841135792606,0,1,0,0,1,0,0,0,1,1,0,1,0,1,0,1,0,1,0,1,0,0,0,0,0,0,1,0
0,-1.285566089167874,-0.48028628853190675,-0.9881959520590301,-0.47872979299394885,1,0,0,0,1,0,0,0,0,0,0,0,0,0,1,0,0,0,0,0,0,0,0,1,0,0,1,1
0,1.4470429365269428,-1.3285156329477916,-0.29799513113552756,-1.3639715500412413,0,0,1,0,1,0,1,0,1,1,0,1,0,1,0,1,0,1,0,1,0,0,1,1,1,0,0,0
0,-0.4290766930545732,0.3363423548175038,-0.31606136758719905,0.22057870661627246,1,1,1,1,1,0,0,1,0,0,1,0,0,0,0,0,0,0,0,0,0,0,0,0,0,0,0,0
0,0.22348665636508452,0.9899779084556269,0.5885078121120583,1.0107256508817983,3,1,1,1,1,0,1,1,0,0,0,0,1,0,1,0,0,0,1,0,0,0,0,1,0,1,0,1
0,-1.285566089167874,1.176255725268527,-0.9662252908797079,1.172304345941421,3,0,0,0,1,0,1,1,0,0,0,0,1,0,0,0,0,0,1,0,1,0,0,1,1,0,0,1
0,-0.5922175304094877,0.4427868215677326,-0.36247328638367865,0.5539032837509366,2,1,1,0,1,0,0,1,0,0,0,0,0,0,1,0,1,0,0,0,0,0,0,0,0,1,0,0
0,-0.14358022768347295,0.975009155318876,0.13996220526433223,0.829739341280028,3,1,0,0,1,0,0,1,0,0,0,0,0,0,0,0,1,0,1,0,1,0,0,1,0,1,0,0
0,-0.6737879490869448,0.7837417541270588,-0.3830542370667183,0.7953928124670938,2,0,0,0,1,0,1,1,0,0,0,0,0,0,1,0,0,0,0,0,1,0,0,1,0,1,0,1
0,-1.285566089167874,0.16503329114135434,-0.9796371001136717,0.16444414867966892,0,1,0,0,1,0,0,1,0,0,0,0,0,0,0,0,0,0,0,0,0,0,0,1,0,1,0,1
0,-0.8369287864418593,0.5592104570757952,-0.6316580036239069,0.22080475181601697,2,1,0,0,1,0,0,1,0,0,1,0,0,0,1,0,0,0,0,0,0,0,0,0,0,0,0,1
0,-0.06200980900601573,-0.4935918468756855,-0.3383629122180169,-0.5220964430352942,3,1,0,0,0,1,0,0,0,0,0,0,0,0,1,0,0,0,1,0,1,1,0,1,0,1,0,0
0,-1.1632104611516882,0.49933544452879164,-0.867379374469525,0.5365898958593786,1,1,0,0,1,0,0,1,0,0,0,0,0,0,0,0,0,0,0,0,1,0,0,1,0,1,0,1
0,0.6313387497523706,0.15505412238352048,0.5052575357157113,0.2216335842150811,3,0,1,0,1,0,1,0,0,0,0,0,0,0,1,0,1,0,0,0,1,1,0,1,0,0,1,0
0,-0.7145731584256735,-1.3135468798110408,-0.8341586759393452,-1.2681097698624462,0,0,0,0,1,0,1,0,1,1,0,1,0,1,0,1,0,1,0,1,0,0,0,1,1,0,0,1
0,0.7129091684298279,0.8386271822951452,0.9966635789805284,0.8652716720321745,4,1,0,0,1,0,0,1,0,0,1,0,1,0,1,0,1,0,0,0,0,1,0,1,1,0,0,0
0,-1.0408548331355023,-0.6732168845166964,-0.8681734947531149,-0.6238938674585763,0,1,0,0,1,0,0,0,0,0,0,0,0,0,0,0,0,0,0,0,0,0,0,1,0,0,0,0
1,0.34584228438127035,0.6274014435876604,0.4337646512958491,0.49573452321283645,2,1,1,0,1,0,1,1,0,0,1,0,0,0,1,0,0,0,0,0,0,0,0,1,0,0,0,1
0,1.4470429365269428,0.5143041976655421,1.3609442001806535,0.4693325844176899,2,1,1,1,1,0,0,1,0,0,1,0,0,0,1,0,0,0,0,0,0,0,1,0,1,0,0,0
1,-0.2659358556996588,1.104738349170717,0.09721206333107299,1.0501472015870736,3,0,1,0,1,0,1,1,0,0,0,0,0,0,1,0,0,0,1,0,1,0,0,1,0,0,0,0
0,0.9984056338009281,-0.3838209905395121,0.35280850016320653,-0.3540268692330304,4,1,0,0,0,1,0,0,0,0,0,0,0,0,1,0,1,0,1,0,1,0,1,0,1,0,0,0
0,-1.2039956704904167,-1.5081406705888027,-0.9835194659445557,-1.4766440014669338,0,0,0,0,1,0,0,0,1,1,0,1,0,1,0,1,0,1,0,1,0,0,0,0,0,1,0,0
0,-0.551432321070759,-0.5301821323210765,-0.5888637438971148,-0.48387727841971434,1,1,1,1,1,0,0,0,0,0,1,0,0,0,0,0,0,0,0,0,0,1,0,1,0,0,0,0
0,-1.2039956704904167,-0.3555466790589825,-0.9485119967762986,-0.5997393232572842,1,0,0,0,1,0,0,0,0,0,0,0,0,0,0,0,0,0,1,0,0,0,0,1,0,1,0,0
0,1.0799760524783852,-1.3451475808775148,-0.3517306036584479,-1.3123104183440526,0,0,0,0,1,0,1,0,1,1,0,1,0,1,0,1,0,1,0,1,0,0,1,0,0,1,0,0
0,-1.285566089167874,0.1500645380046038,-0.979835630184569,0.14952516549651834,0,0,1,0,1,0,0,1,0,0,0,0,0,0,0,0,0,0,0,0,0,0,0,1,0,0,1,1
0,0.38662749371999894,-0.8229044158842055,-0.2930759971566232,-0.8677679338307711,2,1,1,0,0,1,0,0,0,0,1,0,0,0,0,0,0,0,1,0,0,0,0,1,0,0,0,0
0,-1.0408548331355023,0.33301596523155935,-0.7717099391937018,0.4116730128575986,0,0,0,0,1,0,1,1,0,0,0,0,0,0,0,0,0,0,0,0,0,0,0,1,0,1,0,1
0,1.4062577271882142,-1.3068941006391515,-0.22299488212980964,-1.2680998733561886,0,1,1,0,1,0,1,0,1,1,0,1,0,1,0,1,0,1,0,1,0,0,1,0,1,0,0,0
0,-1.285566089167874,0.18166523907107757,-0.9794165111460078,0.18102079666094772,0,1,0,0,1,0,0,1,0,0,0,0,0,0,0,0,0,0,0,0,0,0,0,1,0,1,0,0
0,1.3654725178494855,0.8918494156702599,1.670099638361576,0.9007487126481077,6,1,1,0,1,0,1,0,0,0,1,0,1,0,1,0,1,0,1,0,1,0,1,0,0,0,0,0
0,1.1615464711558425,0.8086896760216437,1.4162899721675204,0.8382441268695188,2,0,0,0,1,0,1,1,0,0,0,0,0,0,1,0,0,0,0,0,1,0,0,0,0,0,1,0
0,-1.1632104611516882,-1.3567899444283211,-0.9782032718238565,-1.5454370905892407,0,1,1,1,1,0,1,0,1,1,0,1,0,1,0,1,0,1,0,1,0,1,0,0,1,0,0,0
1,0.38662749371999894,0.3080680433369745,0.4142866454511288,0.39785913953986657,1,0,1,0,1,0,0,1,0,0,1,0,0,0,0,0,0,0,0,0,0,0,0,1,1,0,0,1
0,1.2839020991720282,-0.36718904260978885,0.48948542452774413,-0.3901224293315196,1,0,1,1,1,0,1,0,0,0,0,0,1,0,0,0,0,0,0,0,0,1,0,1,0,0,0,0
1,0.8760500057847422,1.68685652671103,1.8267839820932275,1.797029092361801,6,0,1,0,1,0,1,1,0,0,1,0,1,0,1,0,1,0,1,0,1,1,0,1,0,0,0,0
0,-1.285566089167874,-1.5014878914169132,-1.001740114673592,-1.4965359790444681,0,1,0,0,1,0,0,0,1,1,0,1,0,1,0,1,0,1,0,1,0,0,0,1,1,0,0,0
0,0.8760500057847422,-1.3584531392212935,-0.4674074583013845,-1.395602611336237,0,1,1,1,1,0,1,0,1,1,0,1,0,1,0,1,0,1,0,1,0,0,1,1,0,0,0,0
0,-0.5922175304094877,-1.3168732693969856,-0.8098718305995524,-1.3139165737840466,0,0,0,1,1,0,1,0,1,1,0,1,0,1,0,1,0,1,0,1,0,0,1,0,1,0,0,0
0,-1.2039956704904167,0.6456965863103559,-0.9067545051975268,0.4462471643614092,2,1,0,0,1,0,0,1,0,0,0,0,1,0,0,0,0,0,0,0,1,0,0,0,0,1,0,0
0,-1.285566089167874,0.17334926510621596,-0.9795268056298397,0.1727324726703083,0,0,0,0,1,0,0,1,0,0,0,0,0,0,0,0,0,0,0,0,0,0,0,1,0,1,0,1
0,1.6101837738818572,0.8269848187443392,1.8995121647320075,0.8858506595760445,6,0,1,1,1,0,1,0,0,0,1,0,1,0,1,0,1,0,1,0,1,0,1,0,1,0,0,0
1,1.1207612618171139,1.0997487647918003,1.5779375676716088,1.0905262159004454,4,1,1,0,1,0,0,1,0,0,0,0,1,0,1,0,0,0,1,0,1,1,0,1,0,1,0,0
0,-0.877713995780588,-1.4931719174520517,-0.923828091294711,-1.5595272413733279,0,0,1,1,1,0,0,0,1,1,0,1,0,1,0,1,0,1,0,1,0,1,0,1,0,0,1,0
0,-0.8369287864418593,0.446113211153677,-0.6093123411995561,0.36073928852464554,1,0,0,1,1,0,1,1,0,0,1,0,0,0,0,0,0,0,0,0,0,0,0,1,0,1,0,1
0,1.1615464711558425,1.2976689451555068,1.83476930272266,1.3537778790872899,5,1,1,1,1,0,0,1,0,0,0,0,1,0,1,0,1,0,1,0,1,1,0,0,1,0,0,0
0,0.2642718657038131,-1.4698871903504391,-0.6740772621056702,-1.5031666382369797,0,0,0,0,1,0,0,0,1,1,0,1,0,1,0,1,0,1,0,1,0,0,1,0,1,0,0,0
0,0.9168352151234709,1.0614952845534367,1.3207087724787625,1.0337838475378618,2,1,0,0,1,0,1,1,0,0,0,0,0,0,0,0,0,0,1,0,1,0,0,1,0,1,0,1
0,-0.6330027397482163,0.9816619344907653,-0.29684806850367546,1.0031250268383693,3,0,0,0,1,0,1,1,0,0,1,0,1,0,0,0,0,0,1,0,0,0,0,1,0,1,0,1
0,0.18270144702635593,-1.4881823330731347,-0.6637978162125335,-1.4472540526136393,0,1,0,0,1,0,0,0,1,1,0,1,0,1,0,1,0,1,0,1,0,1,0,0,1,0,0,0
0,1.6101837738818572,-1.2935885422953728,-0.2269213657542267,-1.3335322738952262,0,0,1,0,1,0,1,0,1,1,0,1,0,1,0,1,0,1,0,1,0,0,1,1,0,0,1,0
1,1.6101837738818572,0.4145125100872028,1.3702530546160692,0.3334568887221245,4,1,1,0,1,0,1,0,0,0,0,0,1,0,1,0,1,0,1,0,0,0,1,0,1,0,0,0
0,-1.0000696237967737,0.038630486875457865,-0.7569966550505213,0.22950749200618845,3,0,0,0,1,0,0,0,0,0,1,0,0,0,0,0,1,0,0,0,1,0,0,0,0,0,0,0
0,-0.4290766930545732,-1.4964983070379965,-0.8338498513846158,-1.5480742845862623,0,0,1,1,1,0,0,0,1,1,0,1,0,1,0,1,0,1,0,1,0,0,0,0,0,0,1,0
0,-1.285566089167874,0.6456965863103559,-0.9732620789481855,0.6435092753386268,2,0,0,0,1,0,0,1,0,0,0,0,1,0,0,0,0,0,1,0,0,0,0,0,0,1,0,1
0,0.22348665636508452,0.10848466818029572,0.1614475707147939,0.16618905899348824,3,0,0,0,1,0,1,0,0,0,0,0,1,0,0,0,1,0,0,0,1,0,0,0,1,0,0,0
0,-0.6330027397482163,0.5309361455952655,-0.37253214330915135,0.6685692666985603,5,1,0,1,1,0,0,0,0,0,0,0,1,0,1,0,1,0,1,0,1,1,0,0,0,1,0,0
1,1.5286133552044,0.352974302747227,1.2892527856898937,0.3174939713982474,4,0,0,0,1,0,1,0,0,0,0,0,1,0,1,0,1,0,1,0,0,0,1,1,0,0,0,0
1,1.6101837738818572,0.9167973375648447,1.830842819098243,0.8141796801792102,6,0,1,1,1,0,1,0,0,0,1,0,1,0,1,0,1,0,1,0,1,0,1,0,1,0,0,1
0,-0.18436543702220157,0.5226201716304039,-0.02003097298227724,0.5068111318072954,1,0,0,0,1,0,0,1,0,0,0,0,0,0,0,0,0,0,0,0,1,0,0,1,0,1,0,0
0,-0.7145731584256735,0.6091063008649649,-0.5119223119759548,0.3462347215410266,2,0,0,0,1,0,0,1,0,0,0,0,1,0,0,0,0,0,1,0,0,0,0,1,0,0,0,0
0,1.6101837738818572,0.7538042478535568,1.8409457938172484,0.8247242701450789,6,1,1,1,1,0,1,0,0,0,1,0,1,0,1,0,1,0,1,0,1,0,1,1,0,0,0,0
1,-0.877713995780588,1.1529709981669143,-0.5113928984535615,1.2580508250445817,3,0,1,0,1,0,1,1,0,0,0,0,0,0,1,0,0,0,1,0,1,0,0,1,0,1,0,1
1,-1.0000696237967737,0.5442417039390443,-0.7519451676910185,0.27695814685259923,1,1,0,0,1,0,1,1,0,0,0,0,0,0,1,0,0,0,0,0,0,0,0,1,0,1,0,1
0,0.9984056338009281,1.4806203723824622,1.7480998973275228,1.4854866654333359,5,0,1,0,1,0,1,1,0,0,0,0,1,0,1,0,1,0,1,0,1,1,0,1,0,0,0,0
0,-1.285566089167874,-1.4948351122450239,-1.0016518790865265,-1.4899053198519565,0,1,1,1,1,0,0,0,1,1,0,1,0,1,0,1,0,1,0,1,0,0,0,0,0,0,0,1
0,0.5497683310749134,-0.6432793782431946,-0.10067829956019027,-0.6650729380182809,3,0,1,0,0,1,0,0,0,0,1,0,1,0,0,0,0,0,1,0,0,0,0,0,0,1,0,0
0,-0.10279501834474433,-1.4698871903504391,-0.7514378130653917,-1.5025035723177285,0,1,1,0,1,0,0,0,1,1,0,1,0,1,0,1,0,1,0,1,0,1,0,0,1,0,0,0
1,-0.9184992051193165,0.34632152357533763,-0.6926067353894358,0.23721563331748313,1,1,1,0,1,0,0,1,0,0,1,0,0,0,0,0,0,0,0,0,0,0,0,0,0,1,0,0
0,-0.3882914837158446,1.1429918294090806,-0.04586194109571703,1.0002675688487581,4,1,1,0,1,0,1,1,0,0,1,0,1,0,1,0,0,0,1,0,0,0,0,1,0,1,0,1
0,-0.02122459966728712,0.9483980386313189,0.30394804382565793,0.9353618838590172,4,1,0,0,1,0,0,1,0,0,1,0,1,0,1,0,0,0,0,0,1,0,0,1,1,0,0,0
0,-0.7961435771031307,0.29476248499319574,-0.5884005070650207,0.28838647050892274,1,1,0,0,1,0,0,1,0,0,1,0,0,0,0,0,0,0,0,0,0,0,0,1,1,0,0,0
0,0.2642718657038131,0.5176305872514871,0.40199983995225097,0.5702744946418493,2,0,0,0,1,0,0,1,0,0,0,0,0,0,1,0,1,0,0,0,0,0,1,1,0,1,0,1
0,0.4681979123974562,0.773762585369225,0.742434793747911,0.8424290511139725,3,0,0,0,1,0,0,1,0,0,0,0,1,0,1,0,0,0,1,0,0,0,0,1,1,0,0,0
1,-0.9592844144580451,-0.5218661583562149,-0.8128497816630147,-0.50138454523503,1,1,0,0,1,0,0,0,0,0,0,0,0,0,0,0,1,0,0,0,0,0,0,0,0,0,1,0
0,1.4062577271882142,-1.504814281002858,-0.42139259964669995,-1.490622816555624,0,0,1,0,1,0,0,0,1,1,0,1,0,1,0,1,0,1,0,1,0,0,1,0,0,0,1,0
0,-0.9592844144580451,0.48104030180609575,-0.7187244691608388,0.2845327540551558,1,1,1,1,1,0,1,1,0,0,0,0,0,0,1,0,0,0,0,0,0,0,0,1,0,0,0,1
0,-0.7145731584256735,0.4943458601498745,-0.5199296915021535,0.3061192334263316,1,0,0,0,1,0,1,1,0,0,0,0,1,0,0,0,0,0,0,0,0,0,0,1,0,1,0,1
0,1.5693985645431285,1.339248814979815,2.3226459225048552,1.3764772848094258,4,0,1,0,1,0,1,1,0,0,0,0,1,0,1,0,0,0,1,0,1,0,1,1,0,0,0,0
0,-1.285566089167874,-0.5285189375281042,-0.9888356600652553,-0.5268020721396575,1,1,0,0,1,0,0,0,0,0,0,0,0,0,0,0,1,0,0,0,0,0,0,0,1,0,0,0
0,-0.10279501834474433,1.1696029460966375,0.33344078880231814,1.2150168422398497,3,0,1,1,1,0,1,1,0,0,0,0,0,0,1,0,0,0,1,0,1,0,0,1,0,1,0,1
0,-1.285566089167874,0.1484013432116311,-0.9798576890813355,0.14786750069839008,0,1,0,0,1,0,0,1,0,0,0,0,0,0,0,0,0,0,0,0,0,0,0,1,0,1,0,1
0,-0.6330027397482163,-0.5019078208405472,-0.6414742126849493,-0.5202689226411535,3,1,1,0,0,1,0,0,0,0,0,0,1,0,0,0,0,0,1,0,1,0,0,1,0,0,1,0
0,-1.2039956704904167,0.6955924300995255,-0.8903647449001009,0.8567954793644142,2,0,0,0,1,0,0,1,0,0,0,0,0,0,0,0,1,0,0,0,1,0,0,0,0,1,0,1
0,1.4062577271882142,0.4926826653569023,1.3248779039676097,0.4679947368622209,4,1,1,1,1,0,1,0,0,0,1,0,0,0,1,0,0,0,1,0,1,0,1,1,0,1,0,1
0,-1.285566089167874,-1.4615712163855774,-1.0012107011511988,-1.456752023889399,0,1,0,0,1,0,0,0,1,1,0,1,0,1,0,1,0,1,0,1,0,0,0,0,0,0,0,0
1,-1.285566089167874,-0.4769598989459623,-0.9881518342654971,-0.4754144633976933,0,0,0,0,1,0,1,0,0,0,0,0,0,0,0,0,0,0,0,0,0,0,0,0,0,0,1,1
1,-0.02122459966728712,0.4793771070131235,0.12337391489600878,0.5113105076879283,1,0,1,0,1,0,1,1,0,0,0,0,0,0,1,0,0,0,0,0,0,0,0,0,0,0,1,0
0,0.34584228438127035,-1.509803865381775,-0.658305150917703,-1.505875505102213,0,1,1,1,1,0,0,0,1,1,0,1,0,1,0,1,0,1,0,1,0,1,0,0,0,0,0,0
0,-1.285566089167874,0.5209569768374316,-0.9749164962056646,0.5191844154790356,1,1,1,0,1,0,0,1,0,0,0,0,0,0,0,0,0,0,1,0,0,0,0,1,0,1,0,1
0,-1.285566089167874,-0.6898488324464196,-0.9909753730515948,-0.687595557558062,0,0,0,0,1,0,0,0,0,0,0,0,0,0,0,0,0,0,0,0,0,0,0,0,0,0,0,0
0,-0.8369287864418593,0.6523493654822452,-0.6059373299942988,0.38187451470077616,2,0,1,1,1,0,1,1,0,0,0,0,1,0,1,0,0,0,0,0,0,0,0,1,0,1,0,1
0,1.2023316804945712,1.350891178530621,1.8515561231618805,1.317590644538629,4,1,1,1,1,0,1,1,0,0,1,0,1,0,0,0,0,0,1,0,1,0,0,1,0,1,0,0
0,-0.4290766930545732,0.6456965863103559,-0.19178154320537116,0.6450915917368402,2,0,0,0,1,0,0,1,0,0,0,0,1,0,0,0,0,0,0,0,1,0,0,1,0,0,1,1
0,-0.6330027397482163,0.9251133115297063,-0.3236055102813037,0.8848457680072448,3,0,0,1,1,0,1,1,0,0,0,0,1,0,1,0,1,0,0,0,0,0,0,1,1,0,0,0
0,1.6101837738818572,-1.2852725683305113,-0.1333695845679768,-1.235891212661055,0,0,1,1,1,0,1,0,1,1,0,1,0,1,0,1,0,1,0,1,0,0,1,1,0,0,0,0
0,0.9576204244621995,1.0664848689323538,1.3861134013911018,1.0646745386915462,3,1,1,1,1,0,1,1,0,0,0,0,1,0,0,0,1,0,1,0,0,0,0,1,1,0,0,0
0,-0.9592844144580451,-1.4782031643153006,-0.9453575745387052,-1.607783705496606,0,0,0,0,1,0,0,0,1,1,0,1,0,1,0,1,0,1,0,1,0,0,0,1,1,0,0,0
0,1.6101837738818572,1.6935093058829194,2.706426608446467,1.7280364695137929,6,1,1,0,1,0,1,1,0,0,1,0,1,0,1,0,1,0,1,0,1,0,1,1,0,0,0,0
0,-0.5106471117320305,1.4407036973511265,-0.03822956281454703,1.5016823413294307,6,1,0,0,1,0,0,1,0,0,1,0,1,0,1,0,1,0,1,0,1,0,0,1,0,0,0,0
0,-0.551432321070759,-1.4865191382801624,-0.8395410467503438,-1.4753353187315694,0,1,1,1,1,0,0,0,1,1,0,1,0,1,0,1,0,1,0,1,0,0,1,0,0,0,1,0
0,-1.2447808798291453,0.09517910983651695,-0.9589899727403327,-0.2176475872888075,0,1,0,0,1,0,0,1,0,0,0,0,0,0,0,0,0,0,0,0,0,0,0,1,0,1,0,1
0,0.8352647964460137,-0.3322619519573701,0.33326431762818703,-0.24609374075856802,4,1,0,0,0,1,0,0,0,0,0,0,0,0,1,0,1,0,1,0,1,1,0,0,1,0,0,0
1,-0.22515064636093016,0.67729728737683,-0.0013691463179132297,0.6572003586713127,1,0,0,0,1,0,1,1,0,0,0,0,0,0,0,0,0,0,0,0,1,0,0,1,0,1,0,1
0,-1.081640042474231,-1.4881823330731347,-0.9528796583360434,-1.430229387119353,0,1,0,0,1,0,0,0,1,1,0,1,0,1,0,1,0,1,0,1,0,0,0,0,0,0,0,0
0,-0.9592844144580451,0.8469431562600068,-0.671672842358134,0.6773993112114636,2,1,1,1,1,0,1,1,0,0,0,0,0,0,1,0,0,0,1,0,0,1,0,1,0,1,0,0
0,-1.0000696237967737,-0.3039876404768406,-0.8133350773918753,-0.2997019947961377,1,0,1,1,1,0,1,0,0,0,0,0,1,0,0,0,0,0,0,0,0,0,0,0,0,1,0,0
0,1.5693985645431285,1.6535926308515836,2.563198191742312,1.6310805893669542,6,0,1,1,1,0,1,1,0,0,1,0,1,0,1,0,1,0,1,0,1,0,1,0,0,0,0,0
0,-0.9184992051193165,0.5043250289077084,-0.643966868019551,0.6027307213046812,1,0,0,0,1,0,1,1,0,0,0,0,1,0,0,0,0,0,0,0,0,0,0,1,0,0,0,1
0,-1.285566089167874,-1.4931719174520517,-1.00162982018976,-1.4882476550538288,0,1,0,0,1,0,0,0,1,1,0,1,0,1,0,1,0,1,0,1,0,0,0,0,0,0,1,1
0,1.5693985645431285,0.06357840877004271,1.0582961365458152,0.038274844889766554,6,0,1,0,0,1,0,0,0,0,1,0,1,0,1,0,1,0,1,0,1,1,0,0,0,0,0,0
0,1.4470429365269428,1.1779189200614992,1.9694168085846901,1.1417594342935646,4,1,1,0,1,0,0,1,0,0,0,0,1,0,0,0,1,0,1,0,1,1,0,1,0,1,0,0
0,0.060345819010170096,1.3459015941517039,0.5516032778218918,1.301163406572362,4,1,0,0,1,0,1,1,0,0,0,0,1,0,0,0,1,0,1,0,1,0,0,1,0,1,0,0
0,-0.2659358556996588,0.6756340925838579,-0.046656061379307064,0.6343283626105337,3,1,0,0,1,0,0,1,0,0,0,0,1,0,1,0,1,0,0,0,0,1,0,1,0,1,0,0
0,-0.4290766930545732,-0.5351717166999936,-0.5451871282996674,-0.5620651232998326,1,0,0,0,1,0,0,0,0,0,1,0,0,0,0,0,0,0,0,0,0,0,0,1,1,0,0,1
0,-1.0408548331355023,-1.5280990081044703,-0.952857599439277,-1.5330046046032813,0,1,0,0,1,0,0,0,1,1,0,1,0,1,0,1,0,1,0,1,0,0,0,1,0,0,1,0
0,-0.5106471117320305,0.1633700963483821,-0.3308849462142116,0.40207039749130086,0,0,1,0,1,0,0,1,0,0,0,0,0,0,0,0,0,0,0,0,0,0,0,1,0,0,0,0
0,1.1207612618171139,1.3725127108392614,1.8180486589737381,1.3912542380274788,4,0,1,0,1,0,1,1,0,0,0,0,1,0,1,0,0,0,1,0,1,0,0,1,0,1,0,0
0,1.6101837738818572,-1.4748767747293563,-0.3784439276425433,-1.4916781002610657,0,1,1,1,1,0,0,0,1,1,0,1,0,1,0,1,0,1,0,1,0,0,1,0,0,1,0,0
1,1.6101837738818572,1.3592071524954825,2.3556680909641377,1.3619458034716903,4,0,1,0,1,0,1,1,0,0,0,0,1,0,1,0,0,0,1,0,1,1,0,1,1,0,0,0
0,-1.1632104611516882,-1.3185364641899577,-0.9654973472864171,-1.3067333596588258,0,1,0,0,1,0,1,0,1,1,0,1,0,1,0,1,0,1,0,1,0,0,0,0,0,0,1,0
0,-0.6737879490869448,-1.5014878914169132,-0.8721882139645974,-1.501923389638384,0,1,1,1,1,0,0,0,1,1,0,1,0,1,0,1,0,1,0,1,0,0,0,0,0,1,0,0
1,1.2023316804945712,1.3292696462219806,1.7746588090342534,1.2243871044374388,4,0,1,0,1,0,1,1,0,0,1,0,0,0,1,0,0,0,1,0,1,1,0,1,0,1,0,0
0,-0.9184992051193165,-0.13101538200771892,-0.7327098097107285,-0.06414782698216583,2,0,0,0,1,0,0,0,0,0,0,0,0,0,0,0,1,0,0,0,1,0,0,1,0,0,1,0
0,-0.06200980900601573,0.5409153143530997,0.1544990182333818,0.6726520919508754,1,1,0,0,1,0,1,1,0,0,0,0,1,0,0,0,0,0,0,0,0,0,0,1,0,1,0,0
0,1.5693985645431285,-1.5231094237255534,-0.4049587215557412,-1.510451024392133,0,0,1,0,1,0,0,0,1,1,0,1,0,1,0,1,0,1,0,1,0,0,1,0,1,0,0,0
0,1.0391908431396566,-1.4665608007644946,-0.4756354267952472,-1.458381108259973,0,1,0,0,1,0,0,0,1,1,0,1,0,1,0,1,0,1,0,1,0,0,1,0,0,0,1,0
0,1.5286133552044,0.8402903770881179,1.7411954626396435,0.8026687768845912,6,1,1,1,1,0,1,0,0,0,1,0,1,0,1,0,1,0,1,0,1,0,1,1,1,0,0,0
0,1.5693985645431285,0.8386271822951452,1.773776453163598,0.7955474889359331,6,0,1,0,1,0,1,0,0,0,1,0,1,0,1,0,1,0,1,0,1,0,1,0,0,1,0,0
1,1.4878281458656715,0.3064048485440018,1.2091128137376077,0.26599413566063385,4,1,0,0,1,0,1,0,0,0,1,0,0,0,1,0,1,0,0,0,1,0,1,0,1,0,0,0
1,-1.285566089167874,0.6706445082049407,-0.9729311954966897,0.668374247310545,1,0,0,0,1,0,1,1,0,0,0,0,0,0,0,0,0,0,0,0,1,0,0,1,0,1,0,1
0,1.6101837738818572,1.7916377986682865,2.8156402063368526,1.8420239475072817,6,0,1,1,1,0,1,1,0,0,1,0,1,0,1,0,1,0,1,0,1,0,1,1,0,0,0,0
0,-0.2659358556996588,0.6989188196854704,-0.041428102845673234,0.6494386148088533,2,0,1,0,1,0,0,1,0,0,0,0,0,0,0,0,1,0,0,0,1,0,0,0,1,0,0,0
0,0.01956060967144149,1.001620272006433,0.3166760272598636,0.8708102817485863,3,0,1,0,1,0,1,1,0,0,0,0,0,0,1,0,1,0,0,0,1,0,0,1,1,0,0,0
0,-0.9184992051193165,-1.4881823330731347,-0.9130412907759473,-1.419288799451709,0,0,1,1,1,0,0,0,1,1,0,1,0,1,0,1,0,1,0,1,0,0,1,0,0,0,1,0
1,0.9984056338009281,1.2111828159209457,1.5393786161239633,1.2103143089441077,4,0,0,0,1,0,1,1,0,0,1,0,0,0,1,0,1,0,0,0,1,0,1,0,1,0,0,0
0,-0.9184992051193165,-1.453255242420716,-0.9122251115955909,-1.4131554396986357,0,0,0,0,1,0,0,0,1,1,0,1,0,1,0,1,0,1,0,1,0,0,0,1,0,1,0,0
0,0.2642718657038131,-1.3534635548423763,-0.6069520392455527,-1.373826279757412,0,0,1,1,1,0,1,0,1,1,0,1,0,1,0,1,0,1,0,1,0,1,0,1,0,0,1,0
0,-0.877713995780588,-1.4831927486942178,-0.9017912534250897,-1.4089811383433501,0,0,0,0,1,0,0,0,1,1,0,1,0,1,0,1,0,1,0,1,0,0,0,0,0,0,0,0
0,-0.46986190239330183,1.2610786597101153,-0.07950175866445816,1.1800401149993511,5,0,1,1,1,0,0,1,0,0,0,0,1,0,1,0,1,0,1,0,1,0,0,1,0,1,0,1
0,1.4470429365269428,0.6789604821698023,1.4424959415259888,0.5594559191041425,5,0,1,1,1,0,1,0,0,0,0,0,1,0,1,0,1,0,1,0,1,0,1,0,0,0,0,0
0,-0.5922175304094877,0.821995234365422,-0.2900098105060953,0.8564271094092749,2,1,0,0,1,0,1,1,0,0,0,0,0,0,1,0,0,0,1,0,0,1,0,1,1,0,0,0
0,-1.081640042474231,1.1662765565106932,-0.7688422826140714,0.874753514677466,4,0,0,0,1,0,0,1,0,0,0,0,0,0,1,0,1,0,1,0,1,0,0,1,0,0,1,1
0,-0.5922175304094877,-0.2873556925471174,-0.5825769583186944,-0.36499556934461913,1,1,0,0,1,0,1,0,0,0,1,0,0,0,0,0,0,0,0,0,0,0,0,0,0,0,1,0
0,0.7944795871072851,-0.4636543406021835,0.14130779796708196,-0.48685872613861436,1,0,1,1,1,0,0,0,0,0,0,0,0,0,1,0,0,0,0,0,0,1,0,1,0,0,0,0
0,0.9576204244621995,1.6951725006758915,1.8871591825428304,1.7370352212750586,6,1,1,1,1,0,1,1,0,0,1,0,1,0,1,0,1,0,1,0,1,0,1,0,0,0,1,0
0,0.5089831217361848,1.289352971190645,1.0841932813495547,1.3466170087134466,4,1,0,0,1,0,1,1,0,0,0,0,0,0,1,0,1,0,1,0,1,0,0,1,0,0,0,0
0,1.4062577271882142,-1.2902621527094282,-0.23417874279036824,-1.2806436950375444,0,0,0,0,1,0,1,0,1,1,0,1,0,1,0,1,0,1,0,1,0,0,1,1,0,0,1,0
0,-1.2039956704904167,-0.99088708997441,-0.9658502896346793,-1.0340475003667893,2,1,1,0,0,1,0,0,0,0,1,0,0,0,0,0,1,0,0,0,0,0,0,0,0,0,1,0
1,1.324687308510757,1.1380022450301635,1.8555046656830643,1.1620523267283835,4,1,0,0,1,0,0,1,0,0,0,0,1,0,1,0,0,0,1,0,1,0,0,1,0,0,0,0
0,1.2431168898332998,0.07854716190679371,0.8575601759716879,0.07687734791507209,3,1,1,0,1,0,1,0,0,0,0,0,1,0,0,0,1,0,0,0,1,0,1,0,0,0,1,0
0,-0.877713995780588,-1.3268524381548195,-0.8777911737432599,-1.2450230201285195,0,0,1,1,1,0,1,0,1,1,0,1,0,1,0,1,0,1,0,1,0,0,1,0,0,0,1,0
0,-1.285566089167874,-0.17758483621094415,-0.9841812328475473,-0.1770347997346746,2,1,0,1,1,0,0,0,0,0,0,0,0,0,0,0,1,0,0,0,1,0,0,1,0,0,1,0
0,0.9168352151234709,0.4294812632239538,0.8969132478029238,0.45474646387181017,3,1,0,0,1,0,1,0,0,0,0,0,0,0,1,0,0,0,1,0,1,0,1,1,0,0,0,0
0,-0.30672106503838736,-0.3256091727854808,-0.36364240791229724,-0.20707168587675176,1,1,1,1,1,0,1,0,0,0,0,0,0,0,0,0,1,0,0,0,0,1,0,1,0,0,1,0
0,1.6101837738818572,1.7600370976018123,2.8210887538381497,1.8477106586897474,6,1,1,0,1,0,1,1,0,0,1,0,1,0,1,0,1,0,1,0,1,1,0,1,0,0,0,1
0,1.6101837738818572,-1.355126749635349,-0.22672283568332918,-1.3333250657954605,0,0,1,0,1,0,1,0,1,1,0,1,0,1,0,1,0,1,0,1,0,0,1,1,1,0,0,0
0,1.324687308510757,-0.6532585470010285,0.28394062445854423,-0.6548503021611974,3,0,0,1,0,1,0,0,0,0,0,0,1,0,0,0,1,0,1,0,0,0,1,0,0,0,1,0
1,0.8760500057847422,0.4860298861850129,0.9176044929697952,0.5318010864425646,1,0,0,0,1,0,1,1,0,0,0,0,1,0,0,0,0,0,0,0,0,0,0,1,0,1,0,1
0,-1.0408548331355023,-1.48485594348719,-0.946769343931754,-1.467645249705668,0,1,1,1,1,0,0,0,1,1,0,1,0,1,0,1,0,1,0,1,0,0,0,0,0,0,1,0
0,1.6101837738818572,-0.004612577741822443,1.1092963058697036,0.06109335314083482,3,0,1,0,1,0,1,0,0,0,1,0,1,0,0,0,1,0,0,0,0,0,1,0,0,0,0,0
0,-0.46986190239330183,-0.342241120715204,-0.5140399660655279,-0.3749284020635601,1,1,1,0,1,0,0,0,0,0,0,0,0,0,0,0,0,0,1,0,0,0,0,0,0,0,0,0
0,-1.2447808798291453,-1.4698871903504391,-0.9928724381735042,-1.4907341522510207,0,0,0,0,1,0,0,0,1,1,0,1,0,1,0,1,0,1,0,1,0,0,0,1,0,0,0,0
1,-1.1632104611516882,0.9933042980415715,-0.8240998190138724,1.3496744793411042,3,1,0,0,1,0,0,1,0,0,0,0,0,0,1,0,0,0,1,0,1,0,0,1,0,1,0,0
0,-1.2039956704904167,0.49101947056393,-0.8993868336775535,0.6308005118863133,1,1,1,0,1,0,1,1,0,0,0,0,0,0,0,0,1,0,0,0,0,0,0,1,0,0,0,1
0,1.6101837738818572,1.6935093058829194,2.665507354944818,1.6853285778398037,6,1,1,0,1,0,1,1,0,0,1,0,1,0,1,0,1,0,1,0,1,0,1,0,1,0,0,0
0,-1.081640042474231,-0.5135501843913532,-0.8716588004422042,-0.41297575600154285,1,0,0,0,1,0,0,0,0,0,1,0,0,0,0,0,0,0,0,0,0,0,0,1,0,1,0,0
0,0.7944795871072851,0.6290646383806325,0.9004647301823119,0.61022846669929,2,1,0,0,1,0,0,1,0,0,0,0,0,0,1,0,0,0,0,0,1,0,0,1,1,0,0,0
1,1.4878281458656715,1.0132626355572392,1.8051442043654014,0.9151260609565084,3,1,1,0,1,0,1,1,0,0,0,0,1,0,1,0,0,0,0,0,1,0,0,1,0,0,0,0
0,-1.0000696237967737,0.9916411032485992,-0.68384935337318,0.9166095508301951,3,1,0,0,1,0,0,1,0,0,0,0,0,0,1,0,0,0,1,0,1,0,0,1,0,1,0,1
1,-1.0000696237967737,0.3047416537510296,-0.7456804410093644,0.33580524718613874,1,0,0,0,1,0,0,1,0,0,0,0,0,0,1,0,0,0,0,0,0,0,0,1,0,0,0,0
1,1.2431168898332998,0.821995234365422,1.4331429692970405,0.7634400078761967,2,0,0,0,1,0,1,1,0,0,0,0,0,0,1,0,0,0,0,0,1,0,0,1,0,0,0,0
0,1.1207612618171139,1.7201204225704765,2.099630476196676,1.7439224238291853,6,1,0,0,1,0,1,1,0,0,1,0,1,0,1,0,1,0,1,0,1,1,0,1,1,0,0,0
0,-0.8369287864418593,-0.3555466790589825,-0.705820014552502,-0.2436176691261445,2,0,1,0,1,0,0,0,0,0,1,0,0,0,0,0,1,0,0,0,0,0,0,0,0,0,0,0
0,-0.7961435771031307,-1.5164566445536642,-0.8872323815592739,-1.4390277618171088,0,0,0,0,1,0,0,0,1,1,0,1,0,1,0,1,0,1,0,1,0,0,0,1,0,0,1,0
0,-0.4290766930545732,0.005366591016011401,-0.38064981731918207,-4.1408334565633966e-05,3,1,0,0,1,0,1,0,0,0,1,0,1,0,1,0,0,0,0,0,0,0,0,0,0,0,1,0
0,-1.1224252518129596,0.9184605323578169,-0.8107321275734415,0.8503858421449861,2,1,0,0,1,0,1,1,0,0,0,0,0,0,1,0,0,0,1,0,0,0,0,1,0,1,0,1
0,-1.285566089167874,-1.511467060174747,-1.0018724680541904,-1.5064819678332353,0,0,1,1,1,0,0,0,1,1,0,1,0,1,0,1,0,1,0,1,0,0,0,0,0,0,1,1
0,1.6101837738818572,-1.3584531392212935,-0.2564141107308869,-1.3643141882715732,0,0,1,1,1,0,1,0,1,1,0,1,0,1,0,1,0,1,0,1,0,0,1,1,0,0,0,0
0,-1.2447808798291453,-1.5347517872763599,-0.987004771633645,-1.2702647341000122,0,0,0,0,1,0,0,0,1,1,0,1,0,1,0,1,0,1,0,1,0,0,0,0,0,0,0,0
0,0.30505707504254176,-1.4881823330731347,-0.6675037108692867,-1.5070207088926268,0,0,1,1,1,0,0,0,1,1,0,1,0,1,0,1,0,1,0,1,0,0,1,0,0,0,0,0
0,0.4681979123974562,-1.4931719174520517,-0.6306653532694194,-1.5026768736375329,0,1,1,1,1,0,0,0,1,1,0,1,0,1,0,1,0,1,0,1,0,1,0,0,0,0,0,0
1,1.5693985645431285,0.20328677137971796,1.2007745507599132,0.18907564673635804,4,1,1,0,1,0,0,0,0,0,1,0,1,0,0,0,1,0,1,0,0,1,0,1,0,0,0,0
0,-1.2447808798291453,0.35463749754019924,-0.9370854882513098,0.6053829849816857,0,0,0,0,1,0,1,1,0,0,0,0,0,0,0,0,0,0,0,0,0,0,0,1,0,1,0,1
1,-0.2659358556996588,0.9550508178032079,0.05018249542513461,0.9142186881405875,2,1,0,0,1,0,1,1,0,0,0,0,0,0,0,0,0,0,1,0,1,0,0,1,0,1,0,0
0,-1.285566089167874,0.17002287552027148,-0.9795709234233724,0.16941714307405273,0,1,1,1,1,0,0,1,0,0,0,0,0,0,0,0,0,0,0,0,0,0,0,1,0,1,0,1
0,-1.285566089167874,-1.3468107756704872,-0.9996886372743179,-1.3423731528185752,0,0,0,0,0,1,0,0,0,0,0,0,0,0,0,0,0,0,0,0,0,0,0,0,0,0,1,0
0,1.324687308510757,0.3296895756456144,1.1160904460737509,0.30720734160151325,4,1,1,1,1,0,0,0,0,0,1,0,0,0,0,0,1,0,1,0,1,0,1,1,0,0,0,1
0,-1.2039956704904167,0.012019370187900788,-0.9178501302710198,0.16831203320863422,2,1,0,0,1,0,1,0,0,0,0,0,0,0,0,0,1,0,1,0,0,0,0,1,0,0,1,0
0,-0.7961435771031307,-0.4769598989459623,-0.7410039548948902,-0.593746227448668,1,1,0,0,1,0,0,0,0,0,0,0,0,0,0,0,1,0,0,0,0,0,0,1,0,0,1,0
0,0.01956060967144149,1.31430089308523,0.4937869093971897,1.2741251503597606,4,0,1,0,1,0,1,1,0,0,0,0,1,0,1,0,0,0,1,0,1,0,0,1,0,1,0,1
0,-1.285566089167874,0.1933076026218841,-0.9792620988686431,0.19262445024784317,0,0,0,0,1,0,0,1,0,0,0,0,0,0,0,0,0,0,0,0,0,0,0,1,0,0,1,0
0,-1.1632104611516882,-0.6532585470010285,-0.9419163866431488,-0.8637224423591494,0,1,1,1,1,0,0,0,0,0,0,0,0,0,0,0,0,0,0,0,0,0,0,0,0,0,1,0
0,-1.2447808798291453,0.18000204427810534,-0.9469237562091187,0.235723734999168,0,1,0,0,1,0,0,1,0,0,0,0,0,0,0,0,0,0,0,0,0,0,0,1,0,1,0,0
0,1.6101837738818572,1.4656516192457114,2.463822861809736,1.4748281715997593,5,1,1,0,1,0,1,1,0,0,1,0,1,0,0,0,1,0,1,0,1,0,1,1,1,0,0,0
0,0.18270144702635593,-1.278619789158622,-0.608275573051536,-1.3344880445896425,0,0,1,1,1,0,1,0,1,1,0,1,0,1,0,1,0,1,0,1,0,0,0,0,0,0,1,0
0,-0.7145731584256735,0.7088979884433043,-0.45006916544300385,0.656107527804399,2,0,0,0,1,0,0,1,0,0,1,0,0,0,0,0,0,0,1,0,0,0,0,0,0,1,0,1
0,-0.3882914837158446,-1.504814281002858,-0.7995262080161166,-1.4621574525789465,0,0,0,0,1,0,0,0,1,1,0,1,0,1,0,1,0,1,0,1,0,1,0,1,1,0,0,0
0,-0.10279501834474433,-0.4553383666373219,-0.3215540328820296,-0.4256845194538568,3,0,1,1,0,1,0,0,0,0,0,0,0,0,0,0,1,0,1,0,1,0,0,0,1,0,0,1
0,0.38662749371999894,-1.524772618518526,-0.6743419688668669,-1.5499364664698734,0,0,1,1,1,0,0,0,1,1,0,1,0,1,0,1,0,1,0,1,0,1,0,1,0,1,0,0
0,-0.02122459966728712,0.3280263808526422,-0.0032662114398226455,0.21391508249879787,3,0,0,0,1,0,1,0,0,0,1,0,0,0,0,0,0,0,1,0,1,1,0,0,0,0,1,0
0,-0.4290766930545732,0.36295347150506085,-0.2979068955484621,0.2825904397462379,0,0,1,1,1,0,1,1,0,0,0,0,0,0,0,0,0,0,0,0,0,0,0,1,0,0,0,0
0,0.38662749371999894,-1.3235260485688747,-0.5264150071514714,-1.2852626537021214,0,1,1,0,0,1,0,0,0,0,0,0,0,0,0,0,0,0,0,0,0,0,0,1,1,0,0,0
0,-1.0000696237967737,-0.6798696636885856,-0.8475263673797762,-0.6208745494334147,0,0,0,0,1,0,0,0,0,0,0,0,0,0,0,0,0,0,0,0,0,0,0,0,0,0,1,0
0,1.324687308510757,1.310974503499285,1.9566005895634186,1.2789304462640774,4,0,1,1,1,0,1,1,0,0,1,0,0,0,1,0,0,0,1,0,1,0,1,1,1,0,0,0
0,-1.2447808798291453,-1.509803865381775,-0.9965342150367245,-1.6283203304956348,0,0,0,0,1,0,0,0,1,1,0,1,0,1,0,1,0,1,0,1,0,0,0,0,0,0,1,1
0,1.5286133552044,0.8020368968497543,1.7659676037082968,0.8292624564316997,6,0,1,1,1,0,1,0,0,0,1,0,1,0,1,0,1,0,1,0,1,0,1,1,0,0,0,0
0,-0.4290766930545732,-1.4881823330731347,-0.8196439218670621,-1.4995499150410645,0,1,0,1,1,0,0,0,1,1,0,1,0,1,0,1,0,1,0,1,0,0,0,0,1,0,0,0
1,-1.1632104611516882,0.33301596523155935,-0.8685043782046108,0.515454669683248,0,0,0,0,1,0,1,1,0,0,0,0,0,0,0,0,0,0,0,0,0,0,0,1,0,1,0,1
0,-1.2447808798291453,0.33301596523155935,-0.9455340457128363,0.28794017614019635,0,0,0,0,1,0,1,1,0,0,0,0,0,0,0,0,0,0,0,0,0,0,0,0,1,0,0,1
0,1.4062577271882142,-0.9559599993219914,0.06357224576233185,-0.9466860913788856,2,0,1,1,0,1,0,0,0,0,1,0,1,0,0,0,0,0,0,0,0,0,1,0,0,0,0,0
0,-0.30672106503838736,-1.5197830341396088,-0.775702599508418,-1.4456788230379045,0,0,0,0,1,0,0,0,1,1,0,1,0,1,0,1,0,1,0,1,0,0,0,1,1,0,0,0
0,-0.5106471117320305,-1.5181198393466364,-0.8449013586645759,-1.5292748588074938,0,0,1,0,1,0,0,0,1,1,0,1,0,1,0,1,0,1,0,1,0,0,0,0,0,0,0,0
0,-1.2447808798291453,-0.1226994080428573,-0.9548870179417848,-0.06348476106291456,2,0,0,1,1,0,0,0,0,0,1,0,0,0,0,0,0,0,0,0,1,0,0,1,1,0,0,0
0,0.7536943777685564,-1.4782031643153006,-0.550459204626834,-1.4735236912586929,0,1,0,0,1,0,0,0,1,1,0,1,0,1,0,1,0,1,0,1,0,0,1,0,0,0,1,0
0,0.5497683310749134,-0.9925502847673825,-0.2956348291815241,-0.9835607964064161,2,0,1,1,0,1,0,0,0,0,1,0,1,0,0,0,0,0,0,0,0,0,0,0,0,0,0,0
0,-0.30672106503838736,1.176255725268527,0.0429692361825259,1.015157723078898,3,0,0,0,1,0,1,1,0,0,0,0,1,0,0,0,0,0,1,0,1,0,0,1,0,1,0,1
0,-0.7961435771031307,-0.6948384168253365,-0.7195627072379616,-0.46980390561941415,0,1,0,1,1,0,0,0,0,0,0,0,0,0,0,0,0,0,0,0,0,0,0,0,0,0,1,0
1,-0.30672106503838736,1.2610786597101153,0.16316816466257197,1.3764623424788505,4,0,0,0,1,0,1,1,0,0,1,0,1,0,0,0,0,0,1,0,1,0,0,1,0,0,1,1
0,-0.2659358556996588,-0.48361267811785147,-0.44318678965189096,-0.5117555762797276,1,1,1,1,1,0,0,0,0,0,0,0,0,0,1,0,0,0,0,0,0,1,0,0,0,0,1,0
0,0.4274127030587276,1.1679397513036653,0.847589554633281,1.0958204631626836,3,1,0,0,1,0,1,1,0,0,0,0,0,0,0,0,1,0,1,0,1,1,0,1,0,1,0,1
0,-0.551432321070759,-1.4931719174520517,-0.8438866494133221,-1.492522685322685,0,1,0,1,1,0,0,0,1,1,0,1,0,1,0,1,0,1,0,1,0,0,0,1,0,1,0,0
0,-0.9184992051193165,1.1629501669247482,-0.5732901627800451,1.1338465226248542,4,1,1,0,1,0,0,1,0,0,0,0,1,0,0,0,1,0,1,0,1,0,0,1,0,1,0,1
0,-1.2447808798291453,0.975009155318876,-0.9249530950297966,1.061240804466853,2,0,0,1,1,0,1,1,0,0,0,0,0,0,0,0,0,0,1,0,1,0,0,1,0,0,0,1
0,1.6101837738818572,0.7155507676151937,1.6626216723577707,0.638605350310832,5,0,1,0,1,0,1,0,0,0,1,0,1,0,0,0,1,0,1,0,1,0,1,1,0,0,0,0
1,-0.5922175304094877,-0.21583831644930754,-0.5847607890985667,-0.3741127257343227,2,1,0,0,1,0,1,0,0,0,1,0,1,0,0,0,0,0,0,0,0,0,0,1,1,0,0,0
1,-0.9592844144580451,0.6307278331736048,-0.6618566332970914,0.7593616262300086,1,1,0,0,1,0,1,1,0,0,0,0,0,0,0,0,0,0,0,0,1,0,0,1,0,1,0,1
1,-0.22515064636093016,0.7787521697481417,0.07826347100874609,0.8788362816802628,2,0,0,0,1,0,1,1,0,0,0,0,0,0,1,0,0,0,0,0,1,0,0,0,1,0,0,1
0,-0.347506274377116,0.9716827657329311,0.01433678817975472,1.0574419893044764,2,1,0,0,1,0,1,1,0,0,0,0,0,0,0,0,0,0,1,0,1,0,0,1,0,1,0,0
0,1.4878281458656715,1.3026585295344235,2.193380787453824,1.3379507051166637,5,1,0,0,1,0,0,1,0,0,0,0,1,0,1,0,1,0,1,0,1,1,0,1,0,0,0,1
0,0.5497683310749134,1.463988424452739,1.1311566725651938,1.3472960907177034,5,0,1,0,1,0,1,1,0,0,0,0,1,0,1,0,1,0,1,0,1,0,1,1,1,0,0,0
1,1.6101837738818572,1.4140925806635694,2.408124147474607,1.4166947880543022,5,0,0,0,1,0,1,1,0,0,1,0,1,0,1,0,1,0,0,0,1,0,1,1,0,0,0,0
0,-0.4290766930545732,0.9916411032485992,-0.16564175053720182,0.7343794456360009,3,1,1,0,1,0,0,1,0,0,0,0,0,0,1,0,0,0,1,0,1,0,0,1,1,0,0,1
1,1.5286133552044,0.86357510418973,1.8440119804677766,0.9130455715142206,2,0,1,0,1,0,1,1,0,0,1,0,0,0,0,0,0,0,0,0,1,0,0,1,0,1,0,0
0,-1.2447808798291453,-1.4964983070379965,-0.9851297654085021,-1.1998139801795773,0,0,0,0,1,0,0,0,1,1,0,1,0,1,0,1,0,1,0,1,0,0,0,0,0,1,0,0
0,-0.06200980900601573,0.050272850426264414,-0.11936218512132066,0.008784076829660651,3,1,1,0,1,0,0,0,0,0,0,0,0,0,1,0,1,0,0,0,1,0,0,1,1,0,0,0
1,0.9576204244621995,1.1895612836123057,1.4989887761447076,1.2161436596204815,3,0,1,0,1,0,1,1,0,0,0,0,0,0,1,0,0,0,1,0,1,0,0,1,0,0,0,1
0,-0.6737879490869448,1.191224478405278,-0.33867173677274637,1.0038441608316753,4,0,1,1,1,0,0,1,0,0,1,0,0,0,1,0,0,0,1,0,1,0,0,0,0,0,0,0
0,0.7944795871072851,-1.3068941006391515,-0.4217014242014294,-1.3004852384966514,0,1,0,1,1,0,1,0,1,1,0,1,0,1,0,1,0,1,0,1,0,0,1,0,1,0,0,0
0,-0.7961435771031307,-1.4981615018309686,-0.8992765391937215,-1.5086496833384795,0,1,1,1,1,0,0,0,1,1,0,1,0,1,0,1,0,1,0,1,0,0,0,1,0,0,1,0
0,0.1011310283488987,-1.4682239955574667,-0.7014302940959909,-1.487821398391453,0,0,0,0,1,0,0,0,1,1,0,1,0,1,0,1,0,1,0,1,0,1,0,0,0,0,1,0
0,1.0799760524783852,1.0282313886939902,1.4846063754530225,1.026598419787333,3,0,0,0,1,0,0,1,0,0,0,0,0,0,1,0,0,0,1,0,1,0,1,0,0,1,0,0
0,1.6101837738818572,0.9899779084556269,1.966328563037396,0.955587696708397,3,1,1,0,1,0,0,1,0,0,0,0,0,0,1,0,0,0,1,0,1,0,0,1,0,1,0,0
1,1.3654725178494855,0.5209569768374316,1.3123925683978346,0.4934654949747488,4,0,1,0,1,0,1,0,0,0,0,0,1,0,1,0,0,0,1,0,1,0,1,1,0,0,0,1
0,0.6721239590910992,1.3891446587689846,1.272355670766841,1.349640649447265,5,0,1,0,1,0,1,1,0,0,1,0,1,0,1,0,1,0,0,0,1,0,1,0,1,0,0,0
0,-1.2447808798291453,-0.6333002094853606,-0.9638649889257045,-0.4008195474819386,0,0,0,0,1,0,0,0,0,0,0,0,0,0,0,0,0,0,0,0,0,0,0,1,0,0,1,0
1,-0.46986190239330183,1.3126376982922574,-0.008163286521960657,1.4353204939110447,4,1,0,0,1,0,1,1,0,0,0,0,1,0,1,0,0,0,1,0,1,0,0,1,0,1,0,0
1,0.8760500057847422,-0.31396680923467446,0.29849949632436007,-0.32975484363627106,4,1,0,0,0,1,0,0,0,0,0,0,1,0,1,0,0,0,1,0,1,1,0,1,0,1,0,0
1,-0.347506274377116,0.4644083538763725,-0.22857578301170575,0.29685012443013364,1,1,1,0,1,0,1,1,0,0,1,0,0,0,0,0,0,0,0,0,0,0,0,1,0,1,0,1
0,-1.285566089167874,-0.12436260283582976,-0.983475348151023,-0.12398952619458234,2,1,0,0,1,0,1,0,0,0,1,0,1,0,0,0,0,0,0,0,0,0,0,0,0,1,0,0
0,-1.081640042474231,0.4677347434623174,-0.792092359805844,0.5835570651396682,2,1,0,0,1,0,0,1,0,0,1,0,1,0,0,0,0,0,0,0,0,0,0,1,0,1,0,0
0,-1.285566089167874,-0.6798696636885856,-0.9908430196709966,-0.6776495687692946,0,0,0,0,1,0,0,0,0,0,0,0,0,0,0,0,0,0,0,0,0,0,0,1,0,0,1,1
0,0.6721239590910992,1.473967593210573,1.323576429058393,1.428193662942223,5,1,0,1,1,0,1,1,0,0,1,0,1,0,1,0,0,0,1,0,1,1,0,1,1,0,0,0
0,0.9576204244621995,-0.11937301845691284,0.466080935058607,-0.16993052202841197,3,0,1,1,1,0,0,0,0,0,1,0,1,0,1,0,0,0,0,0,0,0,1,1,1,0,0,0
1,0.9576204244621995,1.0631584793464088,1.292341031237188,0.9388400198193746,3,0,0,0,1,0,1,1,0,0,1,0,1,0,0,0,0,0,0,0,1,0,0,1,0,1,0,0
0,-1.081640042474231,-0.8095988575404269,-0.9144971779625289,-0.9495065956622672,3,0,1,1,0,1,0,0,0,0,0,0,1,0,1,0,1,0,0,0,0,0,1,0,0,0,1,0
0,-0.02122459966728712,-1.499824696623941,-0.7423495475976399,-1.5217117631660353,0,1,0,0,1,0,0,0,1,1,0,1,0,1,0,1,0,1,0,1,0,1,0,0,0,0,1,0
0,0.7129091684298279,1.4423668921440986,1.3857604590428396,1.4500626595157284,5,1,1,1,1,0,1,1,0,0,1,0,1,0,1,0,0,0,1,0,1,1,0,1,0,1,0,0
0,1.0391908431396566,1.33592242539387,1.6387539460565397,1.281110033639229,4,1,1,1,1,0,1,1,0,0,0,0,0,0,1,0,1,0,1,0,1,1,0,1,0,0,0,0
0,1.324687308510757,0.8502695458459517,1.6180406419929012,0.8875175336230509,6,0,1,1,1,0,1,0,0,0,1,0,1,0,1,0,1,0,1,0,1,0,1,1,0,0,1,0
0,1.2839020991720282,0.7155507676151937,1.3904590040540803,0.667778524023718,6,0,0,0,1,0,1,0,0,0,1,0,1,0,1,0,1,0,1,0,1,0,1,1,1,0,0,0
0,1.3654725178494855,0.06690479835598764,0.9176044929697952,0.043962057215738155,3,0,1,0,1,0,1,0,0,0,1,0,1,0,1,0,0,0,0,0,0,0,1,0,0,0,0,0
0,0.22348665636508452,1.5238634369997426,0.9433472254961697,1.712441333584038,5,1,1,0,1,0,1,1,0,0,1,0,0,0,1,0,1,0,1,0,1,1,0,1,0,1,0,0
0,-0.5106471117320305,-1.4931719174520517,-0.8267248277290725,-1.4609790691246252,0,0,1,0,1,0,0,0,1,1,0,1,0,1,0,1,0,1,0,1,0,1,0,1,0,0,1,0
0,0.14191623768762732,0.665654923826024,0.34272758434096723,0.6733472417049283,1,1,0,0,1,0,1,1,0,0,0,0,0,0,0,0,0,0,0,0,1,0,0,1,0,1,0,1
1,1.2839020991720282,1.2377939326085028,1.9401887703692267,1.3132576558072326,4,1,0,0,1,0,1,1,0,0,0,0,0,0,1,0,1,0,1,0,1,1,0,0,0,1,0,0
0,-1.285566089167874,-1.48485594348719,-1.0015195257059282,-1.4799593310631893,0,1,0,0,1,0,0,0,1,1,0,1,0,1,0,1,0,1,0,1,0,0,0,0,0,0,1,1
0,1.1207612618171139,0.17501245989918865,0.8533910444828408,0.18306524991197212,4,0,0,0,1,0,0,0,0,0,0,0,1,0,1,0,1,0,1,0,0,1,0,1,1,0,0,0
0,-1.285566089167874,0.3147208225088634,-0.9776517994046967,0.31363398051117825,1,1,0,0,1,0,0,1,0,0,0,0,1,0,0,0,0,0,0,0,0,0,0,1,0,1,0,1
0,0.7129091684298279,0.5043250289077084,0.7728760712855259,0.5289314844920274,5,0,1,1,1,0,1,0,0,0,1,0,1,0,1,0,1,0,0,0,1,1,0,1,0,0,0,0
0,-1.285566089167874,-0.09442509656232799,-0.983078288009228,-0.09415155982828051,2,1,0,0,1,0,1,0,0,0,0,0,0,0,1,0,1,0,0,0,0,0,0,0,0,0,1,1
0,1.6101837738818572,-0.5218661583562149,0.5693827486156001,-0.50242058573386,4,0,1,0,0,1,0,0,0,0,1,0,1,0,1,0,0,0,0,0,1,0,1,1,0,1,0,0
0,1.1207612618171139,-1.4765399695223285,-0.48156927002540545,-1.4889107209730799,0,1,1,0,1,0,0,0,1,1,0,1,0,1,0,1,0,1,0,1,0,0,1,1,0,0,0,0
0,0.5497683310749134,-0.8861058180171537,-0.2360316901187448,-0.886191007612035,3,1,0,0,0,1,0,0,0,0,1,0,0,0,1,0,1,0,0,0,0,0,1,0,0,0,1,0
0,1.4878281458656715,-0.3305987571643977,0.6538903821276312,-0.3386931537434067,4,0,1,1,0,1,0,0,0,0,0,0,1,0,1,0,0,0,1,0,1,0,1,1,1,0,0,0
1,-0.06200980900601573,1.0548425053815471,0.2592346600801901,0.9265421713544613,3,1,0,0,1,0,1,1,0,0,0,0,0,0,1,0,1,0,1,0,0,0,0,1,0,0,0,0
0,-0.551432321070759,-1.4964983070379965,-0.852644031429578,-1.5271591550519885,0,1,1,1,1,0,0,0,1,1,0,1,0,1,0,1,0,1,0,1,0,1,0,0,0,0,1,0
0,1.5693985645431285,-1.4964983070379965,-0.39399544986284657,-1.498847370805238,0,0,1,1,1,0,0,0,1,1,0,1,0,1,0,1,0,1,0,1,0,0,1,0,1,0,0,0
0,-0.8369287864418593,0.6556757550681896,-0.5869666787752055,0.5006738252332742,3,1,1,0,1,0,0,1,0,0,1,0,1,0,1,0,0,0,0,0,0,0,0,1,0,1,0,0
0,0.2642718657038131,0.5026618341147361,0.3937939303551546,0.5544629227212445,5,1,1,1,1,0,0,0,0,0,1,0,0,0,1,0,1,0,1,0,1,1,0,0,1,0,0,1
0,0.4681979123974562,0.67729728737683,0.6237358702479793,0.6397041811429243,5,1,0,0,1,0,1,0,0,0,0,0,1,0,1,0,1,0,1,0,1,1,0,1,0,0,0,0
0,0.9576204244621995,0.5442417039390443,1.0279651534920322,0.5840701518628983,5,0,1,1,1,0,1,0,0,0,1,0,1,0,1,0,1,0,1,0,0,0,1,0,1,0,0,0
0,1.6101837738818572,1.6835301371250855,2.6569485029994597,1.6763956064276706,6,0,1,0,1,0,1,1,0,0,1,0,1,0,1,0,1,0,1,0,1,0,1,1,0,0,0,0
0,-1.1224252518129596,1.3043217243273957,-0.771379055742206,1.4418406421170145,4,1,0,0,1,0,1,1,0,0,0,0,1,0,1,0,0,0,1,0,1,0,0,0,0,0,1,1
0,-0.877713995780588,0.46939793825528964,-0.6004667235962348,0.6495371473318192,1,0,0,0,1,0,1,1,0,0,1,0,0,0,0,0,0,0,0,0,0,0,0,1,0,0,0,0
1,-0.347506274377116,-0.8578315065366242,-0.5819372503124691,-0.8095720589536387,2,1,1,0,0,1,0,0,0,0,1,0,0,0,0,0,0,0,0,0,1,0,0,0,0,0,0,1
1,-0.7145731584256735,0.9899779084556269,-0.4435176731033868,0.6889292908073309,3,0,1,0,1,0,0,1,0,0,0,0,1,0,0,0,0,0,1,0,1,0,0,1,0,1,0,0
0,1.6101837738818572,-1.4665608007644946,-0.339333503675738,-1.4508581046071665,0,1,0,0,1,0,0,0,1,1,0,1,0,1,0,1,0,1,0,1,0,0,1,1,0,0,1,0
0,0.9576204244621995,-0.17924803100391637,0.48480893841327,-0.144799139642509,2,1,1,0,1,0,1,0,0,0,0,0,1,0,1,0,0,0,0,0,0,0,1,0,1,0,0,0
1,1.2839020991720282,-1.4915087226590795,-0.48190015347690124,-1.530699414493385,0,1,0,0,1,0,0,0,1,1,0,1,0,1,0,1,0,1,0,1,0,0,1,1,0,0,0,0
0,0.060345819010170096,1.1829085044404164,0.49601485797059497,1.1783011921228839,3,0,1,0,1,0,1,1,0,0,0,0,0,0,1,0,0,0,1,0,1,0,0,1,0,1,0,0
0,-1.2447808798291453,0.3862381986066735,-0.9387840233023218,0.5415628902537619,0,1,0,0,1,0,1,1,0,0,0,0,0,0,0,0,0,0,0,0,0,0,0,1,0,1,0,1
0,0.1011310283488987,-1.4732135799363837,-0.6778052156591897,-1.4370968555687398,0,1,0,0,1,0,0,0,1,1,0,1,0,1,0,1,0,1,0,1,0,1,0,0,0,0,0,0
0,-0.4290766930545732,-1.4831927486942178,-0.8043571064079554,-1.447333473900036,0,1,0,0,1,0,0,0,1,1,0,1,0,1,0,1,0,1,0,1,0,1,0,0,1,0,0,0
0,-1.1224252518129596,-0.5218661583562149,-0.9147618847237255,-0.7131235954492313,1,1,0,0,1,0,0,0,0,0,0,0,0,0,0,0,1,0,0,0,0,0,0,1,0,1,0,1
0,-0.9592844144580451,-0.8428627533998734,-0.8458940090190634,-0.7772936416345374,3,1,0,0,0,1,0,0,0,0,1,0,1,0,1,0,0,0,0,0,0,1,0,0,0,0,1,0
0,-0.877713995780588,-1.3883906454947954,-0.9022765491539502,-1.412296467939606,0,1,0,0,1,0,1,0,1,1,0,1,0,1,0,1,0,1,0,1,0,0,0,0,1,0,0,1
0,-0.3882914837158446,-1.4782031643153006,-0.7982026742101335,-1.4578331096273083,0,1,0,0,1,0,0,0,1,1,0,1,0,1,0,1,0,1,0,1,0,1,0,0,0,0,1,0
0,-1.1632104611516882,0.5309361455952655,-0.876886758975838,0.35797651386109924,1,0,1,1,1,0,0,1,0,0,0,0,0,0,0,0,0,0,0,0,1,0,0,0,0,1,0,1
0,1.4470429365269428,-1.3185364641899577,-0.24800967106289323,-1.3087323083859799,0,1,1,0,1,0,1,0,1,1,0,1,0,1,0,1,0,1,0,1,0,0,1,0,0,0,0,0
0,0.01956060967144149,0.8768806625335088,0.2972200803119097,0.8265054225986233,2,1,1,0,1,0,0,1,0,0,0,0,0,0,0,0,0,0,1,0,1,0,0,0,0,1,0,0
0,-0.06200980900601573,0.2515194203759154,-0.059163455845848804,0.1547120521229185,5,1,0,0,1,0,0,0,0,0,1,0,1,0,1,0,1,0,1,0,0,0,0,1,0,0,0,0
0,-1.285566089167874,-0.15928969348824845,-0.9839385849831173,-0.15880048695526774,2,1,0,0,1,0,1,0,0,0,0,0,1,0,0,0,1,0,0,0,0,0,0,0,0,0,1,1
0,0.9576204244621995,-1.5031510862098856,-0.5463783087250522,-1.5285644310368676,0,0,0,0,1,0,0,0,1,1,0,1,0,1,0,1,0,1,0,1,0,0,1,0,0,0,0,0
0,-1.285566089167874,0.4677347434623174,-0.9756223809021891,0.4661391419389436,1,1,0,0,1,0,0,1,0,0,0,0,0,0,0,0,0,0,1,0,0,0,0,1,0,1,0,1
0,1.3654725178494855,0.33966874440344824,1.201171610901708,0.3668299508511004,5,1,1,1,1,0,0,0,0,0,1,0,1,0,1,0,1,0,1,0,0,1,0,1,0,1,0,0
0,1.6101837738818572,-1.3268524381548195,-0.24328906715488627,-1.3506154305648221,0,1,1,1,1,0,1,0,1,1,0,1,0,1,0,1,0,1,0,1,0,0,1,0,0,0,0,0
1,0.060345819010170096,0.14174856403974218,-0.006729458232145462,0.06712947406016144,0,1,0,0,1,0,0,1,0,0,0,0,0,0,0,0,0,0,0,0,0,0,0,0,1,0,0,0
0,1.0391908431396566,0.8868598312913427,1.4211649883528916,0.9991926962472729,3,0,1,1,1,0,0,1,0,0,0,0,1,0,1,0,0,0,1,0,0,0,0,1,0,1,0,0
0,-1.2447808798291453,-0.6565849365869731,-0.9669973522665315,-0.5185137481490181,0,1,0,0,1,0,0,0,0,0,0,0,0,0,0,0,0,0,0,0,0,0,0,1,0,1,0,1
0,0.18270144702635593,-0.9676023628727977,-0.4294661558631978,-0.9713250485457341,1,1,0,0,0,1,0,0,0,0,0,0,0,0,0,0,0,0,1,0,0,0,1,0,1,0,0,0
0,1.5693985645431285,1.6053599818553865,2.5160142115590087,1.5811405188994117,6,0,0,0,1,0,1,1,0,0,1,0,1,0,1,0,1,0,1,0,1,0,1,1,1,0,0,0
0,-1.285566089167874,-1.4981615018309686,-1.0016959968800592,-1.4932206494482123,0,1,1,1,1,0,0,0,1,1,0,1,0,1,0,1,0,1,0,1,0,1,0,0,1,0,0,0
1,1.5693985645431285,-1.499824696623941,-0.39789987459049714,-1.5029798591047963,0,1,1,1,1,0,0,0,1,1,0,1,0,1,0,1,0,1,0,1,0,0,1,0,1,0,0,0
0,0.1011310283488987,-1.4964983070379965,-0.716628873968032,-1.520453713988885,0,1,1,1,1,0,0,0,1,1,0,1,0,1,0,1,0,1,0,1,0,1,0,0,0,1,0,0
0,-1.081640042474231,-1.5031510862098856,-0.9687841229046089,-1.6294254403610533,0,0,1,1,1,0,0,0,1,1,0,1,0,1,0,1,0,1,0,1,0,1,0,0,0,0,1,0
0,-1.2039956704904167,0.4827034965990684,-0.9025191970183805,0.5523377114415933,1,0,0,0,1,0,0,1,0,0,0,0,0,0,0,0,0,0,1,0,0,0,0,1,0,1,0,1
0,1.4878281458656715,-0.19255358934769493,0.813685030303343,-0.1646623740674882,3,0,1,1,1,0,0,0,0,0,0,0,1,0,1,0,1,0,0,0,0,1,0,0,0,0,0,0
0,0.4681979123974562,-0.36386265302384413,0.037520688681228195,-0.36148768272635856,4,1,0,0,0,1,0,0,0,0,0,0,1,0,1,0,0,0,1,0,1,1,0,1,0,0,1,1
0,0.8352647964460137,0.8735542729475644,1.1347743316348813,0.8903449467881597,2,0,1,0,1,0,1,1,0,0,0,0,0,0,0,0,1,0,0,0,1,1,0,1,0,1,0,0
0,-0.347506274377116,1.1446550242020528,0.06220459416281586,1.2073225148018722,4,0,1,0,1,0,0,1,0,0,0,0,1,0,1,0,0,0,1,0,1,0,0,1,1,0,0,1
0,-1.1224252518129596,0.1350957848678528,-0.8553793346286102,0.17936313186281994,0,0,1,0,1,0,0,1,0,0,0,0,0,0,0,0,0,0,0,0,0,0,0,1,0,1,0,0
0,-1.2447808798291453,-0.44369600308651586,-0.9636002821645079,-0.39087355869317114,1,0,0,1,1,0,0,0,0,0,0,0,1,0,0,0,0,0,0,0,0,0,0,0,0,0,1,0
0,1.2023316804945712,-1.3468107756704872,-0.3870689562782008,-1.3957392647066922,0,1,0,1,1,0,1,0,1,1,0,1,0,1,0,1,0,1,0,1,0,0,1,1,0,0,1,0
0,-0.551432321070759,1.0614952845534367,-0.24145817872327616,0.8901523481969174,3,0,1,0,1,0,0,1,0,0,0,0,0,0,1,0,0,0,1,0,1,0,0,1,0,1,0,0
0,-0.9592844144580451,0.1716860703132437,-0.7203788864183178,0.27071888073742334,0,1,0,0,1,0,0,1,0,0,0,0,0,0,0,0,0,0,0,0,0,0,0,0,0,0,1,0
0,0.8352647964460137,-1.509803865381775,-0.5469959578345112,-1.4941902269716458,0,1,0,0,1,0,0,0,1,1,0,1,0,1,0,1,0,1,0,1,0,0,1,0,1,0,0,0
0,-1.1224252518129596,0.461081964290428,-0.8223571661693279,0.675667972422308,1,1,0,0,1,0,0,1,0,0,0,0,0,0,0,0,0,0,0,0,1,0,0,0,0,0,1,0
1,1.5693985645431285,0.14341175883271443,1.1877156838742116,0.17525399095478492,3,0,1,1,1,0,1,0,0,0,1,0,1,0,0,0,0,0,1,0,0,1,0,0,0,1,0,0
0,-1.285566089167874,-1.5081406705888027,-1.0018283502606575,-1.5031666382369797,0,0,0,0,1,0,0,0,1,1,0,1,0,1,0,1,0,1,0,1,0,0,0,1,0,0,1,0
0,-0.5922175304094877,0.5242833664233765,-0.36990713459395125,0.5228681150304311,1,1,0,0,1,0,1,1,0,0,0,0,1,0,0,0,0,0,0,0,0,0,0,1,0,1,0,1
0,1.6101837738818572,1.289352971190645,2.3578519217440093,1.364225092569116,4,1,0,0,1,0,1,1,0,0,0,0,1,0,1,0,0,0,1,0,1,0,1,1,0,1,0,0
0,-1.1632104611516882,-0.3389147311292593,-0.9067545051975268,-0.20314302030518852,2,0,1,0,1,0,0,0,0,0,1,0,1,0,0,0,0,0,0,0,0,0,0,0,0,0,1,0
0,1.0799760524783852,-0.357209873851955,0.36432324427526086,-0.4002857232249143,1,1,0,0,1,0,1,0,0,0,0,0,0,0,1,0,0,0,0,0,0,0,1,0,1,0,0,0
0,-1.285566089167874,0.2066131609656624,-0.9790856276945119,0.20588576863286595,0,0,0,0,1,0,0,1,0,0,0,0,0,0,0,0,0,0,0,0,0,0,0,0,0,0,1,1
1,-0.06200980900601573,0.6639917290330513,0.15134459599578834,0.6650054446562853,1,0,1,0,1,0,1,1,0,0,0,0,0,0,0,0,0,0,0,0,1,0,0,1,0,1,0,0
0,-1.2039956704904167,-1.4931719174520517,-0.9885488944072921,-1.6026265261246526,0,1,1,0,1,0,0,0,1,1,0,1,0,1,0,1,0,1,0,1,0,0,0,0,0,0,0,0
1,1.324687308510757,1.3758391004252057,2.0688803741043316,1.4087383512251688,4,0,1,0,1,0,1,1,0,0,0,0,1,0,1,0,0,0,1,0,1,1,0,1,0,1,0,1
0,0.6721239590910992,1.1429918294090806,1.1604950052644893,1.1780892577879492,4,1,1,0,1,0,0,1,0,0,0,0,0,0,1,0,1,0,1,0,1,1,0,1,1,0,0,0
0,-1.2447808798291453,-1.5147934497606919,-0.9900047815938738,-1.3829859403727083,0,1,0,0,1,0,0,0,1,1,0,1,0,1,0,1,0,1,0,1,0,0,0,0,0,0,1,0
0,0.8352647964460137,-1.4665608007644946,-0.5596577645784176,-1.5121430495023138,0,0,1,0,1,0,0,0,1,1,0,1,0,1,0,1,0,1,0,1,0,1,0,0,0,0,0,1
0,0.9168352151234709,0.9933042980415715,1.31724552568644,1.0290519680232064,3,0,1,0,1,0,0,1,0,0,1,0,0,0,0,0,0,0,1,0,1,1,0,1,0,1,0,0
0,1.6101837738818572,1.6352974881288882,2.646558762622491,1.6655517158732511,6,1,1,1,1,0,1,1,0,0,1,0,1,0,1,0,1,0,1,0,1,0,1,1,1,0,0,0
1,0.14191623768762732,0.33301596523155935,0.16283728121107616,0.29784011868457083,0,0,0,0,1,0,1,1,0,0,0,0,0,0,0,0,0,0,0,0,0,0,0,1,0,0,0,0
0,-0.9184992051193165,-1.499824696623941,-0.9236516201205798,-1.49902247624166,0,0,1,1,1,0,0,0,1,1,0,1,0,1,0,1,0,1,0,1,0,0,0,1,0,0,0,0
1,-1.285566089167874,0.9683563761469866,-0.9689826529755063,0.9650962461754359,2,1,0,0,1,0,1,1,0,0,0,0,0,0,0,0,0,0,1,0,1,0,0,1,0,1,0,1
0,1.6101837738818572,0.5309361455952655,1.5592977999040112,0.5307650459437347,5,0,1,1,1,0,1,0,0,0,1,0,1,0,1,0,1,0,0,0,1,0,1,0,0,0,0,0
0,-0.18436543702220157,-0.3405779259222318,-0.3409658620364507,-0.3545233377627956,2,0,0,0,1,0,0,0,0,0,0,0,1,0,0,0,1,0,0,0,0,0,0,0,0,0,0,0
0,0.22348665636508452,0.8918494156702599,0.5244267170057023,0.8840015393407065,2,1,1,0,1,0,1,1,0,0,1,0,0,0,0,0,0,0,1,0,0,0,0,0,0,0,0,0
0,1.1615464711558425,1.7866482142893694,2.239130939347311,1.8519197383410964,6,0,0,0,1,0,1,1,0,0,1,0,1,0,1,0,1,0,1,0,1,1,0,1,0,1,0,0
0,0.7944795871072851,-1.3418211912915703,-0.4232234880783102,-1.3026848321710902,0,1,1,1,1,0,1,0,1,1,0,1,0,1,0,1,0,1,0,1,0,0,1,0,0,0,1,0
0,1.4062577271882142,-1.511467060174747,-0.4828266271410895,-1.5595272413733277,0,1,0,0,1,0,0,0,1,1,0,1,0,1,0,1,0,1,0,1,0,1,0,1,0,0,1,0
0,0.060345819010170096,1.7051516694337259,0.7308318140487913,1.6972965384779222,6,0,0,1,1,0,1,1,0,0,1,0,1,0,1,0,1,0,1,0,1,0,1,1,1,0,0,0
0,0.8760500057847422,0.5226201716304039,0.8865896841162542,0.48864040669871656,5,0,0,0,1,0,0,0,0,0,1,0,0,0,1,0,1,0,1,0,1,0,1,0,0,1,0,0
0,-1.285566089167874,-1.4831927486942178,-1.0014974668091616,-1.4783016662650617,0,0,1,0,1,0,0,0,1,1,0,1,0,1,0,1,0,1,0,1,0,0,0,1,0,0,0,0
1,-0.7145731584256735,0.8303112083302836,-0.3817968799510342,0.9981390311514517,2,0,0,0,1,0,1,1,0,0,0,0,1,0,0,0,0,0,0,0,1,0,0,0,0,1,0,1
0,-1.1632104611516882,-0.6283106251064436,-0.9250413306168622,-0.5466940497171922,0,0,0,0,1,0,0,0,0,0,0,0,0,0,0,0,0,0,0,0,0,0,0,1,0,0,1,1
0,-0.9592844144580451,0.045283266047347254,-0.7366804111286783,0.13460618231336685,3,0,0,0,1,0,0,0,0,0,0,0,1,0,0,0,1,0,1,0,0,0,0,0,0,0,1,1
0,0.5497683310749134,1.161286972131776,0.926869229611678,1.0135649234250443,4,0,0,1,1,0,0,1,0,0,0,0,1,0,1,0,0,0,1,0,1,0,0,1,0,1,0,0
0,-0.4290766930545732,0.8353007927092008,-0.1308328114398422,0.8532792207017187,2,0,0,0,1,0,1,1,0,0,0,0,0,0,0,0,1,0,1,0,0,0,0,1,0,1,0,1
0,0.22348665636508452,0.18499162865702248,0.1355504259110547,0.11497594128290524,0,1,0,0,1,0,0,1,0,0,0,0,0,0,0,0,0,0,0,0,0,1,0,1,0,0,0,1
0,0.9168352151234709,0.3363423548175038,0.8486263227813009,0.3887714049063202,4,0,1,1,1,0,1,0,0,0,1,0,1,0,0,0,1,0,1,0,0,1,0,1,1,0,0,0
0,-1.285566089167874,-1.4964983070379965,-1.0016739379832929,-1.4915629846500846,0,0,0,0,1,0,0,0,1,1,0,1,0,1,0,1,0,1,0,1,0,0,0,0,0,0,1,0
1,1.2839020991720282,0.51264100287257,1.2032451471977486,0.4479566311844782,2,1,1,0,1,0,0,1,0,0,1,0,0,0,1,0,0,0,0,0,0,1,0,0,1,0,0,0
0,0.8352647964460137,-1.5014878914169132,-0.5461797786541548,-1.4930329892823866,0,1,0,1,1,0,0,0,1,1,0,1,0,1,0,1,0,1,0,1,0,0,1,0,0,0,0,1
0,1.0391908431396566,0.6456965863103559,1.158553822349047,0.6589427062177481,5,0,1,0,1,0,1,0,0,0,1,0,0,0,1,0,1,0,1,0,1,0,1,1,0,1,0,0
0,0.9576204244621995,-0.3605362634378997,0.2953450740867668,-0.3990434780553727,4,1,1,0,0,1,0,0,0,0,0,0,0,0,1,0,1,0,1,0,1,1,0,1,0,0,0,0
0,1.6101837738818572,1.3309328410149532,2.3246532821105963,1.329575293663804,5,1,1,1,1,0,0,1,0,0,1,0,0,0,1,0,1,0,1,0,1,0,1,1,1,0,0,0
0,-1.285566089167874,-0.36386265302384413,-0.986651829285383,-0.3626932571249971,2,1,0,0,1,0,0,0,0,0,1,0,0,0,0,0,1,0,0,0,0,0,0,1,0,1,0,1
1,1.6101837738818572,1.0764640376901875,2.1365129515900767,1.1332110844522387,3,1,1,0,1,0,1,1,0,0,0,0,1,0,0,0,0,0,1,0,1,1,0,1,1,0,0,0
0,-0.4290766930545732,0.6041167164860477,-0.21664191986109008,0.5601739450327432,1,1,0,0,1,0,1,1,0,0,0,0,0,0,0,0,0,0,0,0,1,0,0,0,0,1,0,0
1,-1.0000696237967737,1.350891178530621,-0.6444742226451781,1.2864760089124787,4,0,0,0,1,0,1,1,0,0,0,0,1,0,1,0,0,0,1,0,1,0,0,1,0,1,0,1
0,-0.6737879490869448,0.5359257299741825,-0.43156175105600464,0.5675675067743935,1,0,0,1,1,0,0,1,0,0,0,0,0,0,0,0,0,0,1,0,0,0,0,1,0,1,0,1
0,0.2642718657038131,-0.7913037148177312,-0.30587015728112804,-0.7936861046382465,3,0,0,0,0,1,0,0,0,0,0,0,1,0,1,0,1,0,0,0,0,0,0,0,0,0,0,0
0,-0.8369287864418593,-0.6615745209658901,-0.7791217285072082,-0.7026526794743903,0,0,0,0,1,0,0,0,0,0,0,0,0,0,0,0,0,0,0,0,0,0,0,1,0,0,0,0
0,0.8760500057847422,0.3213736016807528,0.838721878133193,0.42202683981098477,4,1,1,0,1,0,0,0,0,0,1,0,1,0,0,0,0,0,1,0,1,0,1,1,0,0,0,0
0,-0.5922175304094877,-0.821241221091233,-0.6963567478397217,-0.8400086264970422,3,0,0,0,0,1,0,0,0,0,1,0,1,0,0,0,1,0,0,0,0,1,0,1,0,0,1,0
0,-0.02122459966728712,0.18665482344999473,-0.039089859788436064,0.12978859399380807,4,1,1,0,1,0,0,0,0,0,1,0,1,0,0,0,1,0,0,0,1,1,0,0,0,0,1,0
0,0.34584228438127035,-1.5014878914169132,-0.6544448439835853,-1.4988001065736183,0,0,0,0,1,0,0,0,1,1,0,1,0,1,0,1,0,1,0,1,0,1,0,1,0,0,1,0
0,1.4062577271882142,-1.3384948017056257,-0.29554659359445856,-1.349473896058317,0,1,1,1,1,0,1,0,1,1,0,1,0,1,0,1,0,1,0,1,0,0,1,0,0,0,0,0
0,1.324687308510757,1.3093113087063128,1.995269835594896,1.3236363907428186,4,1,1,0,1,0,1,1,0,0,1,0,0,0,1,0,0,0,1,0,1,0,0,1,0,1,0,0
0,-0.30672106503838736,0.44777640594664925,-0.19961245155743876,0.28598413167840553,5,0,0,0,1,0,1,0,0,0,1,0,1,0,1,0,1,0,1,0,0,0,0,1,0,0,0,0
0,-1.285566089167874,0.1633700963483821,-0.9796591590104379,0.16278648388154113,0,0,1,1,1,0,0,1,0,0,0,0,0,0,0,0,0,0,0,0,0,0,0,1,0,1,0,1
0,1.4062577271882142,1.4905995411402961,2.2297559082215965,1.4829061948324271,5,0,1,0,1,0,1,1,0,0,0,0,1,0,1,0,1,0,1,0,1,1,0,1,1,0,0,0
1,-1.0408548331355023,0.29476248499319574,-0.7699452274523908,0.4306177534076315,0,1,0,0,1,0,1,1,0,0,0,0,0,0,0,0,0,0,0,0,0,0,0,0,0,0,1,1
1,0.4274127030587276,-1.0457725181424966,-0.34857618142085445,-0.9946104983090027,2,0,0,0,0,1,0,0,0,0,1,0,1,0,0,0,0,0,0,0,0,0,0,1,1,0,0,0
0,-0.347506274377116,0.9883147136626543,-0.003177975852756975,1.0026009122330795,3,0,0,0,1,0,0,1,0,0,1,0,0,0,0,0,0,0,1,0,1,0,0,1,0,1,0,0
1,-0.9592844144580451,-0.34390431550817646,-0.792489419947639,-0.3313818109381372,1,1,0,0,1,0,1,0,0,0,1,0,0,0,0,0,0,0,0,0,0,0,0,0,0,1,0,1
0,1.4878281458656715,-1.4865191382801624,-0.4031719509176638,-1.4899293439794656,0,1,1,1,1,0,0,0,1,1,0,1,0,1,0,1,0,1,0,1,0,0,1,0,0,0,0,0
0,0.18270144702635593,-1.4831927486942178,-0.6771875665497308,-1.4744487156531967,0,0,0,1,1,0,0,0,1,1,0,1,0,1,0,1,0,1,0,1,0,1,0,0,0,0,0,0
0,-0.5106471117320305,-0.8478523377787903,-0.6463051110767881,-0.7830770499302281,3,1,1,1,0,1,0,0,0,0,1,0,0,0,1,0,1,0,0,0,0,0,1,1,1,0,0,0
0,-1.0408548331355023,0.14174856403974218,-0.7948717807984088,0.16302329313841638,0,1,0,0,1,0,0,1,0,0,0,0,0,0,0,0,0,0,0,0,0,0,0,0,0,0,0,0
1,0.18270144702635593,0.3779222246418119,0.24317578323426006,0.39481475386814396,0,0,0,0,1,0,1,1,0,0,0,0,0,0,0,0,0,0,0,0,0,0,0,1,0,1,0,1
0,-1.1224252518129596,0.9650299865610421,-0.7956659010819989,1.0768228535692552,2,0,0,0,1,0,1,1,0,0,0,0,0,0,0,0,0,0,1,0,1,0,0,1,0,0,1,1
0,0.34584228438127035,-0.450348782258405,-0.09496504529769596,-0.4733524901122171,3,1,0,0,0,1,0,0,0,0,0,0,0,0,1,0,0,0,1,0,1,1,0,1,0,1,0,0
0,0.8760500057847422,1.1696029460966375,1.327635266063408,1.1024061469536954,4,0,0,0,1,0,0,1,0,0,1,0,1,0,0,0,0,0,1,0,1,1,0,1,1,0,0,0
1,-1.2039956704904167,0.18332843386405026,-0.9201442555347242,0.11084632020686762,0,0,0,0,1,0,0,1,0,0,0,0,0,0,0,0,0,0,0,0,0,0,0,1,0,1,0,1
1,1.4878281458656715,-1.4831927486942178,-0.41208374521128444,-1.499635091493142,0,1,0,0,1,0,0,0,1,1,0,1,0,1,0,1,0,1,0,1,0,0,1,0,1,0,0,0
0,0.8352647964460137,0.9833251292837376,1.2142966544777087,1.0030974297551596,4,0,0,0,1,0,0,1,0,0,0,0,1,0,1,0,1,0,0,0,1,1,0,1,1,0,0,0
0,-0.5922175304094877,-0.6150050667626651,-0.6520404242360489,-0.6549948165282137,3,1,1,1,0,1,0,0,0,0,0,0,1,0,1,0,0,0,1,0,0,1,0,0,1,0,0,0
0,1.2839020991720282,1.3026585295344235,1.9037695318079202,1.2704950842180274,5,1,1,0,1,0,0,1,0,0,1,0,1,0,0,0,1,0,1,0,1,0,1,1,1,0,0,0
0,-0.06200980900601573,0.8735542729475644,0.311073067481201,1.0522038576641557,2,0,1,1,1,0,1,1,0,0,0,0,1,0,0,0,0,0,0,0,1,0,0,1,0,1,0,1
0,-0.5106471117320305,-1.330178827740764,-0.7872394025172387,-1.3126180696921796,0,0,0,0,0,1,0,0,0,0,0,0,0,0,0,0,0,0,0,0,0,0,0,0,1,0,0,0
0,0.9984056338009281,-0.17592164141797167,0.5378164673428996,-0.11011748919972268,3,1,1,1,1,0,0,0,0,0,1,0,1,0,0,0,1,0,0,0,0,1,0,0,0,0,1,0
1,1.2431168898332998,1.4506828661089604,2.0742186271217977,1.5281234104665533,5,1,1,0,1,0,1,1,0,0,1,0,1,0,1,0,0,0,1,0,1,0,1,0,1,0,0,0
0,-0.7961435771031307,-0.8095988575404269,-0.7500039847755765,-0.6457713995745277,3,1,1,1,0,1,0,0,0,0,1,0,1,0,0,0,1,0,0,0,0,0,1,0,0,0,1,0
1,0.6313387497523706,-0.19754317372661184,0.22030070728751594,-0.22448545458108515,2,0,1,0,1,0,0,0,0,0,0,0,1,0,0,0,0,0,0,0,1,1,0,1,0,0,0,0
0,-1.2447808798291453,0.20162357658674573,-0.9495928827178517,0.13543501471243097,0,0,0,0,1,0,0,1,0,0,0,0,0,0,0,0,0,0,0,0,0,0,0,1,0,1,0,1
0,0.9984056338009281,-1.4682239955574667,-0.5149443808329499,-1.4980482346497777,0,1,1,1,1,0,0,0,1,1,0,1,0,1,0,1,0,1,0,1,0,0,1,0,0,0,1,0
0,1.5693985645431285,1.6053599818553865,2.4983450352491325,1.5624392582895463,5,1,1,0,1,0,1,1,0,0,0,0,1,0,1,0,1,0,1,0,1,1,0,1,0,0,0,0
0,-1.0408548331355023,-0.5351717166999936,-0.8561293371186673,-0.4945960132046014,0,0,1,1,1,0,1,0,0,0,0,0,0,0,0,0,0,0,0,0,0,0,0,0,0,1,0,0
0,-0.6737879490869448,-0.06116120070288152,-0.5396944630048368,0.05970045424796348,1,0,0,0,1,0,1,0,0,0,0,0,0,0,0,0,0,0,0,0,1,0,0,1,0,0,0,0
0,0.060345819010170096,1.1962140627841946,0.5457135523852663,1.2881458624223578,3,1,1,0,1,0,1,1,0,0,0,0,0,0,1,0,0,0,1,0,1,0,0,0,0,1,0,0
0,0.18270144702635593,1.1513078033739421,0.6492580138066898,1.219570193563716,3,0,1,0,1,0,1,1,0,0,0,0,0,0,1,0,0,0,1,0,1,0,0,1,0,1,0,1
0,-0.6737879490869448,0.5209569768374316,-0.459466255465485,0.43650838367240785,1,1,0,0,1,0,1,1,0,0,0,0,1,0,0,0,0,0,0,0,0,0,0,1,0,0,1,0
0,0.6313387497523706,-0.016254941292628517,0.32867606710077835,-0.05481655555603763,3,1,0,1,1,0,1,0,0,0,1,0,1,0,1,0,0,0,0,0,0,1,0,1,0,0,0,0
0,1.0391908431396566,0.3429951339893932,0.8869646853612829,0.30706048217377496,4,1,1,1,1,0,0,0,0,0,0,0,1,0,0,0,1,0,1,0,1,1,0,1,1,0,0,0
0,1.6101837738818572,0.665654923826024,1.6654231522471021,0.6415292868297519,5,0,1,0,1,0,1,0,0,0,1,0,0,0,1,0,1,0,1,0,1,0,1,1,0,0,0,0
0,-1.0408548331355023,-1.5164566445536642,-0.9465046371705574,-1.464803538623163,0,0,0,0,1,0,0,0,1,1,0,1,0,1,0,1,0,1,0,1,0,0,0,0,0,0,1,0
0,0.22348665636508452,0.6323910279665775,0.4161395927795053,0.6698574210772911,3,0,0,0,1,0,0,1,0,0,1,0,1,0,1,0,0,0,0,0,0,0,0,1,1,0,0,1
1,0.6313387497523706,1.7483947340510062,1.3890692935577977,1.605300205085741,6,0,1,0,1,0,1,1,0,0,1,0,1,0,1,0,1,0,1,0,1,0,0,0,0,1,0,1
0,-0.9184992051193165,1.31430089308523,-0.5333415007361172,1.434049617565814,5,1,0,0,1,0,0,1,0,0,1,0,1,0,1,0,0,0,1,0,1,0,0,1,0,1,0,1
0,-0.10279501834474433,0.32469999126669774,0.008050002601334245,0.39994306100037014,5,0,0,0,1,0,0,0,0,0,1,0,1,0,1,0,1,0,1,0,0,1,0,0,1,0,0,0
0,-0.06200980900601573,-0.19421678414066737,-0.17980356226122274,-0.1377321021016425,1,1,1,0,1,0,1,0,0,0,0,0,0,0,0,0,0,0,1,0,0,0,0,1,1,0,0,0
1,0.5497683310749134,0.14008536924676948,0.4257352128728839,0.19489473029745272,3,0,0,0,1,0,1,0,0,0,0,0,0,0,1,0,1,0,0,0,1,1,0,1,1,0,0,0
0,0.7129091684298279,-1.4748767747293563,-0.5394297562436401,-1.4433912456164881,0,1,1,0,1,0,0,0,1,1,0,1,0,1,0,1,0,1,0,1,0,0,1,0,0,0,1,0
0,-0.18436543702220157,0.38790139339964574,-0.09924447127037508,0.2942156214473948,1,1,1,0,1,0,0,1,0,0,0,0,0,0,0,0,1,0,0,0,0,0,0,0,0,0,0,0
0,1.3654725178494855,-0.07945634342557699,0.8144350327934001,-0.07350609825159707,6,0,0,0,0,1,0,0,0,0,1,0,1,0,1,0,1,0,1,0,1,0,1,1,0,0,0,0
1,-1.0000696237967737,-1.180491296373255,-0.9125559950470867,-1.2317240275435393,1,1,0,0,0,1,0,0,0,0,0,0,0,0,1,0,0,0,0,0,0,0,0,1,0,1,0,1
0,0.34584228438127035,0.9982938824204887,0.6871993162448765,0.9602445443272568,3,0,1,1,1,0,0,1,0,0,0,0,0,0,1,0,0,0,1,0,1,0,0,1,0,0,0,0
1,1.6101837738818572,1.5554641380662169,2.529051019547944,1.5429075439339837,5,1,1,0,1,0,1,1,0,0,0,0,1,0,1,0,1,0,1,0,1,0,1,1,0,0,0,0
0,-1.0408548331355023,-1.4964983070379965,-0.9340634193943147,-1.3312431177454307,0,0,0,0,1,0,0,0,1,1,0,1,0,1,0,1,0,1,0,1,0,1,0,0,0,0,1,0
0,0.22348665636508452,-1.4782031643153006,-0.6657831169215085,-1.4697079829695037,0,0,1,1,1,0,0,0,1,1,0,1,0,1,0,1,0,1,0,1,0,0,0,0,0,0,1,0
0,0.4681979123974562,1.3691863212533164,0.9796120517801109,1.2475020490564948,5,1,0,0,1,0,0,1,0,0,1,0,1,0,1,0,0,0,1,0,1,1,0,1,0,1,0,0
0,0.590553540413642,1.6153391506132204,1.335642645589607,1.599805516539465,6,1,1,1,1,0,1,1,0,0,1,0,1,0,1,0,1,0,1,0,1,1,0,1,0,0,0,0
0,0.8352647964460137,0.9201237271507892,1.0981345041059114,0.838394357548718,3,1,1,1,1,0,0,1,0,0,0,0,1,0,0,0,1,0,1,0,0,0,0,1,0,1,0,0
0,-1.1632104611516882,0.02366173373870686,-0.9001147772708442,-0.0784037442460656,2,1,1,0,1,0,1,0,0,0,0,0,0,0,1,0,0,0,1,0,0,0,0,0,0,1,0,0
1,-0.5106471117320305,0.647359781103328,-0.24050964616232146,0.7416430313877976,1,1,0,0,1,0,1,1,0,0,0,0,0,0,0,0,0,0,1,0,0,0,0,1,0,1,0,0
0,-1.2447808798291453,-0.6732168845166964,-0.9774091515402664,-0.909722640507198,0,1,0,0,1,0,0,0,0,0,0,0,0,0,0,0,0,0,0,0,0,0,0,0,0,0,1,1
1,0.9984056338009281,0.2066131609656624,0.8160673911541131,0.25672082244212135,3,1,1,0,1,0,1,0,0,0,0,0,1,0,1,0,0,0,1,0,0,1,0,1,1,0,0,0
1,0.4681979123974562,0.6739708977908856,0.6088902327242004,0.6143494445715592,3,0,1,0,1,0,0,1,0,0,1,0,1,0,0,0,1,0,0,0,0,0,0,1,0,1,0,0
0,-0.347506274377116,-0.5052342104264916,-0.4952457860205658,-0.538129448260198,1,1,0,0,1,0,0,0,0,0,0,0,0,0,1,0,0,0,0,0,0,0,0,1,0,0,1,0
0,-0.7145731584256735,-1.1538801796856977,-0.8032541615696361,-1.113283877717302,1,1,1,1,0,1,0,0,0,0,1,0,0,0,0,0,0,0,0,0,0,0,0,1,0,0,0,0
0,-1.2039956704904167,-1.3185364641899577,-0.9844679985055105,-1.5004038635734331,0,0,0,0,0,1,0,0,0,0,0,0,0,0,0,0,0,0,0,0,0,0,0,0,0,1,0,1
0,-1.1632104611516882,0.6373806123454943,-0.8632984785677433,0.613256892772793,2,0,0,1,1,0,1,1,0,0,0,0,1,0,1,0,0,0,0,0,0,0,0,0,0,0,0,1
1,0.18270144702635593,0.6922660405135811,0.38858803071828724,0.6901478984427114,1,1,1,0,1,0,1,1,0,0,0,0,0,0,0,0,0,0,1,0,0,0,0,1,0,1,0,1
0,-1.285566089167874,0.32636318605966996,-0.977497387127332,0.3252376340980737,1,0,0,0,1,0,0,1,0,0,0,0,1,0,0,0,0,0,0,0,0,0,0,1,0,1,0,1
0,-0.347506274377116,-0.2840293029611727,-0.4010984146216233,-0.2433413916597896,2,0,0,0,1,0,0,0,0,0,1,0,0,0,0,0,1,0,0,0,0,0,0,0,1,0,0,0
0,-1.1224252518129596,0.8619119093967579,-0.8094968293545238,0.8689516878840186,2,0,0,0,1,0,1,1,0,0,0,0,1,0,0,0,0,0,1,0,0,0,0,1,0,1,0,1
0,0.01956060967144149,1.419082165042486,0.5978607843410065,1.511120984225438,4,0,0,0,1,0,1,1,0,0,0,0,1,0,1,0,0,0,1,0,1,0,0,0,0,1,0,0
0,1.0391908431396566,-1.4981615018309686,-0.49919432854174917,-1.4889050048875692,0,0,1,1,1,0,0,0,1,1,0,1,0,1,0,1,0,1,0,1,0,0,1,1,0,0,1,0
0,1.6101837738818572,1.031557778279935,2.057564160063175,1.0508113301119648,3,0,1,1,1,0,1,1,0,0,1,0,1,0,0,0,0,0,1,0,0,0,1,1,0,0,0,0
0,1.5693985645431285,-1.3651059183931828,-0.2727597532347802,-1.3705301069952265,0,0,1,0,1,0,1,0,1,1,0,1,0,1,0,1,0,1,0,1,0,0,1,0,0,0,1,0
1,-0.18436543702220157,1.3725127108392614,0.3803600622244246,1.5813923371936944,4,0,0,0,1,0,1,1,0,0,0,0,1,0,1,0,0,0,1,0,1,0,0,1,0,1,0,1
0,0.7536943777685564,0.6307278331736048,0.8897441063538478,0.648579779427018,6,1,1,0,1,0,0,0,0,0,1,0,1,0,1,0,1,0,1,0,1,0,1,1,1,0,0,0
0,-0.10279501834474433,0.6806236769627745,0.10590326865702983,0.6450564291502128,6,0,0,0,1,0,0,0,0,0,1,0,1,0,1,0,1,0,1,0,1,1,0,0,0,0,0,1
1,1.6101837738818572,0.6623285342400791,1.699107087609376,0.6766855944233807,3,1,1,0,1,0,0,1,0,0,1,0,1,0,0,0,1,0,0,0,0,0,1,1,1,0,0,0
1,0.14191623768762732,0.86357510418973,0.39544834761263364,0.7833977658028631,2,1,0,0,1,0,1,1,0,0,1,0,0,0,0,0,0,0,1,0,0,0,0,1,0,1,0,1
0,-0.7553583677644021,0.37293264026289474,-0.5450988927126018,0.3465504672168606,5,1,0,1,1,0,0,0,0,0,1,0,1,0,1,0,1,0,0,0,1,0,1,0,0,0,0,0
0,1.6101837738818572,0.3213736016807528,1.3854295755913437,0.34929679679312414,4,0,1,1,1,0,1,0,0,0,1,0,1,0,0,0,1,0,1,0,0,0,1,0,0,0,1,0
0,-0.4290766930545732,-0.8545051169506794,-0.6354962516612582,-0.8705414725514482,2,0,1,1,0,1,0,0,0,0,0,0,1,0,0,0,0,0,1,0,0,0,0,0,0,1,0,0
0,-1.2447808798291453,0.48769308097798514,-0.9435046272103287,0.3641927568540788,1,0,0,0,1,0,1,1,0,0,0,0,1,0,0,0,0,0,0,0,0,0,0,0,0,1,0,0
0,-0.7145731584256735,-1.5064774757958301,-0.878364705059186,-1.4895737868923313,0,0,0,0,1,0,0,0,1,1,0,1,0,1,0,1,0,1,0,1,0,0,0,0,0,0,1,0
0,0.7536943777685564,-1.5081406705888027,-0.5310032576788801,-1.444855841220481,0,1,1,1,1,0,0,0,1,1,0,1,0,1,0,1,0,1,0,1,0,0,1,0,1,0,0,0
0,1.5286133552044,-0.8561683117436519,0.1775285064574904,-0.875977321402452,3,1,1,0,0,1,0,0,0,0,1,0,0,0,1,0,1,0,0,0,0,0,1,1,1,0,0,0
0,1.5693985645431285,-1.489845527866107,-0.3973925199648703,-1.502442869099769,0,0,1,1,1,0,0,0,1,1,0,1,0,1,0,1,0,1,0,1,0,0,1,0,0,0,0,0
0,0.2642718657038131,1.1662765565106932,0.6516403746574596,1.051294815678086,3,0,1,1,1,0,1,1,0,0,0,0,0,0,0,0,1,0,1,0,1,0,0,1,1,0,0,0
0,1.1615464711558425,-0.16926886224608254,0.5960960725996955,-0.1721705046713157,2,0,1,1,1,0,1,0,0,0,1,0,1,0,0,0,0,0,0,0,0,0,0,0,0,1,0,0
0,0.7944795871072851,-0.5035710156335194,0.1081753350239678,-0.5347397362691544,1,0,0,0,1,0,0,0,0,0,1,0,0,0,0,0,0,0,0,0,0,0,0,1,0,0,0,0
0,-1.285566089167874,-0.9692655576657698,-0.994681267708348,-0.966083243643546,1,0,0,0,0,1,0,0,0,0,0,0,0,0,0,0,0,0,1,0,0,0,0,1,0,1,0,1
0,1.2839020991720282,1.4506828661089604,2.025225817403651,1.4131060588819668,5,1,1,0,1,0,1,1,0,0,1,0,0,0,1,0,1,0,1,0,1,1,0,1,0,0,1,0
0,1.2023316804945712,-0.15762649869527623,0.6453756479758055,-0.14436276129415412,3,1,1,0,1,0,0,0,0,0,0,0,1,0,1,0,1,0,0,0,0,0,1,1,1,0,0,0
0,-0.10279501834474433,-1.524772618518526,-0.7291803862281065,-1.4467507796073609,0,1,1,0,1,0,0,0,1,1,0,1,0,1,0,1,0,1,0,1,0,0,1,0,0,0,1,0
1,-1.1632104611516882,-0.6283106251064436,-0.9303354658407953,-0.646153937604865,0,0,1,1,1,0,0,0,0,0,0,0,0,0,0,0,0,0,0,0,0,0,0,0,0,1,0,1
1,1.2431168898332998,0.635717417552522,1.3408264863297081,0.6533237034291304,6,1,1,0,1,0,0,0,0,0,1,0,1,0,1,0,1,0,1,0,1,1,0,1,0,0,0,0
0,-1.285566089167874,-0.6765432741026411,-0.9907989018774637,-0.674334239173039,0,0,0,0,1,0,0,0,0,0,0,0,0,0,0,0,0,0,0,0,0,0,0,1,1,0,0,0
0,-0.7145731584256735,1.2827001920187557,-0.33112759407864184,1.2519827672381012,4,1,1,0,1,0,1,1,0,0,0,0,0,0,1,0,1,0,1,0,1,0,0,1,0,1,0,0
0,-0.22515064636093016,0.5242833664233765,-0.03556043630581405,0.5620381202602677,2,1,1,1,1,0,0,1,0,0,1,0,1,0,0,0,0,0,0,0,0,1,0,1,1,0,0,0
0,-1.1632104611516882,-0.2557549914806431,-0.9117398158667305,-0.2968010813994139,5,0,0,1,0,1,0,0,0,0,1,0,1,0,1,0,0,0,1,0,1,0,0,1,0,0,1,0
0,1.6101837738818572,1.525526631792715,2.4094256223838237,1.4180531522638793,5,0,1,0,1,0,1,1,0,0,1,0,1,0,1,0,0,0,1,0,1,0,1,1,0,1,0,0
1,0.5089831217361848,-1.3368316069126531,-0.492356070544169,-1.2861230606687692,0,1,1,0,1,0,1,0,1,1,0,1,0,1,0,1,0,1,0,1,0,1,0,0,1,0,0,0
1,0.5089831217361848,1.0698112585182982,0.924133926412646,1.079327769264204,4,0,0,0,1,0,1,1,0,0,1,0,1,0,0,0,1,0,1,0,0,0,0,1,0,1,0,0
0,0.14191623768762732,0.38124861422775635,0.13941073284517255,0.24893900713979852,5,0,0,0,1,0,0,0,0,0,1,0,1,0,1,0,1,0,1,0,0,1,0,1,0,0,1,0
0,-0.6330027397482163,0.8153424551935331,-0.3312820063560065,0.8509123944926272,3,1,1,1,1,0,0,1,0,0,1,0,0,0,1,0,0,0,1,0,0,0,0,1,0,1,0,1
0,-1.285566089167874,-1.529762202897443,-1.0021151159186206,-1.5247162806126422,0,1,0,0,1,0,0,0,1,1,0,1,0,1,0,1,0,1,0,1,0,0,0,0,0,0,1,0
1,-0.6737879490869448,0.31804721209480835,-0.45397359017065453,0.4623057920932726,0,1,0,0,1,0,1,1,0,0,0,0,0,0,0,0,0,0,0,0,0,0,0,1,0,0,0,0
0,-1.2039956704904167,-1.499824696623941,-0.9847988819570063,-1.5086921875640726,0,1,0,0,1,0,0,0,1,1,0,1,0,1,0,1,0,1,0,1,0,0,0,1,0,0,1,1
0,-1.1632104611516882,-0.465317535395156,-0.9109236366863742,-0.28146768201673106,0,1,1,1,1,0,1,0,0,0,0,0,0,0,0,0,0,0,0,0,0,0,0,1,0,1,0,1
0,1.5693985645431285,0.6490229758963008,1.6230700704556378,0.6360381100512901,6,0,1,0,1,0,0,0,0,0,1,0,1,0,1,0,1,0,1,0,1,0,1,1,1,0,0,0
0,-0.9184992051193165,-1.3468107756704872,-0.8984383011165987,-1.309551389815643,0,1,1,1,1,0,1,0,1,1,0,1,0,1,0,1,0,1,0,1,0,0,0,1,0,0,1,0
0,-0.5106471117320305,-1.4915087226590795,-0.8339822047652141,-1.4882476550538288,0,1,1,1,1,0,0,0,1,1,0,1,0,1,0,1,0,1,0,1,0,0,1,0,0,0,1,0
0,-1.1632104611516882,0.5359257299741825,-0.8600778796398507,0.6737616579044609,1,1,0,0,1,0,0,1,0,0,0,0,0,0,0,0,0,0,1,0,0,0,0,1,0,1,0,1
0,-0.2659358556996588,1.1130543231355785,0.09924148183358081,1.0560127847189116,3,1,0,0,1,0,1,1,0,0,0,0,0,0,1,0,0,0,1,0,1,0,0,1,0,1,0,1
0,-1.1632104611516882,-0.31230361444170224,-0.9101515752995506,-0.2669631150331121,1,0,0,0,1,0,0,0,0,0,0,0,0,0,0,0,0,0,1,0,0,0,0,0,1,0,0,0
0,-1.1224252518129596,-0.4619911458092113,-0.8754749895827892,-0.12266339435608006,3,1,0,0,0,1,0,0,0,0,0,0,1,0,0,0,0,0,1,0,1,0,0,1,0,0,1,1
0,-1.1632104611516882,0.8901862208772876,-0.8492469613275543,0.8772400118746579,2,0,1,0,1,0,1,1,0,0,0,0,1,0,0,0,0,0,1,0,0,0,0,1,0,1,0,1
1,-0.14358022768347295,0.6456965863103559,0.02973389812269332,0.5441065483060618,1,1,1,0,1,0,1,1,0,0,0,0,0,0,0,0,0,0,0,0,1,0,0,1,0,1,0,0
0,-1.2447808798291453,1.1745925304755547,-0.9228795587337563,1.1391510499788633,4,1,0,0,1,0,0,1,0,0,1,0,1,0,0,0,0,0,1,0,1,0,0,0,0,1,0,0
0,-0.14358022768347295,-1.5131302549677197,-0.7659305082409082,-1.5176854954343757,0,0,0,0,1,0,0,0,1,1,0,1,0,1,0,1,0,1,0,1,0,0,1,0,0,0,1,0
0,-1.285566089167874,0.86357510418973,-0.9703723634717888,0.8606633638933792,2,1,0,1,1,0,0,1,0,0,0,0,0,0,0,0,0,0,1,0,1,0,0,1,0,1,0,1
0,-1.285566089167874,0.1500645380046038,-0.979835630184569,0.14952516549651834,0,1,0,0,1,0,0,1,0,0,0,0,0,0,0,0,0,0,0,0,0,0,0,0,0,0,1,1
1,-1.0000696237967737,0.9833251292837376,-0.6826802318445614,0.9275915801177927,3,0,0,0,1,0,0,1,0,0,0,0,0,0,1,0,0,0,1,0,1,0,0,1,1,0,0,1
0,-0.7961435771031307,-1.4798663591082732,-0.8994309514710862,-1.5095422720759333,0,1,0,0,1,0,0,0,1,1,0,1,0,1,0,1,0,1,0,1,0,0,0,1,0,1,0,0
0,1.0799760524783852,0.9933042980415715,1.4591062907910783,0.9941194281494375,3,0,1,0,1,0,1,1,0,0,1,0,1,0,0,0,0,0,1,0,0,0,0,1,0,1,0,0
0,-1.285566089167874,-1.4881823330731347,-1.0015636434994608,-1.4832746606594451,0,0,1,1,1,0,0,0,1,1,0,1,0,1,0,1,0,1,0,1,0,0,0,1,1,0,0,1
1,0.7129091684298279,1.0249049991080457,1.1145683821968702,1.0424760389520455,2,1,0,0,1,0,1,1,0,0,0,0,0,0,0,0,0,0,1,0,1,0,0,1,0,1,0,1
0,-0.5922175304094877,-0.6831960532745303,-0.6716066656678348,-0.7366808540804043,0,1,1,0,1,0,0,0,0,0,0,0,0,0,0,0,0,0,0,0,0,0,0,1,0,0,0,0
0,-0.6330027397482163,0.3213736016807528,-0.47406924512483367,0.21973214518193426,4,0,1,1,1,0,0,0,0,0,1,0,1,0,0,0,0,0,1,0,1,0,0,0,0,0,1,0
0,0.590553540413642,0.2897729006142786,0.5436620749859923,0.3335259580887131,4,1,1,0,1,0,0,0,0,0,0,0,1,0,1,0,0,0,1,0,1,0,1,0,0,1,0,0
0,-0.2659358556996588,0.3346791600245316,-0.20091392646665565,0.18848028825252347,0,0,0,0,1,0,1,1,0,0,0,0,0,0,0,0,0,0,0,0,0,0,0,1,0,0,0,1
0,-1.081640042474231,-0.5634460281805229,-0.8758499908278179,-0.4654684746089258,3,0,0,0,0,1,0,0,0,0,0,0,0,0,1,0,0,0,1,0,1,0,0,1,0,1,0,1
0,-0.551432321070759,-0.4919286520827131,-0.6087829276771628,-0.5626599790886343,0,1,1,1,1,0,1,0,0,0,0,0,0,0,0,0,0,0,0,0,0,0,0,0,1,0,0,0
0,-1.2039956704904167,-0.04286605798018583,-0.9417840332625503,-0.4312100687809497,2,0,0,0,1,0,1,0,0,0,0,0,0,0,0,0,1,0,1,0,0,0,0,1,0,1,0,1
1,1.4470429365269428,-0.3954633540903184,0.60260344714578,-0.3687144807299618,4,0,1,1,0,1,0,0,0,0,0,0,1,0,1,0,0,0,1,0,1,0,1,1,0,1,0,0
0,-1.2447808798291453,-1.4981615018309686,-0.987512126259272,-1.289327879278483,0,0,1,0,1,0,0,0,1,1,0,1,0,1,0,1,0,1,0,1,0,0,0,0,0,0,0,0
0,-1.0408548331355023,-1.3484739704634594,-0.9439016873521237,-1.4368600463118646,0,1,0,0,0,1,0,0,0,0,0,0,0,0,0,0,0,0,0,0,0,1,0,1,1,0,0,0
0,-0.5922175304094877,-1.5081406705888027,-0.8387248675699874,-1.4343735491146725,0,0,0,0,1,0,0,0,1,1,0,1,0,1,0,1,0,1,0,1,0,0,0,1,0,0,1,0
0,1.5693985645431285,-1.325189243361847,-0.18381828147270524,-1.276393424374781,0,0,1,0,1,0,1,0,1,1,0,1,0,1,0,1,0,1,0,1,0,0,1,0,1,0,0,0
1,-0.7961435771031307,0.9617035969750972,-0.4541280024480192,1.0645561340631087,3,1,1,0,1,0,1,1,0,0,1,0,1,0,0,0,0,0,0,0,1,0,0,0,1,0,0,0
0,-1.2039956704904167,-0.9326752722203787,-0.9624973373261885,-0.9500591505949765,2,1,0,0,0,1,0,0,0,0,0,0,1,0,0,0,1,0,0,0,0,0,0,1,0,0,1,1
0,1.6101837738818572,1.2926793607765896,2.23052796960842,1.2313356312525305,4,1,1,0,1,0,1,1,0,0,0,0,1,0,1,0,0,0,1,0,1,0,1,1,0,0,0,0
0,1.3654725178494855,-0.2707237446173941,0.6256108764731223,-0.28850019934212207,4,1,1,1,0,1,0,0,0,0,0,0,1,0,1,0,0,0,1,0,1,0,1,1,1,0,0,0
0,-0.347506274377116,-1.4665608007644946,-0.8032541615696361,-1.502545013937682,0,1,1,1,1,0,0,0,1,1,0,1,0,1,0,1,0,1,0,1,0,1,0,1,1,0,0,0
0,-1.285566089167874,-0.6915120272393919,-0.9909974319483612,-0.6892532223561898,0,0,0,0,1,0,0,0,0,0,0,0,0,0,0,0,0,0,0,0,0,0,0,1,0,1,0,1
0,0.9576204244621995,-1.3451475808775148,-0.39904693722234935,-1.3308583027030083,0,0,1,1,1,0,1,0,1,1,0,1,0,1,0,1,0,1,0,1,0,0,1,1,0,0,1,0
1,-0.4290766930545732,-1.3068941006391515,-0.7683349279884446,-1.3242895368389986,0,0,1,0,1,0,1,0,1,1,0,1,0,1,0,1,0,1,0,1,0,1,0,0,0,0,0,0
0,-0.7553583677644021,-0.4703071197740729,-0.6960038054914596,-0.4634555959254849,3,1,0,0,0,1,0,0,0,0,0,0,0,0,1,0,0,0,1,0,1,0,0,1,0,1,0,1
1,1.1615464711558425,1.31430089308523,1.8152912968779398,1.3297825017635698,4,0,1,0,1,0,1,1,0,0,0,0,1,0,1,0,0,0,1,0,1,1,0,1,1,0,0,1
1,0.30505707504254176,-0.851178727364735,-0.28806862759065316,-0.7941834040776847,2,0,1,0,0,1,0,0,0,0,0,0,1,0,0,0,0,0,1,0,0,0,0,1,0,1,0,1
0,0.38662749371999894,-0.17425844662499945,0.10861651295929554,-0.14905183921389645,3,0,0,0,1,0,0,0,0,0,1,0,1,0,1,0,0,0,0,0,0,0,0,0,0,0,0,0
0,1.6101837738818572,0.6124326904509093,1.6554525309086947,0.6311228355970598,5,0,1,1,1,0,1,0,0,0,1,0,0,0,1,0,1,0,1,0,1,0,1,1,0,0,0,0
0,-0.8369287864418593,0.48769308097798514,-0.5876946223684962,0.49611524703842286,1,0,0,0,1,0,1,1,0,0,0,0,0,0,0,0,1,0,0,0,0,0,0,1,1,0,0,0
0,1.5693985645431285,-1.3451475808775148,-0.24692878512134023,-1.3431903115218777,0,1,1,0,1,0,1,0,1,1,0,1,0,1,0,1,0,1,0,1,0,0,1,0,0,0,0,0
0,-0.2659358556996588,-1.5197830341396088,-0.8076879998196801,-1.5652653118283857,0,0,1,0,1,0,0,0,1,1,0,1,0,1,0,1,0,1,0,1,0,1,0,0,0,0,1,0
0,-1.0408548331355023,-1.1671857380294763,-0.9213574948568756,-1.1948409857851938,1,0,0,1,0,1,0,0,0,0,1,0,0,0,0,0,0,0,0,0,0,0,0,0,0,0,1,0
0,-1.081640042474231,-0.6449425730361669,-0.8846294317408401,-0.5754269062180755,0,0,1,1,1,0,0,0,0,0,0,0,0,0,0,0,0,0,0,0,0,0,0,0,0,0,1,0
0,1.0391908431396566,1.382491879597095,1.7009600349377527,1.3617068393413088,5,0,0,0,1,0,0,1,0,0,1,0,1,0,1,0,0,0,1,0,1,1,0,1,0,1,0,1
0,0.7536943777685564,-1.1588697640646148,-0.33569378570928404,-1.1570722309729469,1,1,1,0,0,1,0,0,0,0,0,0,1,0,0,0,0,0,0,0,0,0,0,1,1,0,0,0
0,1.6101837738818572,0.02532492853167956,1.0474211004399863,-0.0034865046195635815,6,1,1,1,0,1,0,0,0,0,1,0,1,0,1,0,1,0,1,0,1,0,1,1,0,0,0,0
0,-0.5922175304094877,1.0365473626588517,-0.24249494687129633,1.0547943302519114,3,0,0,0,1,0,0,1,0,0,1,0,0,0,0,0,0,0,1,0,1,0,0,1,0,1,0,1
0,-1.0408548331355023,0.33966874440344824,-0.7665040395568343,0.46755999748019617,0,0,0,0,1,0,1,1,0,0,0,0,0,0,0,0,0,0,0,0,0,0,0,1,0,0,0,1
0,0.590553540413642,0.3047416537510296,0.532037036390106,0.3149389506714067,4,0,0,0,1,0,1,0,0,0,1,0,1,0,0,0,1,0,0,0,1,0,1,0,0,0,1,0
1,-1.2447808798291453,-0.671553689723724,-0.9691150063561048,-0.5980816584591564,0,1,0,0,1,0,0,0,0,0,0,0,0,0,0,0,0,0,0,0,0,0,0,1,0,1,0,1
1,1.2023316804945712,1.525526631792715,2.1013290112476883,1.6203283624289841,5,1,0,0,1,0,1,1,0,0,0,0,1,0,1,0,1,0,1,0,1,1,0,1,0,0,0,0
0,-0.6737879490869448,-1.5031510862098856,-0.8774161724982313,-1.526477549460653,0,0,1,1,1,0,0,0,1,1,0,1,0,1,0,1,0,1,0,1,0,0,1,0,0,0,1,0
0,-1.081640042474231,-0.511886989598381,-0.8724970385193269,-0.42347429972301953,1,1,0,0,1,0,0,0,0,0,0,0,0,0,0,0,1,0,0,0,0,0,0,1,1,0,0,0
0,-0.551432321070759,-0.32893556237142546,-0.5487606695758221,-0.3252649308935834,2,1,0,0,1,0,0,0,0,0,0,0,0,0,1,0,1,0,0,0,0,0,0,1,1,0,0,1
0,1.4878281458656715,-0.6965016116183088,0.295477427467365,-0.7290371775112591,3,0,1,1,0,1,0,0,0,0,1,0,0,0,1,0,0,0,0,0,1,0,1,1,1,0,0,0
0,-0.877713995780588,0.3147208225088634,-0.6424227452459039,0.3629118340555257,0,1,1,1,1,0,1,1,0,0,0,0,0,0,0,0,0,0,0,0,0,0,0,1,0,1,0,1
0,1.2839020991720282,1.5388321901364936,2.057233276611679,1.450688427977022,5,0,1,0,1,0,1,1,0,0,0,0,1,0,1,0,1,0,1,0,1,0,0,1,0,1,0,0
0,0.2642718657038131,1.324280061843064,0.8137512069936425,1.363658369561209,5,0,1,0,1,0,0,1,0,0,1,0,0,0,1,0,1,0,1,0,1,1,0,1,1,0,0,1
0,-0.7145731584256735,-0.30565083526981285,-0.6134814726884035,-0.16255786049769105,1,0,0,0,1,0,1,0,0,0,1,0,0,0,0,0,0,0,0,0,0,0,0,1,0,0,1,1
0,-0.30672106503838736,-1.4732135799363837,-0.7715555269163371,-1.4332131837559832,0,1,0,0,1,0,0,0,1,1,0,1,0,1,0,1,0,1,0,1,0,0,0,0,0,0,1,0
0,-1.081640042474231,-1.504814281002858,-0.9589017371532673,-1.5056531354341718,0,0,0,0,1,0,0,0,1,1,0,1,0,1,0,1,0,1,0,1,0,0,1,0,1,0,0,0
0,1.3654725178494855,1.6935093058829194,2.4934479601669945,1.8382083882560347,6,1,1,0,1,0,1,1,0,0,1,0,1,0,1,0,1,0,1,0,1,1,0,0,0,0,0,0
0,1.1615464711558425,0.7903945332989483,1.3371647094664878,0.7407680017730478,5,0,0,0,1,0,1,0,0,0,0,0,1,0,1,0,1,0,1,0,1,0,1,0,1,0,0,0
1,0.4274127030587276,0.9849883240767099,0.8234350626740865,1.0536078363266363,3,0,1,0,1,0,1,1,0,0,1,0,1,0,0,0,0,0,1,0,0,0,0,1,0,1,0,0
0,-0.8369287864418593,-1.489845527866107,-0.9118059925570297,-1.533557159535991,0,0,0,0,1,0,0,0,1,1,0,1,0,1,0,1,0,1,0,1,0,0,0,0,0,0,1,0
1,-0.3882914837158446,-1.005855843111161,-0.6714301944937037,-1.0436331272429198,1,1,0,0,0,1,0,0,0,0,0,0,0,0,0,0,0,0,0,0,1,0,0,1,0,0,0,0
1,1.5693985645431285,-0.418748081191931,0.6506036065094395,-0.3932316452369869,4,1,1,0,0,1,0,0,0,0,0,0,1,0,1,0,0,0,1,0,1,0,0,1,0,0,0,0
0,0.060345819010170096,0.0037033962230391725,-0.058611983426689114,-0.047541926092684775,2,0,0,0,1,0,1,0,0,0,0,0,0,0,0,0,1,0,1,0,0,0,0,0,0,0,1,0
0,-1.1224252518129596,-1.4981615018309686,-0.9627841029841514,-1.434870848554111,0,0,0,0,1,0,0,0,1,1,0,1,0,1,0,1,0,1,0,1,0,0,0,0,1,0,0,1
0,0.34584228438127035,-0.9792447264236037,-0.3964881051974483,-1.0260017614685586,2,0,1,0,0,1,0,0,0,0,0,0,1,0,0,0,1,0,0,0,0,1,0,0,0,0,1,0
0,1.6101837738818572,-1.5031510862098856,-0.40171606373108226,-1.5159674941780783,0,0,1,1,1,0,0,0,1,1,0,1,0,1,0,1,0,1,0,1,0,0,1,0,1,0,0,0
1,-0.7553583677644021,1.0215786095221007,-0.4487015138434879,0.8639786934896352,2,1,0,0,1,0,1,1,0,0,0,0,0,0,0,0,0,0,1,0,1,0,0,1,0,1,0,0
0,0.34584228438127035,-1.4981615018309686,-0.652900721209938,-1.4959699471621806,0,0,0,0,1,0,0,0,1,1,0,1,0,1,0,1,0,1,0,1,0,0,1,1,0,0,1,0
0,-0.3882914837158446,0.5642000414547119,-0.21154631470805454,0.4589319036862136,1,0,1,1,1,0,1,1,0,0,1,0,0,0,0,0,0,0,0,0,0,1,0,0,1,0,0,0
0,1.5693985645431285,1.4772939827965175,2.4231683150692835,1.4828713479794082,6,1,1,1,1,0,0,1,0,0,1,0,1,0,1,0,1,0,1,0,1,0,1,0,1,0,0,0
0,-1.285566089167874,0.18000204427810534,-0.979438570042774,0.17936313186281994,0,0,0,0,1,0,0,1,0,0,0,0,0,0,0,0,0,0,0,0,0,0,0,1,0,1,0,1
0,1.6101837738818572,-1.3135468798110408,-0.21761251131881115,-1.3238165163284212,0,1,1,0,1,0,1,0,1,1,0,1,0,1,0,1,0,1,0,1,0,0,1,0,0,0,1,0
0,-1.081640042474231,0.1633700963483821,-0.8437542960327239,-0.06348476106291456,0,1,1,1,1,0,0,1,0,0,0,0,0,0,0,0,0,0,0,0,0,0,0,1,0,1,0,0
0,-0.3882914837158446,-1.4931719174520517,-0.813996844294867,-1.5094369355168546,0,1,1,1,1,0,0,0,1,1,0,1,0,1,0,1,0,1,0,1,0,1,0,1,1,0,0,0
1,-0.9184992051193165,0.6872764561346639,-0.634680072480902,0.6725184093058647,1,1,1,0,1,0,1,1,0,0,0,0,0,0,0,0,0,0,0,0,1,0,0,0,0,1,0,1
0,1.6101837738818572,1.4972523203121855,2.353175435629535,1.3593441906635169,6,0,0,0,1,0,0,1,0,0,1,0,1,0,1,0,1,0,1,0,1,0,1,1,0,1,0,0
0,-1.0408548331355023,-0.4852758729108239,-0.8537910940614303,-0.46949423197580764,1,0,1,0,1,0,0,0,0,0,1,0,0,0,0,0,0,0,0,0,0,0,0,1,0,0,0,0
0,-1.081640042474231,0.9849883240767099,-0.7565775360119599,1.0283637859706505,3,1,0,1,1,0,0,1,0,0,0,0,0,0,1,0,0,0,1,0,1,0,0,0,0,0,1,1
0,-0.9592844144580451,1.217835595092835,-0.6103711682443428,1.1892493638778396,4,1,1,1,1,0,0,1,0,0,0,0,1,0,0,0,1,0,1,0,1,0,0,1,0,1,0,0
0,-0.8369287864418593,0.8070264812286715,-0.5438856533904505,0.770458771128587,2,0,0,0,1,0,1,1,0,0,0,0,1,0,0,0,0,0,0,0,1,0,0,1,0,1,0,0
0,-1.285566089167874,-1.5131302549677197,-1.0018945269509567,-1.5081396326313634,0,0,0,0,1,0,0,0,1,1,0,1,0,1,0,1,0,1,0,1,0,0,0,1,0,0,1,0
1,0.6313387497523706,-1.1638593484435318,-0.39776752120989883,-1.1921127458049414,1,0,1,1,0,1,0,0,0,0,0,0,1,0,0,0,0,0,0,0,0,1,0,0,0,0,0,0
0,-0.5106471117320305,0.46274515908340025,-0.286348033642875,0.5694116588623105,1,1,0,0,1,0,0,1,0,0,0,0,0,0,0,0,0,0,1,0,0,0,0,0,0,1,0,0
1,-0.6737879490869448,0.6806236769627745,-0.40376754113035623,0.6981086096269641,1,0,1,0,1,0,1,1,0,0,0,0,0,0,0,0,0,0,0,0,1,0,0,1,1,0,0,1
0,-1.2447808798291453,0.49101947056393,-0.9430855081717674,0.3799405724362935,1,0,0,0,1,0,0,1,0,0,0,0,0,0,0,0,0,0,1,0,0,0,0,1,0,0,1,1
0,-0.9184992051193165,-1.5164566445536642,-0.9287472252736154,-1.5373145330784141,0,0,0,0,1,0,0,0,1,1,0,1,0,1,0,1,0,1,0,1,0,1,0,1,0,0,1,0
1,-1.2447808798291453,0.48935627577095736,-0.9244016226106369,1.0819616144434516,1,0,0,0,1,0,0,1,0,0,0,0,0,0,0,0,0,0,0,0,1,0,0,1,0,1,0,1
0,-0.5106471117320305,1.0614952845534367,-0.2045536444331096,0.8767427124352201,3,1,1,1,1,0,1,1,0,0,0,0,1,0,0,0,1,0,1,0,0,0,0,0,0,0,1,0
0,-0.5106471117320305,-1.4715503851434115,-0.8262615908969785,-1.4592385210865908,0,1,1,0,1,0,0,0,1,1,0,1,0,1,0,1,0,1,0,1,0,1,0,0,0,0,1,0
0,-0.551432321070759,-1.499824696623941,-0.8584675801759044,-1.5501919711943968,0,1,1,1,1,0,0,0,1,1,0,1,0,1,0,1,0,1,0,1,0,1,0,0,0,0,1,0
1,-0.551432321070759,0.8552591302248684,-0.27809800625224596,0.7452375466342641,2,1,0,0,1,0,1,1,0,0,1,0,0,0,0,0,0,0,1,0,0,0,0,1,0,1,0,1
0,-0.4290766930545732,1.320953672257119,-0.04844283201738434,1.1347054943838843,5,1,1,0,1,0,0,1,0,0,1,0,1,0,0,0,1,0,1,0,1,0,0,1,0,1,0,0
0,0.1011310283488987,0.5043250289077084,0.2406831278996582,0.5349559119869381,1,0,0,0,1,0,1,1,0,0,0,0,0,0,0,0,1,0,0,0,0,0,0,0,1,0,0,0
0,-1.285566089167874,-0.6565849365869731,-0.9905341951162671,-0.6544422615955044,0,0,0,0,1,0,0,0,0,0,0,0,0,0,0,0,0,0,0,0,0,0,0,0,0,0,1,0
0,0.2642718657038131,0.274804147477528,0.19433738579347773,0.17013971490913396,0,1,0,0,1,0,1,1,0,0,0,0,0,0,0,0,0,0,0,0,0,0,0,1,1,0,0,0
1,0.8760500057847422,1.1380022450301635,1.388275173274208,1.1867935641769094,4,0,1,0,1,0,0,1,0,0,0,0,0,0,1,0,1,0,1,0,1,1,0,1,0,1,0,0
0,-1.285566089167874,-1.4865191382801624,-1.0015415846026945,-1.4816169958613172,0,0,0,0,1,0,0,0,1,1,0,1,0,1,0,1,0,1,0,1,0,0,0,1,0,0,0,1
0,1.3654725178494855,1.3691863212533164,2.06956419990409,1.355576770667772,4,1,1,0,1,0,1,1,0,0,1,0,0,0,1,0,0,0,1,0,1,0,1,1,1,0,0,1
0,0.9576204244621995,1.3459015941517039,1.5459301084635801,1.2791349219493409,4,1,0,0,1,0,1,1,0,0,1,0,0,0,0,0,1,0,1,0,1,0,0,1,0,0,1,0
0,-0.5922175304094877,-0.6399529886572499,-0.6808052256194185,-0.7750834219037002,0,1,0,1,1,0,0,0,0,0,0,0,0,0,0,0,0,0,0,0,0,0,0,1,1,0,0,0
0,-0.6737879490869448,0.5009986393217639,-0.45106181579749133,0.4759815266778279,1,0,1,1,1,0,1,1,0,0,0,0,1,0,0,0,0,0,0,0,0,0,0,1,1,0,0,0
0,1.4470429365269428,-0.3472307050941209,0.6108534745364088,-0.35959732434025854,2,0,0,0,1,0,0,0,0,0,1,0,0,0,1,0,0,0,0,0,0,1,0,1,1,0,0,0
1,0.8352647964460137,-1.3235260485688747,-0.4476868045922341,-1.3533825492136886,0,0,1,0,1,0,1,0,1,1,0,1,0,1,0,1,0,1,0,1,0,0,1,0,1,0,0,0
0,1.6101837738818572,0.6590021446541346,1.5898052541319252,0.5626060239411076,5,0,1,1,1,0,1,0,0,0,1,0,0,0,1,0,1,0,1,0,1,0,1,0,1,0,0,0
0,-0.9592844144580451,0.36461666629803313,-0.6907537880610592,0.5180793056136171,0,1,0,0,1,0,1,1,0,0,0,0,0,0,0,0,0,0,0,0,0,0,0,1,0,1,0,0
0,-0.10279501834474433,-0.5351717166999936,-0.3324731867813915,-0.45303598862296673,1,0,0,0,1,0,0,0,0,0,1,0,0,0,0,0,0,0,0,0,0,0,0,1,0,0,1,0
0,0.14191623768762732,1.139665439823136,0.5846695640747067,1.1783824502012235,3,0,0,0,1,0,1,1,0,0,0,0,1,0,0,0,0,0,1,0,1,0,0,1,0,1,0,1
0,-0.5922175304094877,-0.9875607003884653,-0.742526018771771,-1.032758205523801,2,0,0,0,0,1,0,0,0,0,0,0,0,0,1,0,1,0,0,0,0,0,0,1,0,1,0,0
1,0.9168352151234709,0.3779222246418119,0.822442412319599,0.35299598462672443,4,0,1,1,1,0,1,0,0,0,1,0,0,0,1,0,1,0,1,0,0,1,0,0,0,1,0,0
0,0.2642718657038131,-0.2989980560979237,-0.046766355863139,-0.294431470822603,4,0,1,0,0,1,0,0,0,0,1,0,0,0,1,0,0,0,1,0,1,0,0,0,0,1,0,1
0,-0.46986190239330183,0.5808319893844351,-0.19301684142428896,0.7738333030390615,1,1,0,0,1,0,1,1,0,0,0,0,1,0,0,0,0,0,0,0,0,0,0,1,0,1,0,1
0,-1.2447808798291453,-0.8145884419193439,-0.9764165011857789,-0.8724251825493207,3,1,0,0,0,1,0,0,0,0,0,0,1,0,1,0,1,0,0,0,0,0,0,1,1,0,0,1
1,0.01956060967144149,-1.330178827740764,-0.6364227253254465,-1.29957526166691,0,1,0,0,1,0,1,0,1,1,0,1,0,1,0,1,0,1,0,1,0,1,0,1,0,0,0,0
0,0.4681979123974562,-0.3522202894730381,0.044160416607910744,-0.35014774853916597,4,1,1,0,0,1,0,0,0,0,0,0,1,0,1,0,0,0,1,0,1,0,1,0,0,0,0,0
0,-0.10279501834474433,0.04694646084031948,-0.1618476202933832,-0.025634748172328206,3,0,1,1,1,0,0,0,0,0,1,0,0,0,0,0,1,0,0,0,1,0,0,0,0,0,0,0
0,1.5693985645431285,-1.4632344111785498,-0.3516864858649151,-1.454067073864262,0,0,1,0,1,0,0,0,1,1,0,1,0,1,0,1,0,1,0,1,0,0,1,1,0,0,0,0
0,-1.1632104611516882,0.34798471836830985,-0.8612911189620021,0.6509687669302024,0,0,0,0,1,0,1,1,0,0,0,0,0,0,0,0,0,0,0,0,0,0,0,0,0,1,0,1
0,0.1011310283488987,0.6739708977908856,0.3265804719079715,0.7193829612415087,2,1,0,1,1,0,0,1,0,0,0,0,0,0,1,0,0,0,1,0,0,1,0,1,0,1,0,1
0,-1.285566089167874,0.34798471836830985,-0.977210621469369,0.34678727647373586,1,1,1,0,1,0,0,1,0,0,0,0,0,0,1,0,0,0,0,0,0,0,0,0,1,0,0,0
1,-0.3882914837158446,1.3159640878782022,-0.04654576689547513,0.9980333249904116,4,1,1,0,1,0,1,1,0,0,0,0,1,0,1,0,0,0,1,0,1,0,0,1,0,1,0,0
0,-0.4290766930545732,-0.5135501843913532,-0.5554224563992711,-0.5970267808603477,3,0,0,1,0,1,0,0,0,0,0,0,0,0,1,0,0,0,1,0,1,1,0,1,1,0,0,0
0,0.6721239590910992,-1.511467060174747,-0.6039961470788567,-1.5279639504212195,0,0,0,1,1,0,0,0,1,1,0,1,0,1,0,1,0,1,0,1,0,1,0,0,1,0,0,0
0,0.38662749371999894,0.9068181688070108,0.6992875916728569,0.9077884060115863,3,0,1,1,1,0,0,1,0,0,0,0,0,0,1,0,0,0,1,0,1,0,0,1,0,1,0,0
0,0.01956060967144149,0.9617035969750972,0.3680070800352475,0.9877007661499071,3,0,1,1,1,0,0,1,0,0,0,0,0,0,1,0,0,0,1,0,1,1,0,1,0,1,0,1
0,-1.0408548331355023,-1.4981615018309686,-0.9468575795188195,-1.4685924867331697,0,0,1,1,1,0,0,0,1,1,0,1,0,1,0,1,0,1,0,1,0,0,1,0,0,0,1,0
0,1.4062577271882142,1.176255725268527,1.9405858305110215,1.1585729435091676,4,0,1,1,1,0,1,1,0,0,1,0,0,0,1,0,1,0,0,0,1,1,0,1,0,0,0,0
0,-0.7145731584256735,1.0249049991080457,-0.3702600769422135,1.0559362771128435,3,1,0,0,1,0,1,1,0,0,0,0,1,0,0,0,1,0,0,0,1,0,0,0,0,1,0,0
0,1.4062577271882142,0.9400820646664573,1.7990559488578781,0.9998329831391901,3,1,1,0,1,0,1,1,0,0,0,0,1,0,1,0,0,0,0,0,1,0,1,1,0,1,0,0
0,0.8352647964460137,0.16004370676243765,0.6349638487020706,0.18167760724133833,4,1,1,1,1,0,0,0,0,0,1,0,1,0,0,0,1,0,1,0,0,0,1,1,0,0,1,0
0,-0.46986190239330183,-1.499824696623941,-0.855996983738069,-1.5986007687577706,0,1,1,1,1,0,0,0,1,1,0,1,0,1,0,1,0,1,0,1,0,1,0,0,0,0,1,0
0,0.30505707504254176,0.214929134930524,0.2456684385688617,0.2085380323098705,4,0,1,1,1,0,0,0,0,0,1,0,1,0,0,0,1,0,0,0,1,0,0,1,0,0,1,0
0,-0.4290766930545732,-1.4682239955574667,-0.8108865398508063,-1.4696366002748475,0,0,1,1,1,0,0,0,1,1,0,1,0,1,0,1,0,1,0,1,0,1,0,0,0,0,0,0
0,0.2642718657038131,-0.8079356627474544,-0.351112954548989,-0.8808622713295359,2,1,0,0,0,1,0,0,0,0,0,0,0,0,0,0,1,0,0,0,1,0,0,1,0,1,0,0
0,0.5089831217361848,-1.4798663591082732,-0.5999593689706078,-1.4658139247858313,0,1,0,0,1,0,0,0,1,1,0,1,0,1,0,1,0,1,0,1,0,1,0,1,0,1,0,1
0,-1.2447808798291453,-1.4815295539012454,-0.9919900823028487,-1.4575808562884631,0,0,1,0,1,0,0,0,1,1,0,1,0,1,0,1,0,1,0,1,0,0,0,0,0,0,1,0
0,0.9984056338009281,-1.5014878914169132,-0.4492529862626476,-1.411442519407237,0,0,1,1,1,0,0,0,1,1,0,1,0,1,0,1,0,1,0,1,0,0,1,0,0,0,0,0
0,-1.0000696237967737,-0.3488938998870934,-0.8008497418220999,-0.18242221032859002,1,1,1,1,1,0,0,0,0,0,0,0,0,0,0,0,0,0,1,0,0,0,0,1,0,1,0,0
1,-1.0408548331355023,0.9916411032485992,-0.713496510627205,1.0366126417518102,3,1,1,0,1,0,1,1,0,0,1,0,1,0,0,0,0,0,0,0,1,0,0,1,1,0,0,1
0,-1.081640042474231,-1.1439010109278638,-0.9183795437934132,-0.9981314297406851,1,1,0,0,0,1,0,0,0,0,0,0,1,0,0,0,0,0,0,0,0,0,0,1,1,0,0,1
0,-1.0408548331355023,-1.4782031643153006,-0.9439458051456564,-1.4373336648256152,0,0,1,1,1,0,0,0,1,1,0,1,0,1,0,1,0,1,0,1,0,0,0,0,0,0,1,0
0,0.6721239590910992,0.041956876461402795,0.4008748362171651,0.013123033536281255,2,1,0,0,1,0,1,0,0,0,0,0,0,0,0,0,1,0,1,0,0,0,1,1,0,0,0,0
0,1.324687308510757,0.8303112083302836,1.5680772408170334,0.8297542910421333,3,0,0,0,1,0,1,1,0,0,1,0,1,0,0,0,1,0,0,0,0,1,0,1,0,1,0,0
0,0.9168352151234709,-0.6599113261729178,0.07599140464180813,-0.6668898172614465,0,0,0,0,1,0,0,0,0,0,0,0,0,0,0,0,0,0,0,0,0,1,0,0,0,0,0,0
0,1.5693985645431285,0.7305195207519442,1.752996972409661,0.7735542461213355,6,1,1,1,1,0,1,0,0,0,1,0,1,0,1,0,1,0,1,0,1,0,1,0,0,0,0,0
0,0.1011310283488987,1.0598320897604643,0.49105160619815774,1.0725129250941228,4,1,0,0,1,0,1,1,0,0,1,0,1,0,1,0,1,0,0,0,0,0,0,1,0,0,1,0
1,-1.2039956704904167,0.40287014653639674,-0.905563324772142,0.4760851307277108,0,1,0,0,1,0,1,1,0,0,0,0,0,0,0,0,0,0,0,0,0,0,0,1,0,1,0,1
0,-0.877713995780588,-1.489845527866107,-0.9127986429115171,-1.4841788414584238,0,0,0,1,1,0,0,0,1,1,0,1,0,1,0,1,0,1,0,1,0,0,0,0,1,0,0,1
0,-1.285566089167874,0.34632152357533763,-0.9772326803661353,0.3451296116756081,1,0,0,0,1,0,0,1,0,0,0,0,0,0,1,0,0,0,0,0,0,0,0,0,0,1,0,1
0,-0.6330027397482163,1.3891446587689846,-0.2727597532347802,1.1096056126945841,5,1,0,0,1,0,1,1,0,0,1,0,1,0,1,0,1,0,1,0,0,0,0,1,0,0,0,0
0,1.6101837738818572,1.5055682942770472,2.4665581650087676,1.4776830387520907,5,0,1,0,1,0,1,1,0,0,1,0,0,0,1,0,1,0,1,0,1,0,1,1,1,0,0,0
0,-0.18436543702220157,0.5974639373141584,0.013432373412332946,0.5966210424772953,2,0,1,1,1,0,0,1,0,0,1,0,0,0,0,0,0,0,0,0,1,1,0,1,0,0,0,0
0,-0.5922175304094877,-1.489845527866107,-0.8469969538573828,-1.4689082324090037,0,0,1,0,1,0,0,0,1,1,0,1,0,1,0,1,0,1,0,1,0,0,1,0,0,0,1,0
1,0.30505707504254176,1.1413286346161082,0.781699629992081,1.2155693971725585,4,0,1,0,1,0,0,1,0,0,0,0,1,0,0,0,1,0,1,0,1,1,0,1,1,0,0,1
0,0.7944795871072851,-0.1809112257968886,0.33235990286076506,-0.21076190274273815,2,0,0,0,1,0,0,0,0,0,0,0,0,0,1,0,0,0,0,0,1,0,0,1,0,1,0,0
0,0.590553540413642,-0.20918553727741815,0.19105061017528605,-0.2302564205937165,2,0,1,0,1,0,0,0,0,0,0,0,1,0,0,0,0,0,1,0,0,0,0,1,0,0,0,0
0,-0.3882914837158446,-0.5052342104264916,-0.5334297363231827,-0.5927483021521363,1,0,0,0,1,0,0,0,0,0,0,0,0,0,1,0,0,0,0,0,0,0,0,0,1,0,0,0
0,1.3654725178494855,0.031977707703568475,0.7970746810382533,-0.0932724951626065,4,1,1,1,1,0,0,0,0,0,1,0,1,0,1,0,1,0,0,0,0,0,1,0,0,0,1,0
0,-1.0000696237967737,0.2864465110283341,-0.7315406881821099,0.46862563913613553,0,0,0,0,1,0,1,1,0,0,0,0,0,0,0,0,0,0,0,0,0,0,0,1,0,1,0,0
1,0.590553540413642,0.6856132613416916,0.7729201890790588,0.7000814952577147,2,1,0,0,1,0,0,1,0,0,1,0,0,0,0,0,0,0,0,0,1,0,0,0,0,0,1,1
0,-1.0408548331355023,-1.4915087226590795,-0.9377251962575351,-1.3705534543867492,0,0,0,0,1,0,0,0,1,1,0,1,0,1,0,1,0,1,0,1,0,0,0,0,0,0,1,1
0,1.5693985645431285,1.6219919297851098,2.592558583338374,1.6621559674839717,6,0,1,1,1,0,1,1,0,0,1,0,1,0,1,0,1,0,1,0,1,0,1,0,1,0,0,0
1,0.7129091684298279,0.6157590800368543,0.8044202936614602,0.5763406977184851,2,0,0,0,1,0,1,1,0,0,1,0,1,0,0,0,0,0,0,0,0,0,0,1,0,1,0,0
0,0.5497683310749134,0.02532492853167956,0.3338819667376459,0.044840029875616326,4,1,1,0,1,0,0,0,0,0,1,0,1,0,1,0,1,0,0,0,0,0,1,0,0,0,1,0
0,-1.285566089167874,0.18332843386405026,-0.9793944522492413,0.18267846145907599,0,1,0,0,1,0,0,1,0,0,0,0,0,0,0,0,0,0,0,0,0,0,0,0,0,1,0,1
0,1.3654725178494855,-0.11770982366394037,0.839582175107082,-0.04487370628393355,5,0,0,0,0,1,0,0,0,0,1,0,0,0,1,0,1,0,1,0,1,0,1,1,0,0,0,0
0,0.38662749371999894,0.6989188196854704,0.6350300253923697,0.792817511798574,2,0,1,0,1,0,1,1,0,0,0,0,0,0,1,0,1,0,0,0,0,0,0,1,1,0,0,0
0,-1.1224252518129596,0.3579638871261442,-0.8342248526296443,0.4973032401437477,1,0,0,0,1,0,0,1,0,0,0,0,0,0,0,0,1,0,0,0,0,0,0,1,0,0,1,0
0,-1.0408548331355023,-0.5035710156335194,-0.8642911289222307,-0.5822154382485037,1,1,1,1,1,0,0,0,0,0,1,0,0,0,0,0,0,0,0,0,0,1,0,1,0,1,0,1
0,-0.14358022768347295,0.19996038179377348,-0.14371520715141262,0.09465074459297446,3,1,0,0,1,0,1,0,0,0,0,0,1,0,1,0,0,0,0,0,1,1,0,0,1,0,0,0
0,-0.22515064636093016,-0.5002446260475747,-0.4209734806081386,-0.5106551891060414,1,0,1,1,1,0,0,0,0,0,0,0,1,0,0,0,0,0,0,0,0,0,0,0,0,0,1,0
1,-0.7145731584256735,0.34632152357533763,-0.5042237570044855,0.38480305584413554,1,0,0,0,1,0,0,1,0,0,0,0,1,0,0,0,0,0,0,0,0,0,0,1,1,0,0,1
0,-0.30672106503838736,-1.489845527866107,-0.7960188434302611,-1.5067471942009358,0,0,1,1,1,0,0,0,1,1,0,1,0,1,0,1,0,1,0,1,0,0,1,0,0,0,1,0
0,-0.877713995780588,0.9683563761469866,-0.5344665044712029,1.1004219724226032,2,0,1,0,1,0,1,1,0,0,0,0,0,0,0,0,0,0,1,0,1,0,0,1,0,1,0,1
0,0.9984056338009281,1.269394633674977,1.6038567713721141,1.2953205230656482,5,1,1,0,1,0,1,1,0,0,1,0,1,0,1,0,1,0,1,0,0,0,0,1,0,1,0,0
0,1.4062577271882142,1.7783322403245079,2.4325654050917644,1.7103773911606026,6,1,0,0,1,0,1,1,0,0,1,0,1,0,1,0,1,0,1,0,1,1,0,1,0,0,0,1
1,0.590553540413642,1.1579605825458315,1.0839065156915915,1.1973103957684992,3,0,1,0,1,0,1,1,0,0,0,0,0,0,1,0,0,0,1,0,1,0,0,0,0,1,0,0
0,-0.7961435771031307,0.5658632362476846,-0.5565254012375905,0.47264228845467615,1,0,0,0,1,0,0,1,0,0,0,0,0,0,0,0,0,0,1,0,0,0,0,1,0,0,1,0
0,-1.0000696237967737,-1.145564205720836,-0.9105486354413457,-1.2128680904648346,1,1,0,0,0,1,0,0,0,0,1,0,0,0,0,0,0,0,0,0,0,0,0,1,0,1,0,1
0,0.4681979123974562,1.038210557451824,0.9148912486675297,1.1369659463813313,2,0,1,0,1,0,1,1,0,0,0,0,0,0,0,0,0,0,1,0,1,0,0,1,0,1,0,1
0,1.5693985645431285,0.043620071254375024,1.0597961415259298,0.0398624675133259,2,1,1,1,1,0,1,0,0,0,1,0,0,0,0,0,0,0,1,0,0,1,0,1,0,1,0,0
1,-0.347506274377116,1.3093113087063128,0.06332959789790171,1.2108450524978946,4,1,1,0,1,0,1,1,0,0,0,0,1,0,1,0,0,0,1,0,1,0,0,1,0,1,0,1
1,-0.7145731584256735,0.5093146132866255,-0.4734295371186084,0.5390763930565705,1,1,0,0,1,0,1,1,0,0,0,0,1,0,0,0,0,0,0,0,0,0,0,1,0,1,0,1
0,-1.285566089167874,-1.5014878914169132,-1.001740114673592,-1.4965359790444681,0,0,0,0,1,0,0,0,1,1,0,1,0,1,0,1,0,1,0,1,0,0,0,0,0,1,0,0
1,-1.2447808798291453,0.2565090047548321,-0.9423796234752428,0.40646320920634,0,1,0,0,1,0,1,1,0,0,0,0,0,0,0,0,0,0,0,0,0,0,0,1,0,0,1,0
1,0.9168352151234709,1.716794032984532,1.8053868522298315,1.6960058647099678,6,1,0,0,1,0,1,1,0,0,1,0,1,0,1,0,1,0,1,0,1,0,0,1,0,1,0,0
1,1.5693985645431285,1.3941342431479014,2.352734257694207,1.4083231268466994,4,1,0,0,1,0,1,1,0,0,0,0,1,0,0,0,1,0,1,0,1,0,1,1,0,1,0,0
0,0.7129091684298279,-1.3285156329477916,-0.4539294723771217,-1.3148890704656149,0,1,1,1,1,0,1,0,1,1,0,1,0,1,0,1,0,1,0,1,0,0,1,0,0,0,1,0
0,-1.285566089167874,0.8103528708146159,-0.9710782481683132,0.8076180903532871,2,1,0,0,1,0,0,1,0,0,0,0,0,0,0,0,0,0,1,0,1,0,0,1,0,1,0,0
0,-1.1224252518129596,-1.5181198393466364,-0.9724900175613619,-1.5807453507893645,0,1,0,0,1,0,0,0,1,1,0,1,0,1,0,1,0,1,0,1,0,0,0,1,0,0,1,0
0,1.3654725178494855,1.3192904774641467,1.9803139035872852,1.253956895315872,5,0,0,0,1,0,1,1,0,0,1,0,1,0,1,0,1,0,1,0,0,1,0,1,0,0,0,0
0,0.6721239590910992,0.7421618843027508,0.9064647501027695,0.7885042003340575,6,0,1,1,1,0,0,0,0,0,1,0,1,0,1,0,1,0,1,0,1,1,0,1,0,0,1,0
1,-1.2039956704904167,-1.1355850369630023,-0.9739017869544109,-1.2357300508056817,1,0,1,0,0,1,0,0,0,0,0,0,1,0,0,0,0,0,0,0,0,0,0,1,0,1,0,0
0,1.3654725178494855,-1.3035677110532067,-0.2540317498801171,-1.290056247144327,0,1,1,1,1,0,1,0,1,1,0,1,0,1,0,1,0,1,0,1,0,1,0,1,1,0,0,0
0,-0.877713995780588,0.7088979884433043,-0.6163932470615665,0.5407340578546983,1,1,0,1,1,0,1,1,0,0,0,0,0,0,0,0,0,0,0,0,1,0,0,0,0,1,0,0
0,-0.18436543702220157,-1.1572065692716424,-0.652724250035807,-1.1912296446178436,1,1,0,0,0,1,0,0,0,0,0,0,0,0,0,0,1,0,0,0,0,0,0,1,1,0,0,0
0,1.324687308510757,1.146318218995025,1.7899456244933603,1.086258791650906,4,1,1,0,1,0,1,1,0,0,1,0,1,0,1,0,0,0,1,0,0,0,1,1,0,1,0,0
0,1.2023316804945712,-1.5197830341396088,-0.5147237918652859,-1.5504635580416284,0,0,0,0,1,0,0,0,1,1,0,1,0,1,0,1,0,1,0,1,0,0,1,1,1,0,0,0
0,-1.2447808798291453,-1.489845527866107,-0.9914165509869225,-1.4360312139128004,0,0,1,0,1,0,0,0,1,1,0,1,0,1,0,1,0,1,0,1,0,0,0,0,0,0,0,0
0,-1.2447808798291453,-1.4815295539012454,-0.994968033366311,-1.569473230162095,0,0,0,0,1,0,0,0,1,1,0,1,0,1,0,1,0,1,0,1,0,0,0,0,1,0,0,0
0,0.9168352151234709,-1.3052309058461793,-0.3980984046613947,-1.3146449416498907,0,0,1,1,1,0,1,0,1,1,0,1,0,1,0,1,0,1,0,1,0,0,1,1,1,0,0,0
1,0.34584228438127035,0.986651518869682,0.6887213801217571,0.9630342728899597,3,1,1,0,1,0,0,1,0,0,0,0,1,0,0,0,0,0,1,0,1,0,0,1,0,1,0,0
0,-0.6330027397482163,1.3076481139133407,-0.24125964865237864,1.2488494557373262,4,0,1,1,1,0,1,1,0,0,1,0,0,0,1,0,0,0,1,0,1,0,0,1,0,1,0,1
0,-0.10279501834474433,0.9816619344907653,0.15341813229182868,0.7640767616557947,3,0,0,0,1,0,0,1,0,0,0,0,0,0,0,0,1,0,1,0,1,1,0,1,0,0,0,0
0,-0.6330027397482163,-0.2923452769260343,-0.5926799330376998,-0.3045774794965138,2,1,0,0,1,0,0,0,0,0,1,0,1,0,0,0,0,0,0,0,0,1,0,0,0,0,1,0
0,-0.6737879490869448,0.11181105776624017,-0.5186061576961702,0.15874592593610432,4,0,1,1,1,0,0,0,0,0,1,0,1,0,0,0,1,0,0,0,1,0,1,0,0,0,0,0
0,1.6101837738818572,-1.335168412119681,-0.2262154810577023,-1.3327955339849475,0,1,0,0,1,0,1,0,1,1,0,1,0,1,0,1,0,1,0,1,0,0,1,0,0,0,0,0
0,-0.9592844144580451,0.3779222246418119,-0.7083126698871038,0.37146806346808464,0,1,0,0,1,0,1,1,0,0,0,0,0,0,0,0,0,0,0,0,0,0,0,1,0,1,0,0
0,-1.285566089167874,0.3147208225088634,-0.9776517994046967,0.31363398051117825,1,0,0,0,1,0,0,1,0,0,0,0,1,0,0,0,0,0,0,0,0,0,0,0,0,1,0,0
0,-0.3882914837158446,-0.357209873851955,-0.43142939767540633,-0.25948560534590465,2,1,0,1,1,0,0,0,0,0,0,0,1,0,0,0,1,0,0,0,0,0,0,0,0,1,0,0
0,-1.0000696237967737,-1.511467060174747,-0.940217851592137,-1.4915629846500846,0,1,0,1,1,0,0,0,1,1,0,1,0,1,0,1,0,1,0,1,0,0,0,0,0,0,0,0
0,-0.551432321070759,-0.9958766743533269,-0.7412466027593205,-1.0865693008127357,2,1,1,1,0,1,0,0,0,0,1,0,1,0,0,0,0,0,0,0,0,0,0,1,0,0,1,0
0,-1.0408548331355023,-0.37384182178167824,-0.8320630807465385,-0.23623711395352723,1,0,0,0,1,0,1,0,0,0,1,0,0,0,0,0,0,0,0,0,0,0,0,1,0,1,0,0
1,-1.285566089167874,0.15838051196946543,-0.979725335700737,0.15781348948715776,0,1,0,0,1,0,0,1,0,0,0,0,0,0,0,0,0,0,0,0,0,0,0,1,0,1,0,1
0,1.1615464711558425,1.3009953347414513,1.7969603536650713,1.3072002157431717,4,1,0,0,1,0,1,1,0,0,1,0,0,0,1,0,0,0,1,0,1,1,0,0,0,1,0,0
0,0.9984056338009281,0.18166523907107757,0.809251192053299,0.24773453432595424,4,0,1,0,1,0,0,0,0,0,1,0,1,0,0,0,1,0,1,0,0,0,1,1,1,0,0,0
0,-0.9592844144580451,0.5292729508022932,-0.6958493932140949,0.4755325757950015,1,1,0,0,1,0,0,1,0,0,0,0,0,0,0,0,0,0,0,0,1,0,0,1,0,1,0,1
0,-0.7145731584256735,-0.0012861881558779858,-0.5910034568834545,-0.04994716521153693,3,1,0,1,1,0,0,0,0,0,1,0,0,0,1,0,0,0,0,0,1,1,0,0,0,0,1,0
0,-1.285566089167874,-1.504814281002858,-1.0017842324671247,-1.499851308640724,0,0,0,0,1,0,0,0,1,1,0,1,0,1,0,1,0,1,0,1,0,0,0,0,0,0,1,0
0,-0.8369287864418593,-0.6316370146923883,-0.7872394025172387,-0.7534877332836453,0,0,1,0,1,0,0,0,0,0,0,0,0,0,0,0,0,0,0,0,0,0,0,0,0,0,0,0
0,0.8760500057847422,-1.4931719174520517,-0.5032531655467645,-1.4454860427613816,0,1,0,0,1,0,0,0,1,1,0,1,0,1,0,1,0,1,0,1,0,0,1,0,0,0,1,0
0,-1.1632104611516882,-0.6682273001377795,-0.9356075421679618,-0.7451994092930059,0,1,1,1,1,0,0,0,0,0,0,0,0,0,0,0,0,0,0,0,0,0,0,0,0,1,0,0
0,-1.0408548331355023,0.51264100287257,-0.7780849603591878,0.34323513762060504,1,0,0,0,1,0,0,1,0,0,0,0,0,0,0,0,0,0,1,0,0,0,0,1,0,0,1,1
0,-0.5106471117320305,-1.4815295539012454,-0.8370042736222092,-1.4996026589210047,0,0,1,0,1,0,0,0,1,1,0,1,0,1,0,1,0,1,0,1,0,1,0,0,0,0,1,0
0,-0.2659358556996588,-0.634963404278333,-0.504422287075383,-0.6887431716490737,3,0,0,1,0,1,0,0,0,0,1,0,0,0,0,0,1,0,0,0,1,0,0,0,0,0,1,0
1,0.14191623768762732,0.6390438071384664,0.32260987049002177,0.6313530668190225,1,1,1,0,1,0,1,1,0,0,0,0,0,0,0,0,0,0,0,0,1,0,0,1,0,1,0,1
0,0.8352647964460137,1.4656516192457114,1.512290290894839,1.425614293111944,5,0,1,0,1,0,1,1,0,0,0,0,1,0,1,0,1,0,1,0,1,1,0,1,0,0,0,0
0,-1.2039956704904167,0.1484013432116311,-0.9260339809713497,-0.03668584682651393,3,1,0,0,1,0,0,0,0,0,0,0,0,0,0,0,1,0,1,0,1,0,0,1,0,1,0,1
0,1.4470429365269428,-0.017918136085601218,0.9923179763175503,0.06196146027776321,6,0,0,0,0,1,0,0,0,0,1,0,1,0,1,0,1,0,1,0,1,0,1,0,1,0,0,0
0,1.6101837738818572,0.8619119093967579,1.8120265801565145,0.7945409569458338,6,1,1,1,1,0,1,0,0,0,1,0,1,0,1,0,1,0,1,0,1,0,1,1,1,0,0,0
0,-0.8369287864418593,-1.3285156329477916,-0.8867470858304133,-1.3766315586465516,0,1,0,0,1,0,1,0,1,1,0,1,0,1,0,1,0,1,0,1,0,1,0,0,1,0,0,0
1,0.060345819010170096,0.48935627577095736,0.18880060270511456,0.49929243790150124,1,0,1,1,1,0,1,1,0,0,0,0,1,0,0,0,0,0,0,0,0,0,0,1,0,0,1,1
0,1.4470429365269428,0.6590021446541346,1.5091358686572458,0.6331001155033238,2,0,1,0,1,0,1,1,0,0,1,0,1,0,0,0,0,0,0,0,0,0,1,1,0,0,0,0
0,0.7129091684298279,0.19663399220782857,0.5240296568639072,0.15492915273841512,4,0,0,1,1,0,0,0,0,0,1,0,0,0,1,0,1,0,1,0,0,1,0,1,1,0,0,0
1,-1.285566089167874,-0.9459808305641573,-0.9943724431536186,-0.9428759364697556,1,0,0,0,0,1,0,0,0,0,0,0,0,0,0,0,0,0,1,0,0,0,0,1,0,1,0,1
1,0.34584228438127035,1.31430089308523,0.8133541468518473,1.1914685682417288,4,0,0,0,1,0,1,1,0,0,0,0,1,0,1,0,0,0,1,0,1,0,0,1,0,1,0,0
1,-0.10279501834474433,1.217835595092835,0.276749424112702,1.0730102245335613,3,1,1,0,1,0,1,1,0,0,0,0,0,0,0,0,1,0,1,0,1,0,0,1,0,1,0,0
0,-1.285566089167874,-0.3522202894730381,-0.9864974170080181,-0.35108960353810215,1,1,0,0,1,0,1,0,0,0,0,0,1,0,0,0,0,0,0,0,0,0,0,0,0,1,0,0
1,-0.14358022768347295,1.299332139948479,0.29755096376340556,1.238096490170566,3,1,1,1,1,0,1,1,0,0,0,0,0,0,1,0,0,0,1,0,1,0,0,1,0,1,0,0
0,-0.3882914837158446,0.8718910781545917,-0.04061192366531673,1.0174207958902555,6,0,1,1,1,0,1,0,0,0,1,0,1,0,1,0,1,0,1,0,1,0,1,1,1,0,0,0
0,1.1207612618171139,-1.4948351122450239,-0.4854957536498224,-1.4938284598741927,0,1,0,1,1,0,0,0,1,1,0,1,0,1,0,1,0,1,0,1,0,0,1,0,0,0,1,0
0,1.6101837738818572,-1.278619789158622,-0.16581822171133298,-1.2697582254116955,0,0,1,0,1,0,1,0,1,1,0,1,0,1,0,1,0,1,0,1,0,0,1,0,1,0,0,0
0,-0.4290766930545732,0.8153424551935331,-0.12743574133781851,0.8648828742886141,3,1,0,1,1,0,0,1,0,0,0,0,1,0,1,0,0,0,1,0,0,0,0,1,0,1,0,1
0,1.6101837738818572,0.33966874440344824,1.3438264962899371,0.3058751883310522,5,1,0,0,1,0,0,0,0,0,1,0,1,0,1,0,1,0,1,0,0,0,1,1,0,0,0,0
1,1.3654725178494855,1.4373773077651815,2.1830572237671544,1.484799276521832,4,0,0,0,1,0,1,1,0,0,0,0,1,0,1,0,0,0,1,0,1,1,0,0,0,0,0,0
0,1.6101837738818572,1.5055682942770472,2.5184406902033114,1.5318334221576018,5,0,1,0,1,0,1,1,0,0,0,0,1,0,1,0,1,0,1,0,1,0,1,1,0,1,0,0
1,0.590553540413642,0.5143041976655421,0.6774272249773667,0.5473999865109996,1,0,1,0,1,0,1,1,0,0,1,0,0,0,0,0,0,0,0,0,0,0,0,0,0,1,0,1
0,0.7536943777685564,1.5504745536872997,1.5056946807616893,1.556167508017701,5,0,0,0,1,0,1,1,0,0,0,0,1,0,1,0,1,0,1,0,1,1,0,1,0,1,0,0
0,1.5286133552044,1.3841550743900675,2.2529398087230703,1.3520425719098588,4,0,1,1,1,0,1,1,0,0,0,0,1,0,1,0,0,0,1,0,1,1,0,1,0,1,0,0
0,-0.9592844144580451,-1.4964983070379965,-0.9378354907413671,-1.544976628145316,0,1,0,0,1,0,0,0,1,1,0,1,0,1,0,1,0,1,0,1,0,1,0,1,0,1,0,0
0,1.0799760524783852,1.537168995343521,1.8815562227641678,1.5321861832163368,5,1,1,1,1,0,1,1,0,0,1,0,1,0,0,0,1,0,1,0,1,0,1,1,0,0,1,0
0,-1.2039956704904167,0.1933076026218841,-0.9109015777896077,0.3423668370120618,3,1,0,1,1,0,0,0,0,0,0,0,0,0,0,0,1,0,1,0,1,0,0,0,0,0,1,0
1,0.22348665636508452,-1.3318420225337362,-0.5887975672068156,-1.3174645580888114,0,1,1,0,0,1,0,0,0,0,0,0,0,0,0,0,0,0,0,0,0,0,0,1,0,1,0,0
0,0.18270144702635593,0.8752174677405367,0.4817427517627422,0.8793456941857938,3,0,0,0,1,0,1,1,0,0,1,0,1,0,1,0,0,0,0,0,0,0,0,0,0,0,0,0
0,0.18270144702635593,0.02366173373870686,0.01034412786503868,-0.07806773111130964,4,1,0,0,1,0,0,0,0,0,1,0,1,0,1,0,1,0,0,0,0,0,1,0,0,0,0,0
1,-0.347506274377116,-0.8062724679544823,-0.5987020118549238,-0.8620647775610216,2,0,1,0,0,1,0,0,0,0,0,0,0,0,1,0,0,0,0,0,1,0,0,1,1,0,0,1
0,-0.7553583677644021,-0.1809112257968886,-0.6659595880956396,-0.3021884919933296,3,0,1,1,1,0,0,0,0,0,1,0,1,0,0,0,1,0,0,0,0,0,0,0,0,0,0,0
0,1.6101837738818572,1.4989155151051579,2.4538522404713285,1.4644217203670675,5,1,1,0,1,0,1,1,0,0,1,0,1,0,0,0,1,0,1,0,1,0,1,1,1,0,0,0
0,0.8352647964460137,-0.14764732993744215,0.3943674616710808,-0.15945729753565813,5,1,1,0,0,1,0,0,0,0,0,0,1,0,1,0,1,0,1,0,1,1,0,1,0,1,0,1
0,-1.0000696237967737,0.665654923826024,-0.6729743172673508,1.0187631440148261,1,0,1,0,1,0,1,1,0,0,0,0,0,0,0,0,0,0,0,0,1,0,0,1,0,1,0,1
0,1.6101837738818572,-0.8777898440522921,0.20852125641426503,-0.8790558417418323,3,1,1,1,0,1,0,0,0,0,1,0,1,0,1,0,0,0,0,0,0,0,1,0,1,0,0,0
1,-0.6330027397482163,0.9201237271507892,-0.29808336672259317,0.9976644839739484,2,0,1,0,1,0,1,1,0,0,0,0,0,0,0,0,0,0,1,0,1,0,0,1,0,1,0,0
0,-1.2447808798291453,0.28810970582130635,-0.9463061070996599,0.2589310421729584,1,0,1,1,1,0,0,1,0,0,0,0,1,0,0,0,0,0,0,0,0,0,0,1,0,0,0,1
0,-1.0000696237967737,-1.4881823330731347,-0.9415193265013537,-1.5037882625362777,0,0,1,0,1,0,0,0,1,1,0,1,0,1,0,1,0,1,0,1,0,0,0,0,0,0,0,1
0,0.6313387497523706,-1.0041926483181887,-0.30258338166293625,-1.043095587389904,2,0,1,0,0,1,0,0,0,0,0,0,1,0,1,0,0,0,0,0,0,1,0,0,0,0,1,1
0,-0.9184992051193165,-1.3434843860845427,-0.8912691596675227,-1.255677283876487,0,0,0,0,1,0,1,0,1,1,0,1,0,1,0,1,0,1,0,1,0,0,0,1,0,0,1,0
0,-1.285566089167874,-1.4732135799363837,-1.0013651134285635,-1.468355677476294,0,1,0,0,1,0,0,0,1,1,0,1,0,1,0,1,0,1,0,1,0,0,0,0,0,0,1,0
0,-0.14358022768347295,-0.22914387479308607,-0.24523025007032842,-0.16840351061338796,3,0,0,0,1,0,0,0,0,0,1,0,0,0,1,0,1,0,0,0,0,1,0,0,1,0,0,0
1,1.324687308510757,1.4157557754565417,2.0987481203260208,1.44326878409694,4,0,1,1,1,0,1,1,0,0,0,0,1,0,1,0,0,0,1,0,1,1,0,1,0,1,0,0
0,-1.0000696237967737,0.020335344152762405,-0.7575922452632137,0.22391287331250675,3,0,0,0,1,0,1,0,0,0,1,0,1,0,1,0,0,0,0,0,0,0,0,1,0,0,0,0
0,1.1615464711558425,-1.3118836850180684,-0.33165700760103517,-1.3150896207313556,0,1,1,0,1,0,1,0,1,1,0,1,0,1,0,1,0,1,0,1,0,0,1,0,0,0,0,0
1,0.5089831217361848,1.1729293356825825,0.9571119770783955,1.1343990775575636,3,0,0,0,1,0,1,1,0,0,0,0,0,0,1,0,0,0,1,0,1,1,0,1,0,0,0,0
0,1.6101837738818572,1.3159640878782022,2.2802928407133907,1.2832757949272044,4,1,1,1,1,0,1,1,0,0,0,0,1,0,1,0,0,0,1,0,1,1,0,1,1,0,0,0
0,-0.8369287864418593,-1.4549184372136883,-0.8754308717892565,-1.3057663885265847,0,1,1,1,1,0,0,0,1,1,0,1,0,1,0,1,0,1,0,1,0,0,0,1,0,1,0,0
0,-1.0408548331355023,1.041536947037769,-0.7282318536671518,0.8784240581590352,2,1,0,0,1,0,1,1,0,0,0,0,0,0,0,0,0,0,1,0,1,0,0,0,0,1,0,0
0,-0.9592844144580451,-0.681532858481558,-0.856857280711958,-0.8688335754867105,0,1,0,0,1,0,0,0,0,0,0,0,0,0,0,0,0,0,0,0,0,0,0,1,0,0,1,0
1,0.4274127030587276,1.419082165042486,0.9898032620861817,1.3443545318494379,4,0,1,0,1,0,1,1,0,0,0,0,0,0,1,0,1,0,1,0,1,1,0,1,0,1,0,1
0,1.0391908431396566,0.9799987396977927,1.4441062409899348,1.0289163409033593,3,1,1,1,1,0,1,1,0,0,0,0,0,0,1,0,1,0,0,0,1,0,1,0,0,0,0,0
1,-0.6737879490869448,1.1263598814793574,-0.31006134766674165,1.1382186135299164,3,1,1,0,1,0,1,1,0,0,0,0,0,0,1,0,0,0,1,0,1,0,0,1,0,1,0,1
0,-1.2447808798291453,-1.4831927486942178,-0.992695966999373,-1.484103493058509,0,1,1,1,1,0,0,0,1,1,0,1,0,1,0,1,0,1,0,1,0,0,0,0,0,0,1,0
0,-1.0000696237967737,1.206193231542029,-0.6385844972085525,1.3418005715499968,4,0,1,0,1,0,0,1,0,0,0,0,1,0,1,0,0,0,1,0,1,0,0,0,0,1,0,1
0,0.30505707504254176,1.3592071524954825,0.8550895795338528,1.3534456667568455,4,0,1,0,1,0,1,1,0,0,1,0,0,0,1,0,0,0,1,0,1,1,0,0,0,0,0,0
0,-0.9592844144580451,0.5409153143530997,-0.6643713475284596,0.7383645387870557,1,1,0,0,1,0,1,1,0,0,1,0,0,0,0,0,0,0,0,0,0,0,0,1,0,1,0,0
0,0.34584228438127035,0.8203320395724497,0.6350300253923697,0.8646255870693923,3,1,0,0,1,0,0,1,0,0,0,0,1,0,0,0,1,0,1,0,0,1,0,1,0,1,0,0
0,-0.2659358556996588,-0.33725153633628707,-0.3897601416837001,-0.35733772470027625,2,0,0,0,1,0,0,0,0,0,0,0,1,0,1,0,0,0,0,0,0,0,0,1,1,0,0,0
0,0.01956060967144149,-0.3705154321957335,-0.19105359961208043,-0.285385798812306,2,0,1,0,1,0,0,0,0,0,0,0,1,0,0,0,1,0,0,0,0,1,0,1,1,0,0,0
0,1.4470429365269428,1.3592071524954825,2.220072052541153,1.4187600975454342,5,1,1,1,1,0,0,1,0,0,0,0,1,0,1,0,1,0,1,0,1,1,0,0,1,0,0,0
1,1.324687308510757,1.362533542081427,1.9566888251504844,1.2790324564055005,5,0,1,0,1,0,0,1,0,0,0,0,1,0,1,0,1,0,1,0,1,0,1,1,1,0,0,0
0,0.9168352151234709,-0.022907720464517903,0.5898313459180415,0.03517643378566036,3,1,0,0,1,0,0,0,0,0,0,0,1,0,0,0,1,0,0,0,1,1,0,1,0,1,0,0
0,-0.5106471117320305,0.7920577280919204,-0.23334050471324547,0.7685800843573757,2,1,0,0,1,0,1,1,0,0,0,0,0,0,1,0,0,0,1,0,0,0,0,1,0,1,0,1
0,-0.551432321070759,0.758793832232474,-0.24900232141738068,0.8603143818306157,2,1,0,0,1,0,0,1,0,0,0,0,0,0,0,0,1,0,0,0,1,1,0,1,1,0,0,0
0,0.5089831217361848,0.8120160656075881,0.8390307026879223,0.9372106405713733,2,0,0,0,1,0,1,1,0,0,0,0,0,0,1,0,0,0,0,0,1,0,0,1,1,0,0,0
0,1.5286133552044,-1.4881823330731347,-0.38786307656179075,-1.4829431276998197,0,0,1,1,1,0,0,0,1,1,0,1,0,1,0,1,0,1,0,1,0,0,1,1,1,0,0,0
0,-1.2447808798291453,0.4943458601498745,-0.9378796085348998,0.5755450186153837,1,0,0,0,1,0,0,1,0,0,0,0,0,0,0,0,0,0,1,0,0,0,0,1,0,1,0,1
0,-0.22515064636093016,0.986651518869682,0.1915800236976793,1.1942223582722231,2,0,0,0,1,0,1,1,0,0,0,0,0,0,0,0,0,0,1,0,1,0,0,1,0,0,1,1
0,-0.8369287864418593,-1.4915087226590795,-0.8937397561053582,-1.420421537063763,0,0,1,0,1,0,0,0,1,1,0,1,0,1,0,1,0,1,0,1,0,0,1,1,0,1,0,0
0,1.6101837738818572,0.07688396711382149,1.050597581574346,-0.00017117502330800714,6,1,0,1,0,1,0,0,0,0,1,0,1,0,1,0,1,0,1,0,1,0,1,0,1,0,0,0
0,-0.8369287864418593,0.986651518869682,-0.4927090128924312,1.0909406320999775,2,1,0,0,1,0,1,1,0,0,0,0,0,0,0,0,0,0,1,0,1,0,0,0,0,1,0,0
1,-1.1224252518129596,0.13842217445379726,-0.8699382064944259,-0.03944862149006024,0,0,0,0,1,0,0,1,0,0,0,0,0,0,0,0,0,0,0,0,0,0,0,1,0,0,1,1
1,1.5693985645431285,1.417418970249514,2.39259468415107,1.45051186332863,5,1,1,0,1,0,1,1,0,0,1,0,1,0,1,0,0,0,1,0,1,0,0,1,0,1,0,0
1,0.1011310283488987,0.2698145630986109,0.07980759378239323,0.18954592990846286,4,1,0,0,1,0,0,0,0,0,0,0,0,0,1,0,1,0,1,0,1,1,0,1,0,1,0,0
0,1.5286133552044,1.6585822152305008,2.4493963433245183,1.5629448960831,6,1,1,1,1,0,1,1,0,0,1,0,1,0,1,0,1,0,1,0,1,0,1,0,1,0,0,0
0,-0.06200980900601573,0.3712694454699225,-0.027597174573148035,0.2312319981268218,0,0,0,0,1,0,1,1,0,0,0,0,0,0,0,0,0,0,0,0,0,0,0,1,0,1,0,0
0,0.7944795871072851,1.043200141830741,1.1911348128730017,1.0302871021787345,3,1,1,1,1,0,1,1,0,0,0,0,0,0,1,0,1,0,0,0,1,0,1,1,0,0,0,1
1,0.18270144702635593,1.2045300367490563,0.6413388698675567,1.2034863648467455,3,1,0,0,1,0,1,1,0,0,0,0,0,0,1,0,0,0,1,0,1,0,0,1,0,1,0,1
0,1.4878281458656715,1.324280061843064,2.1750057264474227,1.3179386069015837,4,1,0,0,1,0,1,1,0,0,0,0,1,0,0,0,1,0,1,0,1,1,0,1,0,0,0,1
1,-0.10279501834474433,0.43280765280989875,0.0269544771301284,0.44729701873355643,0,1,1,0,1,0,1,1,0,0,0,0,0,0,0,0,0,0,0,0,0,0,0,0,0,0,1,0
0,0.01956060967144149,0.8569223250178412,0.3084921765595337,0.8521741108363001,2,0,0,0,1,0,1,1,0,0,1,0,0,0,0,0,0,0,0,0,1,0,0,1,0,1,0,0
1,0.8760500057847422,1.515547463034881,1.6709158175419325,1.5801205837771415,5,1,1,0,1,0,1,1,0,0,0,0,1,0,1,0,1,0,1,0,1,0,1,1,0,1,0,0
0,1.0799760524783852,0.12677981090299117,0.7855599369261987,0.13623575109796757,3,0,0,0,1,0,1,0,0,0,1,0,0,0,0,0,1,0,0,0,1,1,0,0,0,0,0,0
1,0.9168352151234709,-0.666564105344807,0.08324878167794977,-0.656973967832645,3,1,0,0,0,1,0,0,0,0,1,0,1,0,0,0,0,0,1,0,0,0,0,1,0,1,0,0
1,1.4878281458656715,-1.1671857380294763,-0.06884731152629289,-1.1258196674515502,1,1,1,0,0,1,0,0,0,0,0,0,0,0,1,0,0,0,0,0,0,1,0,1,1,0,0,0
0,1.3654725178494855,0.7987105072638099,1.6366583508637327,0.8626726545577771,2,0,0,0,1,0,1,1,0,0,0,0,1,0,0,0,0,0,1,0,0,1,0,1,0,0,0,0
0,0.18270144702635593,-0.20419595289850123,-0.038494269575743645,-0.1772588084911784,3,1,1,1,1,0,0,0,0,0,1,0,0,0,1,0,1,0,0,0,0,1,0,1,0,0,1,0
1,-0.9592844144580451,-1.4981615018309686,-0.9296516400410372,-1.4766440014669335,0,1,1,0,1,0,0,0,1,1,0,1,0,1,0,1,0,1,0,1,0,1,0,0,1,0,0,0
0,1.4878281458656715,0.7321827155449169,1.7222468703173168,0.8248433897773115,5,1,1,1,1,0,1,0,0,0,1,0,0,0,1,0,1,0,1,0,1,0,1,0,0,0,0,0
0,-0.9184992051193165,-0.17425844662499945,-0.7285627371186476,-0.03298372877736149,2,1,0,0,1,0,0,0,0,0,0,0,1,0,0,0,0,0,1,0,0,0,0,1,0,0,1,0
0,0.30505707504254176,-0.32061958840656385,-0.06668553964318706,-0.3782753062273994,2,1,0,1,1,0,0,0,0,0,1,0,1,0,0,0,0,0,0,0,0,0,0,1,0,0,1,1
0,-0.7961435771031307,0.050272850426264414,-0.643503631187457,-0.03014019608518829,2,1,0,1,1,0,0,0,0,0,0,0,0,0,0,0,0,0,1,0,1,0,0,0,1,0,0,0
0,-1.081640042474231,0.8386271822951452,-0.7804673212099578,0.7291552899085672,2,0,0,0,1,0,1,1,0,0,0,0,1,0,0,0,0,0,1,0,0,0,0,1,0,1,0,1
0,1.4878281458656715,-1.4881823330731347,-0.42037789039544615,-1.5086681634365635,0,0,1,1,1,0,0,0,1,1,0,1,0,1,0,1,0,1,0,1,0,0,1,0,0,0,0,0
1,1.3654725178494855,1.4373773077651815,2.1580644937308366,1.4563426974873028,5,0,1,0,1,0,1,1,0,0,0,0,1,0,1,0,1,0,1,0,1,1,0,1,1,0,0,0
0,-0.877713995780588,-0.3705154321957335,-0.7422171942170416,-0.3188404883745232,1,1,0,0,1,0,1,0,0,0,0,0,0,0,1,0,0,0,0,0,0,0,0,0,0,1,0,1
0,0.5497683310749134,-0.26573416023847723,0.119006253336264,-0.3061885092235947,3,1,1,1,1,0,0,0,0,0,1,0,0,0,1,0,1,0,0,0,0,1,0,0,0,0,1,0
0,-1.081640042474231,0.8120160656075881,-0.7556290034510053,1.0402437170238998,2,0,0,0,1,0,0,1,0,0,0,0,0,0,0,0,0,0,1,0,1,0,0,0,0,1,0,1
0,0.9576204244621995,1.4872731515543511,1.6158788701097955,1.3730001911433325,5,0,1,1,1,0,1,1,0,0,1,0,0,0,1,0,1,0,1,0,1,0,0,1,0,0,1,0
0,1.5286133552044,-1.3218628537759025,-0.22067869796933895,-1.3034653919139452,0,1,1,1,1,0,1,0,1,1,0,1,0,1,0,1,0,1,0,1,0,0,1,0,1,0,0,0
0,0.01956060967144149,0.4743875226342068,0.10634444659235757,0.39184561962284875,4,0,1,1,1,0,1,0,0,0,0,0,0,0,1,0,1,0,1,0,1,1,0,1,0,1,0,0
0,1.6101837738818572,0.061915213977070484,1.0896859466443851,0.04062579750839481,3,0,1,1,1,0,1,0,0,0,1,0,1,0,0,0,1,0,0,0,0,0,1,0,1,0,0,0
0,-1.2039956704904167,1.0082730511783224,-0.8812544205355828,1.085000666573353,2,0,1,0,1,0,1,1,0,0,0,0,0,0,0,0,0,0,1,0,1,0,0,1,0,1,0,1
0,-0.551432321070759,-0.5351717166999936,-0.5897240408710039,-0.48727985353166126,1,0,0,1,1,0,0,0,0,0,0,0,0,0,0,0,1,0,0,0,0,0,0,0,0,0,1,0
1,-1.1224252518129596,-0.6382897938642774,-0.9231001477014201,-0.8384430541876992,2,0,0,0,0,1,0,0,0,0,0,0,0,0,0,0,0,0,1,0,1,0,0,0,0,1,0,1
0,1.5693985645431285,0.5259465612163488,1.5064888010452793,0.5126471458526162,5,0,1,0,1,0,0,0,0,0,0,0,1,0,1,0,1,0,1,0,1,0,1,1,1,0,0,0
0,-1.0000696237967737,0.3197104068877806,-0.7413789561399188,0.37621082664050587,1,1,1,0,1,0,0,1,0,0,1,0,0,0,0,0,0,0,0,0,0,0,0,1,0,1,0,1
0,-1.285566089167874,-1.4748767747293563,-1.0013871723253298,-1.4700133422744222,0,1,0,0,1,0,0,0,1,1,0,1,0,1,0,1,0,1,0,1,0,0,0,0,1,0,0,0
0,-1.285566089167874,0.49101947056393,-0.9753135563474595,0.48934644911273406,1,0,0,0,1,0,0,1,0,0,0,0,0,0,0,0,0,0,1,0,0,0,0,1,0,1,0,1
0,1.1615464711558425,1.6702245787813068,2.074990688508621,1.6497118078022506,6,0,0,0,1,0,1,1,0,0,1,0,1,0,1,0,1,0,1,0,1,1,0,1,0,0,1,0
0,1.5693985645431285,-0.17259525183202698,0.8083688361826435,-0.2262511010650068,5,0,1,1,0,1,0,0,0,0,1,0,1,0,0,0,1,0,1,0,1,0,1,0,0,0,0,0
0,1.4470429365269428,0.7172139624081659,1.532033003500756,0.658403881098276,2,0,1,0,1,0,1,1,0,0,0,0,1,0,1,0,0,0,0,0,0,1,0,0,1,0,0,0
0,0.5497683310749134,-1.037456544177635,-0.33198789105253096,-1.0429484396089108,2,1,0,0,0,1,0,0,0,0,0,0,0,0,1,0,1,0,0,0,0,1,0,0,1,0,0,0
0,0.01956060967144149,0.5059882237006805,0.13806514014242302,0.46407961900793626,1,1,0,0,1,0,1,1,0,0,1,0,0,0,0,0,0,0,0,0,0,1,0,0,0,0,0,0
0,0.8352647964460137,1.3026585295344235,1.4453194803120861,1.3306582492040897,5,0,1,1,1,0,1,1,0,0,1,0,1,0,1,0,1,0,0,0,1,0,1,1,0,0,0,0
1,0.7129091684298279,1.4589988400738219,1.3859810480105035,1.450394192475354,5,0,1,0,1,0,1,1,0,0,1,0,1,0,1,0,0,0,1,0,1,0,0,0,0,0,0,0
0,0.9984056338009281,-0.7913037148177312,-0.014163306442418052,-0.8378323355778625,3,0,0,0,0,1,0,0,0,0,1,0,0,0,1,0,1,0,0,0,0,1,0,1,1,0,0,0
0,0.8760500057847422,-1.4815295539012454,-0.5285326612410447,-1.4806653734772068,0,0,1,1,1,0,0,0,1,1,0,1,0,1,0,1,0,1,0,1,0,0,1,1,0,0,0,0
1,1.1207612618171139,1.3641967368743997,1.8136368796204607,1.3857286887003857,4,0,1,0,1,0,1,1,0,0,0,0,1,0,1,0,0,0,1,0,1,0,0,1,0,1,0,0
1,-0.18436543702220157,1.2111828159209457,0.23022721083239037,1.1784613866201816,3,0,1,0,1,0,1,1,0,0,0,0,0,0,0,0,1,0,1,0,1,0,0,1,1,0,0,1
0,-1.285566089167874,0.5043250289077084,-0.9751370851733284,0.5026077674977568,1,0,1,1,1,0,0,1,0,0,0,0,0,0,0,0,0,0,1,0,0,0,0,1,0,0,1,1
0,-0.14358022768347295,0.8086896760216437,0.17999910289532578,0.9334862933007902,2,1,1,1,1,0,1,1,0,0,0,0,0,0,1,0,0,0,0,0,1,0,0,1,0,1,0,1
0,-0.9184992051193165,0.020335344152762405,-0.7382907105926245,-0.10608674637480124,3,0,1,1,1,0,0,0,0,0,0,0,1,0,0,0,1,0,0,0,1,0,0,1,0,1,0,0
0,0.4274127030587276,-0.8129252471263714,-0.1665461653046238,-0.6764930584450196,3,1,0,1,0,1,0,0,0,0,1,0,1,0,1,0,0,0,0,0,0,0,0,1,0,1,0,0
1,-0.7961435771031307,0.18499162865702248,-0.6358491940095206,0.01410670275714817,0,1,1,0,1,0,0,1,0,0,0,0,0,0,0,0,0,0,0,0,0,0,0,0,0,0,0,0
0,0.4274127030587276,0.46274515908340025,0.5161546307183069,0.5166015424214879,5,0,1,0,1,0,0,0,0,0,1,0,0,0,1,0,1,0,1,0,1,0,1,1,0,1,0,0
0,-0.551432321070759,0.6240750540017159,-0.3637968201896619,0.4062887181749578,1,1,1,1,1,0,1,1,0,0,0,0,0,0,0,0,0,0,0,0,1,0,0,1,0,1,0,1
0,-1.285566089167874,0.8386271822951452,-0.9707032469232847,0.8357983919214609,2,1,1,1,1,0,0,1,0,0,0,0,0,0,0,0,0,0,1,0,1,0,0,1,0,1,0,0
0,1.4878281458656715,0.58415837897038,1.4404224052299484,0.5179111367210534,5,0,0,0,1,0,0,0,0,0,1,0,0,0,1,0,1,0,1,0,1,0,1,1,1,0,0,0
0,1.1615464711558425,-1.48485594348719,-0.44627503519918527,-1.4562900517325437,0,0,1,0,1,0,0,0,1,1,0,1,0,1,0,1,0,1,0,1,0,0,1,0,1,0,0,0
0,0.4274127030587276,0.045283266047347254,0.27220529137882604,0.09027328654948183,3,1,1,0,1,0,1,0,0,0,1,0,1,0,0,0,1,0,0,0,0,0,0,0,0,0,0,0
0,-1.081640042474231,-1.509803865381775,-0.9459090469578648,-1.3429257077512842,0,0,1,0,1,0,0,0,1,1,0,1,0,1,0,1,0,1,0,1,0,0,0,0,0,0,0,1
0,-1.285566089167874,-0.4536751718443497,-0.9878430097107678,-0.45220715622390284,1,1,0,0,1,0,0,0,0,0,0,0,0,0,0,0,1,0,0,0,0,0,0,0,0,0,1,1
0,0.9576204244621995,0.8253216239513669,1.1746788758852764,0.7809474477976938,2,1,1,0,1,0,0,1,0,0,0,0,0,0,0,0,0,0,1,0,1,0,0,0,0,0,1,0
0,1.5286133552044,-0.01126535691371183,0.9770091019616769,-0.017709531708897566,6,0,1,0,0,1,0,0,0,0,1,0,1,0,1,0,1,0,1,0,1,0,1,0,0,0,0,0
0,-1.285566089167874,-0.6416161834502222,-0.9903356650453696,-0.6395232784123533,0,1,0,0,1,0,0,0,0,0,0,0,0,0,0,0,0,0,0,0,0,0,0,1,0,1,0,1
0,0.6721239590910992,0.9567140125961805,0.9837370654754252,0.907010318453281,3,1,1,1,1,0,1,1,0,0,0,0,1,0,1,0,0,0,1,0,0,1,0,1,0,1,0,0
0,-1.081640042474231,-0.5068974052194641,-0.8925044578864405,-0.6740579617066842,1,0,0,0,1,0,0,0,0,0,0,0,0,0,0,0,1,0,0,0,0,0,0,1,0,0,0,1
0,-0.02122459966728712,0.2897729006142786,0.011689720567788204,0.24903685540913245,5,0,1,1,1,0,0,0,0,0,1,0,1,0,1,0,1,0,0,0,1,0,1,0,0,0,1,0
1,1.6101837738818572,1.4922627359332683,2.5522128611526513,1.5670818222400156,5,0,1,0,1,0,1,1,0,0,1,0,0,0,1,0,1,0,1,0,1,0,1,1,0,0,1,0
0,0.18270144702635593,-0.11438343407799567,0.005292640505535792,-0.0883273321591825,3,1,0,1,1,0,0,0,0,0,1,0,1,0,0,0,1,0,0,0,0,0,1,0,1,0,0,0
0,1.4878281458656715,1.380828684804123,2.188924890307013,1.3330978313598254,5,0,1,0,1,0,0,1,0,0,1,0,1,0,0,0,1,0,1,0,1,1,0,1,1,0,0,0
0,-0.2659358556996588,0.5658632362476846,-0.0934429814208151,0.4991011688863326,5,0,1,0,1,0,0,0,0,0,0,0,1,0,1,0,1,0,1,0,1,0,0,0,0,0,0,0
0,1.0391908431396566,1.3409120097727871,1.7360557396930751,1.4071782995796092,4,0,1,1,1,0,1,1,0,0,0,0,1,0,1,0,0,0,1,0,1,1,0,1,1,0,0,0
0,-0.347506274377116,-0.342241120715204,-0.46240008873541455,-0.43528516140968077,1,1,0,0,1,0,1,0,0,0,0,0,0,0,0,0,1,0,0,0,0,1,0,0,0,0,0,0
0,-1.1224252518129596,-1.4748767747293563,-0.9665782332279702,-1.49189451760971,0,1,1,1,1,0,0,0,1,1,0,1,0,1,0,1,0,1,0,1,0,1,0,0,0,1,0,0
0,-0.7145731584256735,-1.4931719174520517,-0.883372074625156,-1.514659780837333,0,1,1,1,1,0,0,0,1,1,0,1,0,1,0,1,0,1,0,1,0,0,0,1,0,1,0,1
0,-0.10279501834474433,-1.5031510862098856,-0.7460775011511595,-1.4890764874528926,0,0,1,1,1,0,0,0,1,1,0,1,0,1,0,1,0,1,0,1,0,0,1,0,0,0,1,0
0,0.9168352151234709,0.038630486875457865,0.5169487510018967,-0.0644040115418765,3,0,1,0,1,0,1,0,0,0,1,0,1,0,0,0,1,0,0,0,0,1,0,1,1,0,0,0
0,-0.30672106503838736,-1.0274773754198012,-0.6341286000617422,-1.020123116062515,1,0,1,0,0,1,0,0,0,0,0,0,0,0,0,0,0,0,1,0,0,0,0,1,0,0,0,1
1,-0.9184992051193165,0.9184605323578169,-0.5983490695066616,0.9455358015575267,4,1,1,0,1,0,0,1,0,0,0,0,1,0,1,0,1,0,1,0,0,0,0,1,0,0,1,1
0,0.4681979123974562,-0.3605362634378997,0.03743245309416252,-0.3616383795261887,5,1,1,1,0,1,0,0,0,0,1,0,1,0,1,0,1,0,0,0,1,0,1,1,1,0,0,0
0,0.590553540413642,-0.1992063685195843,0.2306022120774191,-0.1670182720183272,3,0,0,0,1,0,0,0,0,0,1,0,1,0,0,0,1,0,0,0,0,1,0,1,0,0,1,0
0,-0.7961435771031307,0.7804153645411139,-0.47098099957753936,0.9671364490039009,2,0,1,1,1,0,0,1,0,0,0,0,0,0,0,0,0,0,1,0,1,0,0,0,0,1,0,1
0,0.6721239590910992,1.432387723386265,1.3247896683805442,1.430054307103387,5,0,1,1,1,0,1,1,0,0,0,0,1,0,1,0,1,0,1,0,1,0,1,1,0,0,0,1
0,1.2839020991720282,1.0648216741393814,1.775298517040479,1.1196475875883902,4,0,1,0,1,0,0,1,0,0,1,0,0,0,0,0,1,0,1,0,1,1,0,1,0,0,1,0
0,-1.285566089167874,-1.5231094237255534,-1.002026880331555,-1.5180856214201306,0,1,0,0,1,0,0,0,1,1,0,1,0,1,0,1,0,1,0,1,0,0,0,0,0,0,1,0
0,-0.5106471117320305,-0.4952550416686578,-0.567929850865813,-0.48859289854280996,1,1,0,0,1,0,0,0,0,0,0,0,0,0,0,0,1,0,0,0,0,0,0,0,0,0,1,0
0,0.18270144702635593,-0.6482689626221115,-0.30761281012567265,-0.7238401743603716,3,0,1,0,0,1,0,0,0,0,1,0,0,0,0,0,1,0,1,0,0,0,1,0,0,1,0,0
0,-0.10279501834474433,0.6839500665487195,0.09688117987957717,0.6224569324024025,1,1,1,1,1,0,1,1,0,0,0,0,0,0,0,0,0,0,1,0,0,0,0,0,0,1,0,0
0,0.22348665636508452,0.6390438071384664,0.39586746665119515,0.6297681066173038,5,0,0,0,1,0,1,0,0,0,1,0,1,0,1,0,0,0,1,0,1,1,0,0,0,0,0,0
1,-1.285566089167874,0.31804721209480835,-0.977607681611164,0.31694931010743427,0,0,0,0,1,0,1,1,0,0,0,0,0,0,0,0,0,0,0,0,0,0,0,1,0,0,1,1
0,0.18270144702635593,-0.004612577741822443,0.024197115034329947,-0.0499322312944369,2,0,0,0,1,0,0,0,0,0,0,0,0,0,0,0,0,0,1,0,1,0,0,1,0,1,0,1
0,0.7944795871072851,0.045283266047347254,0.4587132635386334,-0.028163749595112995,6,0,1,0,0,1,0,0,0,0,1,0,1,0,1,0,1,0,1,0,1,0,1,0,1,0,0,0
0,1.5693985645431285,0.3995437569504523,1.4260400045382635,0.4274992089684979,5,1,0,1,1,0,0,0,0,0,1,0,1,0,1,0,1,0,1,0,0,0,1,1,1,0,0,0
0,-0.2659358556996588,0.8286480135373113,0.019829453474585357,0.8264899665165892,3,1,0,0,1,0,0,1,0,0,0,0,1,0,1,0,0,0,1,0,0,0,0,0,0,1,0,1
0,1.3654725178494855,0.323036796473725,1.1064948259803722,0.2590315067061782,4,1,0,0,1,0,1,0,0,0,1,0,1,0,1,0,0,0,0,0,1,0,1,1,1,0,0,0
0,1.6101837738818572,1.731762786121283,2.781206268484521,1.8060848537589809,6,1,1,0,1,0,1,1,0,0,1,0,1,0,1,0,1,0,1,0,1,0,1,1,1,0,0,0
0,-0.30672106503838736,-0.8062724679544823,-0.5822681337639649,-0.8642363184465692,2,1,0,1,0,1,0,0,0,0,1,0,0,0,0,0,0,0,1,0,0,1,0,1,1,0,0,0
0,1.4878281458656715,1.6452766568867219,2.37152843773917,1.5319695588801534,6,1,1,1,1,0,1,1,0,0,1,0,1,0,1,0,1,0,1,0,1,0,1,1,0,0,0,0
0,0.8352647964460137,0.16004370676243765,0.615750549618547,0.15443560650229338,3,1,1,1,1,0,1,0,0,0,1,0,1,0,0,0,0,0,0,0,1,0,1,0,0,0,0,0
0,-0.8369287864418593,1.0182522199361563,-0.5184738043155719,0.9295945917488639,3,0,0,0,1,0,0,1,0,0,0,0,0,0,1,0,0,0,1,0,1,1,0,0,0,0,1,1
0,-0.2659358556996588,1.1230334918934128,0.10881504303019296,1.083683035579969,4,1,0,0,1,0,0,1,0,0,0,0,0,0,1,0,1,0,1,0,1,0,0,1,0,1,0,0
0,-0.46986190239330183,-0.10773065490610653,-0.39562780822355925,0.04880229490550946,2,1,0,0,1,0,0,0,0,0,0,0,0,0,1,0,0,0,0,0,1,0,0,0,0,0,1,0
0,-1.285566089167874,0.8136792604005604,-0.9710341303747805,0.8109334199495427,2,0,0,1,1,0,0,1,0,0,0,0,0,0,0,0,0,0,1,0,1,0,0,1,0,1,0,0
0,0.6313387497523706,1.0149258303502118,0.9507148970161431,0.9190269786607984,3,1,0,0,1,0,1,1,0,0,1,0,0,0,0,0,1,0,0,0,1,0,0,1,0,1,0,0
0,-0.2659358556996588,-0.9809079212165762,-0.5787166513845765,-0.9034745193450237,2,0,1,0,0,1,0,0,0,0,1,0,0,0,1,0,0,0,0,0,0,1,0,0,1,0,0,0
0,1.1207612618171139,-1.4948351122450239,-0.4553853595637033,-1.4561165857167833,0,1,1,0,1,0,0,0,1,1,0,1,0,1,0,1,0,1,0,1,0,0,1,0,0,0,1,0
0,-0.5922175304094877,-1.5181198393466364,-0.8642690700254644,-1.5410166511275665,0,1,0,0,1,0,0,0,1,1,0,1,0,1,0,1,0,1,0,1,0,0,0,0,0,0,1,0
1,-0.9184992051193165,-1.1721753224083933,-0.881894128541808,-1.185226529956052,1,0,0,0,0,1,0,0,0,0,0,0,0,0,0,0,1,0,0,0,0,0,0,1,0,1,0,1
0,-1.1224252518129596,0.6523493654822452,-0.8102688907413474,0.8573480342971236,2,1,1,1,1,0,1,1,0,0,1,0,0,0,1,0,0,0,0,0,0,0,0,1,0,1,0,1
0,-1.1632104611516882,-1.4798663591082732,-0.9730635488772881,-1.4488781160982915,0,0,0,1,1,0,0,0,1,1,0,1,0,1,0,1,0,1,0,1,0,1,0,1,0,0,1,0
0,1.324687308510757,-1.335168412119681,-0.25378910201568683,-1.2765256065298645,0,1,1,1,1,0,1,0,1,1,0,1,0,1,0,1,0,1,0,1,0,0,1,0,1,0,0,0
0,1.5286133552044,-1.315210074604013,-0.2537670431189204,-1.3389867804452569,0,1,1,1,1,0,1,0,1,1,0,1,0,1,0,1,0,1,0,1,0,0,1,0,0,0,1,0
0,-0.5922175304094877,0.8585855198108133,-0.30578192169406243,0.790580979928084,2,1,0,0,1,0,1,1,0,0,0,0,0,0,1,0,0,0,0,0,1,0,0,1,1,0,0,1
0,1.2023316804945712,-1.4931719174520517,-0.45893684194309176,-1.4828468761954123,0,1,0,1,1,0,0,0,1,1,0,1,0,1,0,1,0,1,0,1,0,0,1,0,0,0,0,0
0,1.3654725178494855,-0.17093205703905476,0.7528465930216461,-0.14363034243906703,2,0,1,1,1,0,0,0,0,0,1,0,0,0,0,0,0,0,1,0,0,0,1,1,0,1,0,0
0,1.324687308510757,0.5858215737633523,1.290333671631447,0.508651868377085,5,0,1,1,1,0,1,0,0,0,1,0,1,0,0,0,1,0,1,0,1,0,1,1,0,0,0,0
1,-1.2039956704904167,0.18000204427810534,-0.9065559751266294,0.4512201587557926,0,0,0,0,1,0,0,1,0,0,0,0,0,0,0,0,0,0,0,0,0,0,0,1,0,1,0,1
0,0.060345819010170096,-1.4815295539012454,-0.7134523928336721,-1.4948783142463404,0,0,0,0,1,0,0,0,1,1,0,1,0,1,0,1,0,1,0,1,0,0,0,0,0,0,1,0
0,-0.6737879490869448,0.8619119093967579,-0.37418656056663047,0.8370416405200571,2,1,1,1,1,0,1,1,0,0,0,0,0,0,1,0,0,0,1,0,0,0,0,1,0,0,0,0
0,0.8760500057847422,1.299332139948479,1.4773710573136476,1.3107807515776224,4,0,0,0,1,0,1,1,0,0,1,0,0,0,1,0,0,0,1,0,1,1,0,1,0,0,0,1
1,0.7129091684298279,1.3325960358079254,1.2935322116625732,1.3114487290962755,4,0,0,0,1,0,1,1,0,0,0,0,0,0,1,0,1,0,1,0,1,0,0,1,0,1,0,0
0,1.5693985645431285,1.3425752045657593,2.2065058310298244,1.25355326844121,5,1,1,0,1,0,0,1,0,0,0,0,1,0,1,0,1,0,1,0,1,0,1,1,0,1,0,0
0,-0.9184992051193165,0.3280263808526422,-0.6576654429114778,0.4997897373409396,0,0,0,0,1,0,1,1,0,0,0,0,0,0,0,0,0,0,0,0,0,0,0,1,0,1,0,1
0,-1.285566089167874,-0.4686439249811007,-0.9880415397816652,-0.46712613940705383,1,0,0,0,1,0,0,0,0,0,0,0,0,0,0,0,1,0,0,0,0,0,0,1,0,1,0,1
0,-0.5922175304094877,-1.3684323079791274,-0.8231733453496842,-1.3694483445213308,0,1,0,0,1,0,1,0,1,1,0,1,0,1,0,1,0,1,0,1,0,1,0,0,0,0,1,0
0,-1.1632104611516882,-0.11937301845691284,-0.9004236018255736,-0.08420557103951308,2,1,0,0,1,0,0,0,0,0,0,0,0,0,0,0,1,0,1,0,0,0,0,1,0,1,0,0
0,1.0391908431396566,0.36295347150506085,0.937678089027208,0.3727668851202576,4,0,1,1,1,0,1,0,0,0,1,0,0,0,1,0,1,0,1,0,0,0,1,0,0,0,1,0
0,0.9576204244621995,1.1014119595847724,1.3148190470421373,0.9690035989138803,3,0,1,0,1,0,1,1,0,0,1,0,0,0,0,0,0,0,1,0,1,1,0,1,0,1,0,0
0,-1.2447808798291453,0.5109778080795977,-0.9466811083446884,0.24484089138887152,1,1,0,0,1,0,0,1,0,0,0,0,0,0,0,0,0,0,1,0,0,0,0,1,0,1,0,1
0,-0.02122459966728712,0.4660715486693452,0.06952814788925651,0.38486176480573564,1,1,1,0,1,0,1,1,0,0,0,0,0,0,1,0,0,0,0,0,0,0,0,1,0,1,0,1
0,0.9576204244621995,-0.42872724994976485,0.2623008467307181,-0.4433860114052937,4,1,1,1,0,1,0,0,0,0,1,0,1,0,0,0,1,0,1,0,0,1,0,1,0,0,1,0
0,0.14191623768762732,0.6606653394471068,0.3352055005436292,0.6576454723671064,1,1,0,0,1,0,1,1,0,0,0,0,0,0,0,0,0,0,0,0,1,0,0,1,0,1,0,1
0,-1.1632104611516882,-0.016254941292628517,-0.8988353612583937,-0.054367604673211264,2,0,0,0,1,0,1,0,0,0,0,0,0,0,0,0,1,0,1,0,0,0,0,1,0,0,1,0
0,0.8352647964460137,0.6839500665487195,0.9824576494629748,0.6743793726169703,1,1,0,0,1,0,1,1,0,0,0,0,0,0,0,0,0,0,1,0,0,0,0,0,0,0,0,1
0,-0.9184992051193165,-0.634963404278333,-0.8180115635063494,-0.7051668044182177,0,1,0,0,1,0,0,0,0,0,0,0,0,0,0,0,0,0,0,0,0,0,0,1,1,0,0,0
0,-1.1632104611516882,-1.1439010109278638,-0.9582179113535092,-1.1699760138132755,1,1,0,0,0,1,0,0,0,0,0,0,0,0,0,0,1,0,0,0,0,0,0,0,0,1,0,0
0,-1.285566089167874,-1.4964983070379965,-1.0016739379832929,-1.4915629846500846,0,1,1,1,1,0,0,0,1,1,0,1,0,1,0,1,0,1,0,1,0,0,0,0,0,0,1,1
0,0.7536943777685564,0.14174856403974218,0.5996696138758504,0.22116228736071136,0,0,1,0,1,0,0,1,0,0,0,0,0,0,0,0,0,0,0,0,0,0,0,0,0,0,1,0
1,-0.8369287864418593,1.14964460858097,-0.48097367981271294,1.1644304381503137,3,1,0,0,1,0,1,1,0,0,0,0,0,0,1,0,0,0,1,0,1,0,0,1,0,1,0,1
0,-1.081640042474231,-0.5202029635632426,-0.8976882986265416,-0.7389831663000263,3,0,0,0,0,1,0,0,0,0,0,0,0,0,0,0,1,0,1,0,1,1,0,1,0,0,1,0
0,1.2431168898332998,-0.8495155325717626,0.04618983511041857,-0.890935772795082,3,1,1,1,0,1,0,0,0,0,0,0,1,0,1,0,1,0,0,0,0,0,1,0,0,0,0,0
0,-1.285566089167874,0.18998121303593918,-0.9793062166621758,0.18930912065158711,0,0,0,0,1,0,0,1,0,0,0,0,0,0,0,0,0,0,0,0,0,0,0,1,0,1,0,1
0,0.6313387497523706,1.3375856201868421,1.232296714239081,1.359862210912932,4,0,1,0,1,0,1,1,0,0,0,0,1,0,0,0,1,0,1,0,1,0,0,1,1,0,0,0
0,-1.1224252518129596,0.5359257299741825,-0.8385704552926228,0.43199124709750925,1,0,0,0,1,0,0,1,0,0,0,0,0,0,0,0,0,0,1,0,0,0,0,1,1,0,0,1
0,0.1011310283488987,-1.489845527866107,-0.7261141995775786,-1.5408193100801701,0,0,0,1,1,0,0,0,1,1,0,1,0,1,0,1,0,1,0,1,0,1,0,1,1,0,0,0
0,-1.081640042474231,0.6639917290330513,-0.7794967297522367,0.7413114984281719,2,1,0,0,1,0,0,1,0,0,0,0,1,0,0,0,0,0,1,0,0,0,0,1,0,1,0,1
0,-1.2447808798291453,-1.5014878914169132,-0.9931150860379343,-1.499851308640724,0,1,0,0,1,0,0,0,1,1,0,1,0,1,0,1,0,1,0,1,0,0,0,0,0,0,1,0
0,0.7129091684298279,-1.5014878914169132,-0.5741063419604016,-1.495508226869629,0,0,0,0,1,0,0,0,1,1,0,1,0,1,0,1,0,1,0,1,0,1,0,0,0,0,0,0
0,0.01956060967144149,0.18332843386405026,0.051064851295790116,0.26596355949834916,0,0,0,0,1,0,0,1,0,0,0,0,0,0,0,0,0,0,0,0,0,0,0,1,0,0,0,0
0,-0.06200980900601573,-1.4782031643153006,-0.7287392082927787,-1.4684091505342984,0,1,0,0,1,0,0,0,1,1,0,1,0,1,0,1,0,1,0,1,0,0,1,0,0,0,1,0
0,-0.9592844144580451,-1.4815295539012454,-0.9261442754551816,-1.447358590033341,0,0,1,1,1,0,0,0,1,1,0,1,0,1,0,1,0,1,0,1,0,0,1,0,0,0,1,0
0,0.8760500057847422,0.7088979884433043,0.9854576594232036,0.6262265849433308,5,0,1,1,1,0,1,0,0,0,0,0,1,0,1,0,1,0,1,0,1,0,0,1,0,1,0,0
0,0.5497683310749134,1.0232418043150735,1.047288747059388,1.2102864915333074,4,0,0,0,1,0,0,1,0,0,1,0,1,0,1,0,0,0,1,0,0,1,0,1,1,0,0,0
0,0.060345819010170096,1.2943425555695618,0.5207869990392483,1.2330528853081077,4,1,0,1,1,0,1,1,0,0,1,0,1,0,0,0,0,0,1,0,1,1,0,1,0,1,0,0
0,1.5693985645431285,1.0748008428972153,2.0382185075990527,1.0754360185127931,3,1,1,1,1,0,1,1,0,0,1,0,0,0,0,0,0,0,1,0,1,0,1,1,0,1,0,0
0,1.2431168898332998,-0.04452925277315829,0.7605230890963488,-0.0388697544176983,4,0,1,1,1,0,0,0,0,0,1,0,1,0,1,0,1,0,0,0,0,0,1,0,0,0,1,0
0,0.7536943777685564,-1.3285156329477916,-0.4422161981941699,-1.3140303350937221,0,0,0,0,1,0,1,0,1,1,0,1,0,1,0,1,0,1,0,1,0,0,1,0,0,0,0,0
1,-0.2659358556996588,0.8070264812286715,-0.005604454497059613,0.7529789083534568,2,0,0,0,1,0,1,1,0,0,0,0,1,0,0,0,0,0,1,0,0,0,0,1,0,1,0,1
0,1.2839020991720282,1.134675855444219,1.8024089011663693,1.1514799319149396,4,0,1,0,1,0,0,1,0,0,1,0,0,0,1,0,0,0,1,0,1,0,1,1,0,0,0,0
1,-1.285566089167874,-1.3335052173267088,-0.9995121661001868,-1.3291118344335522,0,0,1,0,0,1,0,0,0,0,0,0,0,0,0,0,0,0,0,0,0,0,0,1,0,1,0,1
1,1.1615464711558425,0.6872764561346639,1.306502842961209,0.702994984241937,2,1,1,0,1,0,1,1,0,0,0,0,1,0,0,0,1,0,0,0,0,1,0,1,0,0,0,0
0,-0.7145731584256735,0.9683563761469866,-0.3462820561571501,1.176061719483844,3,0,0,0,1,0,0,1,0,0,0,0,0,0,1,0,0,0,1,0,1,0,0,1,1,0,0,0
0,1.2839020991720282,1.3558807629095382,2.0350420264646933,1.4246320094314497,4,1,0,0,1,0,1,1,0,0,0,0,1,0,0,0,1,0,1,0,1,1,0,1,1,0,0,1
0,-0.5922175304094877,-0.4852758729108239,-0.6075255705614788,-0.46915217416032123,0,0,0,0,1,0,1,0,0,0,0,0,0,0,0,0,0,0,0,0,0,0,0,1,0,1,0,0
0,0.9984056338009281,1.001620272006433,1.4318194354910572,1.0685112641077648,3,0,1,1,1,0,0,1,0,0,0,0,1,0,0,0,0,0,1,0,1,1,0,1,0,1,0,0
0,-0.7553583677644021,-0.11604662887096814,-0.6506507137397666,-0.2200156798575618,3,1,1,1,1,0,0,0,0,0,1,0,1,0,0,0,0,0,0,0,1,0,1,1,0,0,0,0
1,-0.5922175304094877,0.5209569768374316,-0.38766454649089327,0.4487336615586011,1,1,0,0,1,0,1,1,0,0,0,0,1,0,0,0,0,0,0,0,0,0,0,1,1,0,0,0
1,1.6101837738818572,0.4527659903255664,1.4611357092935862,0.4283121521705529,1,0,1,0,1,0,1,1,0,0,1,0,0,0,0,0,0,0,0,0,0,0,1,0,0,0,0,0
0,1.5286133552044,1.6436134620937497,2.6267498733262746,1.7533395386109305,6,1,1,0,1,0,1,1,0,0,1,0,1,0,1,0,1,0,1,0,1,0,1,0,1,0,0,0
0,0.22348665636508452,-1.4915087226590795,-0.6833199398507867,-1.5043880754566528,0,0,0,0,1,0,0,0,1,1,0,1,0,1,0,1,0,1,0,1,0,0,1,0,0,0,1,0
0,1.4470429365269428,-0.07446675904666006,0.9200530305108643,-0.017898979114397588,4,1,1,1,1,0,0,0,0,0,1,0,1,0,1,0,1,0,0,0,0,0,1,0,1,0,0,0
0,-0.7961435771031307,0.5309361455952655,-0.5654371955312112,0.42112716703593284,1,1,0,0,1,0,0,1,0,0,0,0,0,0,0,0,0,0,0,0,1,0,0,1,0,1,0,1
1,1.324687308510757,0.9251133115297063,1.6226730103138427,0.8928730660477715,3,1,1,0,1,0,1,1,0,0,1,0,1,0,0,0,0,0,1,0,0,0,1,1,1,0,0,0
0,-0.10279501834474433,1.1829085044404164,0.3558305690202016,1.271101167909843,3,0,0,0,1,0,1,1,0,0,0,0,0,0,1,0,0,0,1,0,1,0,0,0,0,1,0,0
0,0.7536943777685564,0.3429951339893932,0.7106920413010793,0.3847510506739983,3,1,1,0,1,0,1,0,0,0,0,0,0,0,0,0,1,0,1,0,1,0,1,1,0,0,0,0
0,-0.06200980900601573,0.6606653394471068,0.1425210372892333,0.6436162214546354,2,0,0,0,1,0,1,1,0,0,1,0,0,0,1,0,0,0,0,0,0,0,0,1,1,0,0,0
0,-0.9592844144580451,0.8170056499865053,-0.6340844822682095,0.9912505129903425,2,0,1,0,1,0,0,1,0,0,0,0,0,0,0,0,0,0,1,0,1,0,0,0,0,1,0,1
0,1.6101837738818572,0.4860298861850129,1.4873637375488211,0.4556866444618594,5,0,1,1,1,0,1,0,0,0,1,0,1,0,1,0,1,0,0,0,1,0,1,1,0,0,0,0
0,-0.9184992051193165,0.24154025161808157,-0.6600478037622477,0.4818869575211583,2,1,0,0,1,0,1,0,0,0,0,0,0,0,0,0,0,0,1,0,1,0,0,1,1,0,0,1
0,0.18270144702635593,-1.499824696623941,-0.7038126549467607,-1.528524429473206,0,0,0,0,1,0,0,0,1,1,0,1,0,1,0,1,0,1,0,1,0,1,0,1,0,1,0,0
0,-1.2447808798291453,0.382911809020729,-0.9395119668956124,0.5142114210846522,4,0,0,0,1,0,0,0,0,0,0,0,0,0,1,0,1,0,1,0,1,0,0,0,0,1,0,1
0,0.9168352151234709,1.1978772575771675,1.4389885769401332,1.1953910956753477,4,1,0,0,1,0,0,1,0,0,1,0,1,0,0,0,0,0,1,0,1,1,0,1,0,0,1,0
0,0.01956060967144149,1.011599440764267,0.4344705359923735,1.1390505854456436,3,1,0,1,1,0,1,1,0,0,1,0,0,0,1,0,0,0,0,0,1,0,0,1,0,0,0,0
0,0.5497683310749134,0.8669014937756749,0.8586410619132412,0.9021049838465767,3,0,1,1,1,0,0,1,0,0,0,0,0,0,1,0,1,0,0,0,1,1,0,0,0,0,0,0
0,-1.285566089167874,-0.3455675103011487,-0.9864091814209526,-0.34445894434559055,2,0,0,1,1,0,0,0,0,0,1,0,0,0,0,0,1,0,0,0,0,0,0,0,0,1,0,0
1,-0.5106471117320305,-0.10939384969907875,-0.492356070544169,-0.20463491862350391,1,0,0,0,1,0,1,0,0,0,0,0,0,0,0,0,0,0,0,0,1,0,0,1,0,0,1,1
0,-0.9592844144580451,0.49933544452879164,-0.683231704263721,0.5808863829649069,2,1,1,0,1,0,0,1,0,0,0,0,1,0,1,0,0,0,0,0,0,0,0,1,0,1,0,1
1,-0.02122459966728712,1.0398737522447967,0.3215731023420016,0.9767517017872726,2,1,0,0,1,0,1,1,0,0,0,0,0,0,0,0,0,0,1,0,1,0,0,1,1,0,0,1
0,-0.551432321070759,-0.5085606000124363,-0.5856431449692222,-0.47113943312883716,1,0,1,1,1,0,0,0,0,0,0,0,0,0,1,0,0,0,0,0,0,0,0,1,0,0,0,0
0,1.5286133552044,0.013682564980873018,1.0894432987799547,0.10299214652049961,3,0,1,0,1,0,1,0,0,0,1,0,0,0,1,0,1,0,0,0,0,0,1,0,1,0,0,1
0,1.1615464711558425,-1.3268524381548195,-0.3494144194979772,-1.3369653611000925,0,0,0,1,1,0,1,0,1,1,0,1,0,1,0,1,0,1,0,1,0,0,1,1,1,0,0,0
0,-0.2659358556996588,-0.6466057678291391,-0.4664148079468971,-0.5788910006039065,0,1,0,0,1,0,0,0,0,0,0,0,0,0,0,0,0,0,0,0,0,0,0,0,0,1,0,0
0,0.5089831217361848,1.4257349442143754,1.143730243722035,1.4460400596056056,4,1,1,0,1,0,1,1,0,0,0,0,1,0,1,0,0,0,1,0,1,0,0,1,0,0,0,0
0,1.2023316804945712,0.8053632864356988,1.3770471948201164,0.7424611691752604,2,1,1,1,1,0,1,1,0,0,0,0,0,0,1,0,0,0,1,0,0,0,1,1,1,0,0,0
0,-1.285566089167874,-1.504814281002858,-1.0017842324671247,-1.499851308640724,0,1,0,0,1,0,0,0,1,1,0,1,0,1,0,1,0,1,0,1,0,0,0,0,0,0,1,1
0,-1.2039956704904167,-0.6698904949307517,-0.9451369855710413,-0.5151984185527623,0,0,0,0,1,0,0,0,0,0,0,0,0,0,0,0,0,0,0,0,0,0,0,0,0,0,1,0
0,0.34584228438127035,1.2211619846787796,0.7236185548061825,1.0269958755884552,4,0,1,1,1,0,1,1,0,0,1,0,1,0,1,0,0,0,0,0,1,1,0,1,0,0,0,0
0,1.4062577271882142,1.2727210232609218,2.031689074156202,1.2607543706176474,5,1,1,1,1,0,0,1,0,0,0,0,1,0,1,0,1,0,1,0,1,0,1,0,0,0,0,0
0,-1.285566089167874,0.6573389498611624,-0.9731076666708208,0.6551129289255222,1,1,0,0,1,0,1,1,0,0,0,0,0,0,0,0,0,0,1,0,0,0,0,1,0,0,1,1
0,1.5693985645431285,1.0232418043150735,2.014681664749317,1.0505243517578289,3,0,1,0,1,0,1,1,0,0,1,0,1,0,0,0,0,0,1,0,0,1,0,0,0,0,1,0
0,0.18270144702635593,0.33966874440344824,0.16255051555311328,0.23106435286388957,4,0,1,1,1,0,0,0,0,0,1,0,1,0,0,0,0,0,1,0,1,1,0,0,0,0,0,0
0,1.1207612618171139,-0.11770982366394037,0.6511109611350663,-0.07028118673523906,3,1,1,0,1,0,0,0,0,0,1,0,1,0,0,0,1,0,0,0,0,0,1,1,0,0,1,0
1,-1.285566089167874,0.15505412238352048,-0.9797694534942698,0.1544981598909017,0,0,1,0,1,0,0,1,0,0,0,0,0,0,0,0,0,0,0,0,0,0,0,1,0,1,0,1
0,-1.081640042474231,-1.5031510862098856,-0.9532987773746047,-1.4354786589800912,0,0,0,0,1,0,0,0,1,1,0,1,0,1,0,1,0,1,0,1,0,0,0,0,1,0,0,0
0,-0.7961435771031307,-1.1256058682051684,-0.8572543408537531,-1.2657380340743556,1,0,0,0,0,1,0,0,0,0,0,0,1,0,0,0,0,0,0,0,0,0,0,1,0,1,0,1
0,-0.877713995780588,-0.4619911458092113,-0.7538201739161614,-0.3981070050850019,1,0,1,1,1,0,0,0,0,0,1,0,0,0,0,0,0,0,0,0,0,0,0,0,0,0,0,0
0,-1.0408548331355023,-0.4619911458092113,-0.8542543308935243,-0.4744672263701915,1,1,0,0,1,0,0,0,0,0,1,0,0,0,0,0,0,0,0,0,0,0,0,1,0,0,1,1
0,-0.9184992051193165,0.7970473124708372,-0.6004005469059356,0.9301195189349378,2,0,1,1,1,0,0,1,0,0,0,0,0,0,0,0,0,0,1,0,1,0,0,1,0,1,0,0
0,0.060345819010170096,-1.4915087226590795,-0.7108935608087712,-1.489222751993904,0,1,1,0,1,0,0,0,1,1,0,1,0,1,0,1,0,1,0,1,0,0,1,0,1,0,0,0
0,1.2023316804945712,0.00702978580898363,0.6866478438257168,-0.09433871553129478,3,0,0,0,1,0,0,0,0,0,1,0,0,0,0,0,1,0,0,0,1,0,1,1,0,0,1,0
0,1.2839020991720282,0.17501245989918865,0.9663325959267454,0.1697797572486431,3,1,1,0,1,0,1,0,0,0,0,0,1,0,0,0,1,0,0,0,1,1,0,1,0,0,1,0
0,-1.285566089167874,-0.6831960532745303,-0.9908871374645293,-0.6809648983655504,0,0,1,1,1,0,0,0,0,0,0,0,0,0,0,0,0,0,0,0,0,0,0,1,0,0,0,1
0,-0.30672106503838736,-1.4682239955574667,-0.7901291179936355,-1.4890433341569302,0,1,0,0,1,0,0,0,1,1,0,1,0,1,0,1,0,1,0,1,0,0,1,1,0,0,1,0
0,-0.2659358556996588,-0.2940084717190068,-0.32521580974524994,-0.17078667857250002,2,0,0,0,1,0,0,0,0,0,0,0,1,0,1,0,0,0,0,0,0,1,0,1,0,0,1,0
0,-0.9184992051193165,-1.4948351122450239,-0.9136148220918734,-1.4235987279268412,0,1,0,1,1,0,0,0,1,1,0,1,0,1,0,1,0,1,0,1,0,1,0,1,0,0,0,0
0,0.8352647964460137,1.1213702971004402,1.333017636874407,1.171428598500901,4,0,0,0,1,0,1,1,0,0,1,0,1,0,1,0,0,0,1,0,0,1,0,0,0,0,1,0
0,-1.0408548331355023,0.4926826653569023,-0.7519010498974857,0.6243277255317181,1,0,0,0,1,0,0,1,0,0,0,0,0,0,0,0,0,0,1,0,0,0,0,1,0,1,0,1
0,0.01956060967144149,0.46939793825528964,0.12637392485623758,0.4374565177046704,2,1,0,0,1,0,0,1,0,0,0,0,1,0,1,0,0,0,0,0,0,0,0,1,1,0,0,0
1,1.5693985645431285,0.8170056499865053,1.8286369294216043,0.853612451653455,3,0,1,0,1,0,0,1,0,0,0,0,1,0,1,0,0,0,0,0,1,0,1,0,1,0,0,0
0,-0.14358022768347295,0.30973123812994674,-0.13107545930427247,0.12740391456977698,0,0,0,0,1,0,1,1,0,0,0,0,0,0,0,0,0,0,0,0,0,0,0,1,0,1,0,0
0,-0.347506274377116,0.5359257299741825,-0.16169320801601852,0.5062684439269559,4,1,1,1,1,0,1,0,0,0,1,0,0,0,0,0,1,0,1,0,1,0,0,0,0,0,0,0
0,-0.5106471117320305,-0.5085606000124363,-0.5958343552752934,-0.5934401970243985,1,1,1,1,1,0,0,0,0,0,0,0,0,0,1,0,0,0,0,0,0,0,0,1,0,1,0,0
0,-1.285566089167874,0.6556757550681896,-0.9731297255675873,0.653455264127394,1,0,0,0,1,0,1,1,0,0,0,0,0,0,0,0,0,0,1,0,0,0,0,1,0,1,0,0
0,0.8760500057847422,-0.32893556237142546,0.3539555627950587,-0.2525813380345395,1,1,0,1,1,0,1,0,0,0,0,0,1,0,0,0,0,0,0,0,0,0,0,1,1,0,0,1
1,-1.1224252518129596,0.6639917290330513,-0.8271218878708676,0.6040568531431832,2,0,0,0,1,0,0,1,0,0,0,0,0,0,1,0,0,0,1,0,0,0,0,1,0,0,1,1
0,1.6101837738818572,0.6423701967244113,1.6306803898400417,0.6052678693707044,5,0,1,1,1,0,1,0,0,0,1,0,0,0,1,0,1,0,1,0,1,0,1,1,0,0,0,0
0,0.7944795871072851,1.377502295218178,1.4102899522470629,1.3469967131287441,6,1,1,0,1,0,0,1,0,0,1,0,1,0,1,0,1,0,1,0,1,0,1,1,0,1,0,0
0,-0.9592844144580451,0.13842217445379726,-0.7230259540302844,0.2486166834290514,0,0,0,0,1,0,0,1,0,0,0,0,0,0,0,0,0,0,0,0,0,0,0,0,0,1,0,0
0,-1.285566089167874,-0.6482689626221115,-0.9904239006324351,-0.646153937604865,0,0,0,0,1,0,0,0,0,0,0,0,0,0,0,0,0,0,0,0,0,0,0,1,0,0,1,0
1,-1.285566089167874,0.2914360954072513,-0.9779606239594261,0.29042667333738825,0,1,0,0,1,0,1,1,0,0,0,0,0,0,0,0,0,0,0,0,0,0,0,1,0,1,0,1
0,0.01956060967144149,0.2997520693721129,0.05060161446369609,0.26490868189954103,4,1,1,1,1,0,0,0,0,0,0,0,0,0,1,0,1,0,1,0,1,1,0,1,0,0,1,1
0,0.9168352151234709,0.4278180684309816,0.9563840334851045,0.5360021783400419,1,0,1,0,1,0,1,1,0,0,0,0,0,0,1,0,0,0,0,0,0,0,0,1,0,1,0,1
0,1.4878281458656715,1.146318218995025,2.0144610757816532,1.1430910068903555,3,1,1,1,1,0,1,1,0,0,0,0,0,0,0,0,1,0,1,0,1,0,1,1,0,1,0,0
0,-1.285566089167874,-0.4703071197740729,-0.9880635986784316,-0.4687838042051816,1,1,0,0,1,0,0,0,0,0,1,0,0,0,0,0,0,0,0,0,0,0,0,1,0,0,1,0
0,0.8760500057847422,0.7388354947168059,1.0786123804676584,0.755862111656183,5,1,0,0,1,0,1,0,0,0,1,0,0,0,1,0,1,0,1,0,1,0,1,0,0,0,0,0
0,0.01956060967144149,-1.4881823330731347,-0.7095038503124887,-1.4659947609456272,0,1,0,1,1,0,0,0,1,1,0,1,0,1,0,1,0,1,0,1,0,1,0,1,0,0,1,0
1,0.5089831217361848,1.124696686686385,0.9862297208100271,1.1830239116359815,4,1,1,0,1,0,1,1,0,0,0,0,1,0,1,0,1,0,1,0,0,1,0,1,0,0,0,0
0,-0.877713995780588,-1.32019965898293,-0.8688132027593402,-1.1836894225977879,0,0,0,1,0,1,0,0,0,0,0,0,0,0,0,0,0,0,0,0,0,0,0,0,0,1,0,0
0,-1.081640042474231,-0.30565083526981285,-0.8623720049035549,-0.2966629426662367,2,1,0,0,1,0,0,0,0,0,1,0,1,0,0,0,0,0,0,0,0,0,0,1,0,0,0,0
0,-0.46986190239330183,0.015345759773845245,-0.3820395278154644,0.09742712898392786,3,1,0,0,1,0,0,0,0,0,1,0,0,0,1,0,0,0,1,0,0,0,0,0,0,0,0,0
0,1.324687308510757,-1.3168732693969856,-0.2390317000789735,-1.2594644103768253,0,0,1,1,1,0,1,0,1,1,0,1,0,1,0,1,0,1,0,1,0,0,1,1,0,0,0,0
1,-1.081640042474231,0.647359781103328,-0.8009379774091654,0.4727698011314548,1,0,1,0,1,0,1,1,0,0,0,0,0,0,0,0,0,0,0,0,1,0,0,1,0,1,0,1
0,-1.0000696237967737,0.6673181186189963,-0.7155700469232453,0.6186443033667085,2,0,0,0,1,0,0,1,0,0,1,0,0,0,0,0,0,0,1,0,0,0,0,0,0,1,0,1
0,-0.877713995780588,0.2980888745791402,-0.6018123162989844,0.6403446425422008,1,1,0,0,1,0,0,1,0,0,0,0,0,0,0,0,1,0,0,0,0,0,0,1,0,1,0,1
0,0.4274127030587276,-1.3518003600494042,-0.5348856235097643,-1.3202067049366326,0,1,1,1,1,0,1,0,1,1,0,1,0,1,0,1,0,1,0,1,0,0,1,0,0,0,1,0
0,0.6721239590910992,-0.43538002912165424,0.1106900492553359,-0.431909219920296,3,1,1,1,0,1,0,0,0,0,0,0,1,0,0,0,0,0,1,0,1,1,0,1,0,0,0,1
1,-1.285566089167874,-0.6283106251064436,-0.9901591938712385,-0.6262619600273304,0,0,1,0,1,0,0,0,0,0,0,0,0,0,0,0,0,0,0,0,0,0,0,0,0,1,0,1
1,-0.7145731584256735,0.4827034965990684,-0.5004075678639005,0.4039214565158767,1,1,0,0,1,0,0,1,0,0,0,0,0,0,0,0,0,0,0,0,1,0,0,1,0,1,0,1
0,1.1207612618171139,-0.14598413514446992,0.6194564442753,-0.10992700315713087,3,1,1,1,1,0,0,0,0,0,1,0,1,0,1,0,0,0,0,0,0,0,1,0,0,0,0,0
0,-0.6330027397482163,-1.3235260485688747,-0.8415704652528515,-1.4047793569833895,0,1,0,0,0,1,0,0,0,0,0,0,0,0,0,0,0,0,0,0,0,0,0,0,1,0,0,0
1,-0.6737879490869448,0.22989788806727504,-0.4952457860205658,0.2684626147621936,0,1,1,0,1,0,0,1,0,0,0,0,0,0,0,0,0,0,0,0,0,0,0,1,0,0,0,1
0,0.1011310283488987,-1.4915087226590795,-0.6810037556903159,-1.4439643240181266,0,1,1,1,1,0,0,0,1,1,0,1,0,1,0,1,0,1,0,1,0,1,0,0,0,0,0,0
1,0.4681979123974562,0.7820785593340867,0.7158317642476476,0.7969939659652859,2,1,1,0,1,0,1,1,0,0,0,0,1,0,0,0,0,0,0,0,1,1,0,0,0,0,1,1
0,-0.8369287864418593,-1.1522169848927255,-0.8477248974506736,-1.1322641396558664,1,0,1,1,0,1,0,0,0,0,0,0,0,0,0,0,1,0,0,0,0,1,0,0,1,0,0,0
0,-0.18436543702220157,-0.16594247266013784,-0.280436249309483,-0.192072187546263,3,0,0,0,1,0,0,0,0,0,1,0,1,0,0,0,1,0,0,0,0,1,0,1,0,1,0,0
0,1.5286133552044,-1.3218628537759025,-0.15419318311544672,-1.232091081891696,0,1,1,0,1,0,1,0,1,1,0,1,0,1,0,1,0,1,0,1,0,0,1,0,0,0,0,0
0,-1.1224252518129596,-0.6283106251064436,-0.9126442306341525,-0.6812964313251761,0,0,0,1,1,0,0,0,0,0,0,0,0,0,0,0,0,0,0,0,0,0,0,0,0,0,1,1
0,-0.5922175304094877,1.2111828159209457,-0.21869339726036408,1.1541621256507995,4,1,0,0,1,0,0,1,0,0,0,0,1,0,1,0,0,0,1,0,1,0,0,0,1,0,0,0
0,1.5286133552044,0.4012069517434245,1.32328966340043,0.3540336397341237,4,1,1,0,1,0,1,0,0,0,1,0,0,0,0,0,1,0,1,0,1,0,1,1,1,0,0,0
0,-0.9592844144580451,-0.3189563936135916,-0.7893349977100456,-0.3050433591456609,1,0,1,1,1,0,1,0,0,0,0,0,1,0,0,0,0,0,0,0,0,0,0,1,0,0,1,0
1,1.4062577271882142,0.9167973375648447,1.698754145261114,0.8873344482572879,4,0,0,0,1,0,0,1,0,0,1,0,1,0,0,0,1,0,1,0,0,0,1,1,0,0,0,0
0,-1.285566089167874,-0.5468140802507997,-0.9890783079296855,-0.5450363849190641,1,0,0,0,1,0,0,0,0,0,1,0,0,0,0,0,0,0,0,0,0,0,0,1,0,0,0,0
0,-0.5922175304094877,-1.5147934497606919,-0.8740191023962076,-1.5817215311704842,0,0,1,1,1,0,0,0,1,1,0,1,0,1,0,1,0,1,0,1,0,0,1,0,0,0,1,0
0,-1.1632104611516882,-0.43704322391462647,-0.9217324961019041,-0.48453161978739656,0,1,0,0,1,0,1,0,0,0,0,0,0,0,0,0,0,0,0,0,0,0,0,0,1,0,0,1
1,1.5693985645431285,0.7255299363730275,1.7157394957712324,0.7341205018391104,3,1,1,1,1,0,0,1,0,0,1,0,1,0,1,0,0,0,0,0,0,1,0,1,0,0,0,0
0,-0.10279501834474433,0.9816619344907653,0.2419184261185758,0.9857618006587631,3,1,1,1,1,0,1,1,0,0,1,0,1,0,0,0,0,0,1,0,0,0,0,1,0,1,0,1
0,-1.285566089167874,-0.30565083526981285,-0.9858797678985594,-0.3046749891905213,2,1,1,0,1,0,0,0,0,0,1,0,0,0,1,0,0,0,0,0,0,0,0,0,0,0,1,0
0,0.9168352151234709,0.6440333915173836,1.0144871675677698,0.6153892524903848,2,0,0,0,1,0,1,1,0,0,1,0,0,0,1,0,0,0,0,0,0,1,0,1,1,0,0,0
0,1.0799760524783852,-0.0079389673277669,0.6375447396237378,-0.05228849967216953,3,1,0,0,1,0,0,0,0,0,0,0,0,0,1,0,1,0,1,0,0,0,0,1,0,1,0,0
0,-1.285566089167874,0.17501245989918865,-0.9795047467330732,0.17439013746843657,0,0,0,0,1,0,0,1,0,0,0,0,0,0,0,0,0,0,0,0,0,0,0,1,0,0,1,1
0,-1.0408548331355023,0.14341175883271443,-0.7997688558805469,0.11045163811207535,0,0,1,0,1,0,0,1,0,0,0,0,0,0,0,0,0,0,0,0,0,0,0,1,0,0,0,0
0,0.5089831217361848,-0.3405779259222318,0.11618271455016634,-0.2699008654253499,2,1,1,1,1,0,0,0,0,0,1,0,0,0,0,0,1,0,0,0,0,0,1,0,0,0,0,0
0,0.8760500057847422,-1.335168412119681,-0.41832641299617207,-1.3273006821541162,0,0,1,1,1,0,1,0,1,1,0,1,0,1,0,1,0,1,0,1,0,1,0,1,0,0,0,0
0,0.7536943777685564,-1.361779528807238,-0.4738265972604034,-1.360607465597982,0,1,1,1,1,0,1,0,1,1,0,1,0,1,0,1,0,1,0,1,0,1,0,1,0,0,1,0
1,1.6101837738818572,1.3342592306008978,2.3328150739141593,1.3380938488764056,4,0,1,0,1,0,1,1,0,0,0,0,1,0,1,0,0,0,1,0,1,1,0,0,1,0,0,0
0,0.4681979123974562,-0.16760566745311006,0.1383519058003859,-0.18927891472084638,3,1,1,0,1,0,0,0,0,0,1,0,1,0,0,0,1,0,0,0,0,1,0,1,0,0,0,0
0,-1.2447808798291453,-1.4915087226590795,-0.9916150810578201,-1.443490705504376,0,1,0,0,1,0,0,0,1,1,0,1,0,1,0,1,0,1,0,1,0,0,0,0,0,0,1,0
0,1.3654725178494855,0.9068181688070108,1.6617172575903487,0.8912045819922201,2,0,0,0,1,0,1,1,0,0,0,0,0,0,1,0,0,0,1,0,0,1,0,1,0,0,0,0
0,1.4470429365269428,-0.6682273001377795,0.30586716784433365,-0.6966395816772598,3,1,1,1,0,1,0,0,0,0,1,0,1,0,0,0,0,0,1,0,0,1,0,0,0,0,1,0
0,-0.06200980900601573,-1.4632344111785498,-0.706327369178129,-1.4140805236021072,0,0,0,0,1,0,0,0,1,1,0,1,0,1,0,1,0,1,0,1,0,0,1,0,1,0,0,0
1,-0.46986190239330183,1.0149258303502118,-0.11702394206408358,1.0457692663509923,2,0,0,0,1,0,1,1,0,0,0,0,0,0,0,0,0,0,1,0,1,0,0,1,0,0,0,0
0,-0.46986190239330183,0.5143041976655421,-0.23962729029166593,0.6070406497798135,1,1,0,1,1,0,1,1,0,0,1,0,0,0,0,0,0,0,0,0,0,0,0,0,0,1,0,0
0,0.9168352151234709,0.6723077029979129,1.0445313849635895,0.6564390607640243,5,0,1,1,1,0,1,0,0,0,1,0,0,0,1,0,1,0,1,0,1,0,1,1,0,0,0,0
0,-0.9592844144580451,-1.0041926483181887,-0.8798205922457676,-1.0605701371368352,1,1,0,0,0,1,0,0,0,0,0,0,0,0,0,0,0,0,1,0,0,0,0,1,1,0,0,1
1,1.5693985645431285,1.6685613839883346,2.526293657452146,1.5920204033490961,6,1,1,0,1,0,1,1,0,0,1,0,1,0,1,0,1,0,1,0,1,0,1,1,0,0,0,0
0,-1.285566089167874,0.5392521195601271,-0.9746738483412344,0.5374187282584423,1,0,0,0,1,0,0,1,0,0,0,0,0,0,0,0,0,0,0,0,1,0,0,1,0,1,0,1
0,-0.4290766930545732,-1.4948351122450239,-0.8192027439317344,-1.4980429470427663,0,1,1,1,1,0,0,0,1,1,0,1,0,1,0,1,0,1,0,1,0,1,0,0,0,0,1,0
0,-1.285566089167874,-1.4748767747293563,-1.0013871723253298,-1.4700133422744222,0,0,1,1,1,0,0,0,1,1,0,1,0,1,0,1,0,1,0,1,0,0,0,0,0,0,1,1
0,1.1615464711558425,1.3874814639760118,1.825614860564609,1.342500323493469,4,0,0,0,1,0,1,1,0,0,0,0,0,0,1,0,1,0,1,0,1,0,1,1,0,1,0,1
0,1.4062577271882142,0.707234793650332,1.5853714158818815,0.7601643428486713,5,0,1,0,1,0,1,0,0,0,0,0,1,0,1,0,1,0,1,0,1,0,1,0,0,0,0,0
1,-0.7553583677644021,0.4644083538763725,-0.549951850001207,0.3205014489605651,2,0,0,0,1,0,0,1,0,0,1,0,1,0,0,0,0,0,0,0,0,0,0,0,0,1,0,0
0,1.0799760524783852,1.392471048354929,1.7481881329145883,1.3623176854285202,5,1,1,0,1,0,1,1,0,0,1,0,1,0,1,0,1,0,1,0,0,0,0,1,0,1,0,1
1,-0.46986190239330183,0.7205403519941104,-0.1910756585088468,0.7807797079074071,2,1,1,0,1,0,0,1,0,0,0,0,0,0,1,0,0,0,1,0,0,0,0,0,0,0,0,0
0,-1.1632104611516882,-0.748060650200451,-0.9458649291643321,-0.9379029420753721,3,1,0,0,0,1,0,0,0,0,1,0,1,0,0,0,1,0,0,0,0,0,0,0,0,0,1,0
0,-1.2039956704904167,0.8170056499865053,-0.9043721443467571,0.5059230970940124,2,0,0,0,1,0,0,1,0,0,0,0,0,0,0,0,0,0,1,0,1,0,0,1,0,1,0,1
0,1.5286133552044,-1.3518003600494042,-0.24979644170097062,-1.3347242138214992,0,1,1,0,1,0,1,0,1,1,0,1,0,1,0,1,0,1,0,1,0,0,1,0,0,0,0,0
0,-1.2039956704904167,1.098085569998828,-0.8713499758874748,1.3330978313598258,4,0,0,0,1,0,0,1,0,0,0,0,1,0,0,0,1,0,1,0,1,0,0,1,0,1,0,1
1,-0.46986190239330183,-1.4765399695223285,-0.8209453967762791,-1.4731707990327607,0,1,0,0,1,0,0,0,1,1,0,1,0,1,0,1,0,1,0,1,0,1,0,0,0,0,0,0
0,-0.5106471117320305,-1.5064774757958301,-0.853327857229336,-1.5609362564517364,0,1,0,0,1,0,0,0,1,1,0,1,0,1,0,1,0,1,0,1,0,0,0,1,1,0,0,0
0,-0.4290766930545732,-1.48485594348719,-0.7950482519725399,-1.4155364491359468,0,1,1,1,1,0,0,0,1,1,0,1,0,1,0,1,0,1,0,1,0,1,0,0,0,0,0,0
0,-1.285566089167874,-0.30565083526981285,-0.9858797678985594,-0.3046749891905213,1,1,0,0,1,0,0,0,0,0,0,0,0,0,0,0,0,0,0,0,1,0,0,1,0,0,1,1
0,1.2431168898332998,-1.4732135799363837,-0.4374955942861629,-1.4678820589625434,0,0,0,0,1,0,0,0,1,1,0,1,0,1,0,1,0,1,0,1,0,0,1,1,0,0,1,0
0,1.5286133552044,-1.499824696623941,-0.40217930056317636,-1.4983120484710337,0,0,1,1,1,0,0,0,1,1,0,1,0,1,0,1,0,1,0,1,0,0,1,0,0,0,0,0
0,-0.7961435771031307,0.49600905494284675,-0.5809887177515144,0.33123072990668984,2,1,0,0,1,0,0,1,0,0,0,0,1,0,1,0,0,0,0,0,0,0,0,1,0,1,0,1
0,-1.1224252518129596,0.5093146132866255,-0.8409307572466262,0.3965172204175723,1,0,0,0,1,0,0,1,0,0,0,0,0,0,0,0,0,0,1,0,0,0,0,0,0,1,0,0
0,1.6101837738818572,1.7134676433985876,2.7586400170925067,1.7825321997522474,6,0,1,1,1,0,1,1,0,0,1,0,1,0,1,0,1,0,1,0,1,0,1,1,1,0,0,0
0,-0.7961435771031307,-1.1056475306895004,-0.838416043015258,-1.1568422081050316,1,0,0,0,0,1,0,0,0,0,0,0,1,0,0,0,0,0,0,0,0,0,0,1,0,1,0,0
0,1.1615464711558425,0.9733459605259037,1.518312369712063,0.9639277283669195,4,1,1,0,1,0,0,1,0,0,0,0,1,0,1,0,1,0,0,0,1,0,0,0,1,0,0,0
0,-1.285566089167874,-1.4715503851434115,-1.001343054531797,-1.4666980126781664,0,1,0,0,1,0,0,0,1,1,0,1,0,1,0,1,0,1,0,1,0,0,0,0,0,1,0,0
1,0.9576204244621995,0.3978805621574796,0.8759131780813226,0.38002937590762187,1,0,1,0,1,0,1,1,0,0,0,0,0,0,0,0,1,0,0,0,0,0,0,1,0,0,0,0
0,-1.1632104611516882,-1.4881823330731347,-0.97317384336112,-1.4509501970959515,0,0,0,0,1,0,0,0,1,1,0,1,0,1,0,1,0,1,0,1,0,0,0,0,0,0,1,0
0,0.1011310283488987,-0.32061958840656385,-0.1615829135321866,-0.3287348096890632,1,1,0,0,1,0,1,0,0,0,1,0,0,0,0,0,0,0,0,0,0,0,1,0,0,0,1,0
0,-0.5922175304094877,-0.8594947013295966,-0.7149303389170202,-0.9175505020539131,2,0,1,0,0,1,0,0,0,0,0,0,0,0,1,0,0,0,1,0,0,0,0,1,0,1,0,1
0,1.6101837738818572,0.5741792102125463,1.5414521524200038,0.5121393400869925,4,1,1,0,1,0,1,0,0,0,0,0,1,0,1,0,0,0,1,0,1,0,1,0,0,0,0,0
1,0.6721239590910992,1.2677314388820047,1.2687600705939197,1.3441263767514517,5,0,0,0,1,0,1,1,0,0,1,0,1,0,1,0,1,0,0,0,1,1,0,0,0,0,0,0
0,0.4681979123974562,1.0049466615923774,0.7809716863987903,0.9082458784396413,4,0,1,0,1,0,1,1,0,0,1,0,1,0,1,0,1,0,0,0,0,0,0,1,1,0,0,0
1,-1.2039956704904167,0.6323910279665775,-0.8924823989896741,0.8037502058243218,2,0,1,0,1,0,0,1,0,0,0,0,0,0,0,0,1,0,1,0,0,0,0,1,0,0,1,1
0,0.18270144702635593,1.0066098563853503,0.5481620899263352,1.0142437673523625,3,0,1,1,1,0,1,1,0,0,0,0,1,0,1,0,0,0,0,0,1,0,0,1,0,1,0,0
0,1.1615464711558425,0.49600905494284675,1.1578479376525228,0.5198637862979405,4,1,1,0,1,0,1,0,0,0,0,0,1,0,1,0,0,0,1,0,1,1,0,1,0,1,0,0
0,1.5286133552044,0.3296895756456144,1.3347602897189517,0.366347721091645,4,1,1,0,1,0,1,0,0,0,1,0,0,0,1,0,1,0,0,0,1,0,1,1,1,0,0,0
1,-1.285566089167874,0.16503329114135434,-0.9796371001136717,0.16444414867966892,0,0,0,0,1,0,0,1,0,0,0,0,0,0,0,0,0,0,0,0,0,0,0,1,0,1,0,1
0,0.34584228438127035,-1.4782031643153006,-0.6682757722561103,-1.5241502487303544,0,0,0,0,1,0,0,0,1,1,0,1,0,1,0,1,0,1,0,1,0,0,0,0,0,1,0,0
0,1.5286133552044,0.44777640594664925,1.3921795980018585,0.42798917065631475,5,1,1,1,1,0,1,0,0,0,1,0,1,0,1,0,1,0,0,0,1,1,0,0,0,0,0,0
0,-1.285566089167874,-0.3771682113676229,-0.9868283004595139,-0.3759545755100204,1,0,0,0,1,0,0,0,0,0,0,0,0,0,0,0,0,0,1,0,0,0,0,1,0,0,1,1
0,0.7536943777685564,-1.5231094237255534,-0.5658342556730062,-1.4961784434997738,0,1,0,0,1,0,0,0,1,1,0,1,0,1,0,1,0,1,0,1,0,1,0,0,0,1,0,0
0,0.38662749371999894,-1.4931719174520517,-0.6427095109038671,-1.49333905407665,0,0,1,1,1,0,0,0,1,1,0,1,0,1,0,1,0,1,0,1,0,0,1,0,0,0,1,0
0,1.5286133552044,0.9650299865610421,1.8920783165217347,0.9646463085873727,4,0,1,1,1,0,1,1,0,0,1,0,1,0,1,0,1,0,0,0,0,0,1,0,0,0,0,1
0,0.6313387497523706,-1.4948351122450239,-0.5672901428595877,-1.4575117869218743,0,1,0,0,1,0,0,0,1,1,0,1,0,1,0,1,0,1,0,1,0,1,0,0,0,0,0,0
0,1.4470429365269428,1.6053599818553865,2.4554404810385084,1.6788672063105001,6,1,1,1,1,0,1,1,0,0,1,0,1,0,1,0,1,0,1,0,1,0,1,1,0,1,0,1
0,0.6313387497523706,-1.360116334014266,-0.4885178225068175,-1.3341884328778189,0,0,0,0,1,0,1,0,1,1,0,1,0,1,0,1,0,1,0,1,0,0,1,0,1,0,0,0
1,-0.2659358556996588,0.6673181186189963,-0.05320755371892415,0.6153927301088425,2,0,1,0,1,0,0,1,0,0,0,0,1,0,0,0,0,0,0,0,1,0,0,0,0,1,0,1
0,-0.877713995780588,0.5192937820444593,-0.6147608887008539,0.5518856210421038,1,1,1,0,1,0,1,1,0,0,0,0,1,0,0,0,0,0,0,0,0,0,0,1,0,0,0,1
0,-1.285566089167874,-1.5164566445536642,-1.0019386447444893,-1.5114549622276192,0,1,0,0,1,0,0,0,1,1,0,1,0,1,0,1,0,1,0,1,0,0,0,1,0,0,1,1
0,-0.22515064636093016,-1.5214462289325812,-0.7892688210197464,-1.5357059842743048,0,0,0,0,1,0,0,0,1,1,0,1,0,1,0,1,0,1,0,1,0,1,0,0,0,0,1,0
1,0.5497683310749134,0.8785438573264811,0.8100011945433565,0.8226451821102293,3,0,0,0,1,0,0,1,0,0,0,0,1,0,1,0,0,0,1,0,0,1,0,1,0,0,0,0
0,-1.285566089167874,-0.5068974052194641,-0.9885488944072921,-0.5052524297639951,1,1,0,0,1,0,0,0,0,0,0,0,0,0,1,0,0,0,0,0,0,0,0,1,0,0,1,1
0,0.5497683310749134,-0.35055709468006563,0.07491051870025521,-0.37822485555963015,2,0,0,0,1,0,0,0,0,0,0,0,0,0,1,0,1,0,0,0,0,0,1,0,1,0,0,1
0,-0.30672106503838736,-1.5214462289325812,-0.7997467969837806,-1.5179530082362804,0,1,1,1,1,0,0,0,1,1,0,1,0,1,0,1,0,1,0,1,0,0,0,1,0,0,1,0
0,-1.1632104611516882,0.7837417541270588,-0.8469307771670836,0.9207537128255149,2,1,0,0,1,0,0,1,0,0,0,0,0,0,0,0,0,0,1,0,1,0,0,1,0,1,0,1
0,-0.7961435771031307,-1.5014878914169132,-0.8932103425829648,-1.473583697224236,0,1,0,0,1,0,0,0,1,1,0,1,0,1,0,1,0,1,0,1,0,0,1,0,0,0,1,0
0,-0.06200980900601573,0.352974302747227,0.059160466409054334,0.44154153525704576,5,1,1,0,1,0,0,0,0,0,1,0,1,0,1,0,1,0,0,0,1,1,0,1,1,0,0,0
0,-0.3882914837158446,0.6274014435876604,-0.19429625743673937,0.5152925068225617,1,0,1,1,1,0,1,1,0,0,0,0,0,0,0,0,0,0,1,0,0,0,0,1,0,1,0,0
0,-1.2447808798291453,-1.5131302549677197,-0.9835194659445557,-1.1393092150479098,0,0,0,0,1,0,0,0,1,1,0,1,0,1,0,1,0,1,0,1,0,0,0,0,0,0,1,0
0,1.324687308510757,-1.2769565943656496,-0.2610905968453611,-1.284966945732639,0,0,0,0,1,0,1,0,1,1,0,1,0,1,0,1,0,1,0,1,0,0,1,0,0,0,0,0
1,-0.4290766930545732,0.851932740638924,-0.16753881565911125,0.727899483243319,2,1,0,0,1,0,1,1,0,0,0,0,0,0,0,0,1,0,1,0,0,0,0,1,0,0,0,1
0,0.9168352151234709,-1.5214462289325812,-0.5701136816456854,-1.5496716706644582,0,0,1,1,1,0,0,0,1,1,0,1,0,1,0,1,0,1,0,1,0,1,0,0,1,0,0,0
0,-0.9592844144580451,0.9966306876275159,-0.6175403096934188,1.1293892461676662,4,1,1,0,1,0,0,1,0,0,0,0,1,0,1,0,1,0,1,0,0,0,0,1,0,0,1,1
0,-1.0408548331355023,0.16835968072729926,-0.7768496621402702,0.3564964560056278,0,1,1,1,1,0,0,1,0,0,0,0,0,0,0,0,0,0,0,0,0,0,0,1,0,0,0,1
0,0.1011310283488987,-0.7979564939896207,-0.40003958757683683,-0.8407164230537032,2,0,1,1,0,1,0,0,0,0,0,0,0,0,0,0,1,0,1,0,0,1,0,0,0,0,1,0
0,-1.081640042474231,0.5109778080795977,-0.792776185605602,0.5749924636826744,5,1,0,0,1,0,0,0,0,0,1,0,0,0,1,0,1,0,1,0,1,0,1,1,0,0,1,0
0,-1.285566089167874,-0.5418244958718827,-0.9890121312393864,-0.5400633905246804,1,0,0,0,1,0,0,0,0,0,1,0,0,0,0,0,0,0,0,0,0,0,0,1,1,0,0,1
0,-0.6330027397482163,0.19663399220782857,-0.47795161095571786,0.20257043903661037,0,1,0,0,1,0,0,1,0,0,0,0,0,0,0,0,0,0,0,0,0,0,0,1,0,1,0,0
0,-0.9184992051193165,-0.15596330390230376,-0.7618496123391266,-0.28312534681485885,2,1,1,1,1,0,0,0,0,0,0,0,0,0,1,0,0,0,1,0,0,0,0,0,0,0,1,0
0,-0.7145731584256735,-0.32228278319953607,-0.6290329949087067,-0.24046810600970153,2,1,0,1,1,0,0,0,0,0,0,0,0,0,1,0,1,0,0,0,0,1,0,0,1,0,0,0
1,0.30505707504254176,-0.3023244456838684,-0.07985470101272044,-0.40301595333945794,4,0,0,0,0,1,0,0,0,0,1,0,1,0,0,0,0,0,1,0,1,0,0,1,0,1,0,1
0,-0.7961435771031307,-0.357209873851955,-0.7011655873347943,-0.3634583331856717,2,0,1,1,1,0,0,0,0,0,1,0,0,0,0,0,1,0,0,0,0,1,0,0,0,0,0,0
0,-0.14358022768347295,0.5076514184936533,-0.011075060895123784,0.43835896635652444,1,1,1,0,1,0,1,1,0,0,0,0,1,0,0,0,0,0,0,0,0,0,0,1,0,0,0,1
0,-1.2039956704904167,0.352974302747227,-0.9131295263630129,0.28655878880842295,0,0,0,0,1,0,1,1,0,0,0,0,0,0,0,0,0,0,0,0,0,0,0,1,0,1,0,1
1,1.0391908431396566,1.1812453096474442,1.5262315136511961,1.135321272686637,3,0,1,0,1,0,1,1,0,0,0,0,0,0,0,0,1,0,1,0,1,0,0,1,0,0,0,0
0,0.5089831217361848,-0.07779314863260475,0.22327865835097827,-0.09105725220510846,3,0,0,0,1,0,0,0,0,0,1,0,1,0,0,0,1,0,0,0,0,1,0,1,1,0,0,0
0,1.6101837738818572,0.18499162865702248,1.2685394816262558,0.2272972722753514,4,0,1,1,1,0,1,0,0,0,1,0,1,0,1,0,1,0,0,0,0,0,1,1,0,0,0,0
0,1.4470429365269428,0.6856132613416916,1.50276084749176,0.6260550401112805,2,1,1,1,1,0,1,1,0,0,1,0,1,0,0,0,0,0,0,0,0,1,0,1,0,0,0,0
0,-1.285566089167874,-1.4865191382801624,-1.0015415846026945,-1.4816169958613172,0,1,0,0,1,0,0,0,1,1,0,1,0,1,0,1,0,1,0,1,0,0,0,1,0,0,0,1
0,0.22348665636508452,-0.3455675103011487,-0.09454592625913448,-0.3400530458031978,2,0,1,1,1,0,0,0,0,0,1,0,1,0,0,0,0,0,0,0,0,0,0,0,0,1,0,0
0,-1.2447808798291453,-1.4682239955574667,-0.9909533141548286,-1.4186257335324577,0,1,0,0,1,0,0,0,1,1,0,1,0,1,0,1,0,1,0,1,0,0,0,0,0,0,1,0
0,-0.877713995780588,-1.4815295539012454,-0.9154898283170164,-1.5025638510376607,0,1,0,0,1,0,0,0,1,1,0,1,0,1,0,1,0,1,0,1,0,0,0,0,0,0,1,0
1,-0.5106471117320305,0.8685646885686472,-0.19008300815435936,0.931114117813814,2,0,1,0,1,0,0,1,0,0,0,0,0,0,0,0,0,0,1,0,1,1,0,1,0,0,0,0
0,1.6101837738818572,1.3276064514290082,2.285189915795529,1.2883869280547655,4,1,1,0,1,0,1,1,0,0,0,0,1,0,1,0,0,0,1,0,1,0,1,1,0,0,0,0
0,-1.2039956704904167,0.3280263808526422,-0.9092030427385959,0.38491356683067735,0,0,1,0,1,0,1,1,0,0,0,0,0,0,0,0,0,0,0,0,0,0,0,1,1,0,0,1
0,-0.3882914837158446,1.3026585295344235,0.07930023915676628,1.4092062673086532,4,1,0,0,1,0,1,1,0,0,0,0,0,0,1,0,1,0,1,0,1,0,0,1,0,0,1,1
0,0.30505707504254176,-0.45866475622326663,-0.08711207804886188,-0.4166502463040596,1,1,0,0,1,0,0,0,0,0,0,0,0,0,0,0,1,0,0,0,0,0,0,1,0,1,0,0
1,1.2023316804945712,0.8286480135373113,1.473179866928034,0.8589789625662493,2,1,1,0,1,0,1,1,0,0,0,0,1,0,0,0,0,0,0,0,1,0,0,1,0,0,0,0
0,-0.4290766930545732,-1.4748767747293563,-0.8031659259825706,-1.443264660304631,0,0,0,1,1,0,0,0,1,1,0,1,0,1,0,1,0,1,0,1,0,0,0,1,0,1,0,0
0,-0.877713995780588,-0.027897304843435063,-0.6866508332625112,0.06076475039676195,3,0,0,0,1,0,0,0,0,0,1,0,0,0,1,0,0,0,0,0,1,0,0,0,0,0,0,0
1,-1.0408548331355023,0.33135277043858663,-0.7963717857785232,0.14692026367088856,0,1,1,0,1,0,1,1,0,0,0,0,0,0,0,0,0,0,0,0,0,0,0,1,0,1,0,0
0,-0.7961435771031307,1.05650570017452,-0.4614074383809271,1.0224769507260163,3,0,0,0,1,0,1,1,0,0,1,0,1,0,0,0,0,0,1,0,0,0,0,1,0,1,0,1
1,-1.285566089167874,-1.4915087226590795,-1.0016077612929937,-1.486589990255701,0,1,0,0,1,0,0,0,1,1,0,1,0,1,0,1,0,1,0,1,0,0,0,0,0,0,1,1
0,0.2642718657038131,1.2827001920187557,0.7518098248736257,1.2443065040960013,4,0,0,0,1,0,1,1,0,0,0,0,1,0,1,0,0,0,1,0,1,0,0,1,0,1,0,1
0,-1.2039956704904167,-1.3268524381548195,-0.9759312054569185,-1.2865651046149367,0,1,1,0,0,1,0,0,0,0,0,0,0,0,0,0,0,0,0,0,0,0,0,0,0,0,1,0
0,1.0391908431396566,-1.4831927486942178,-0.5112605450729631,-1.5045384987595682,0,1,0,0,1,0,0,0,1,1,0,1,0,1,0,1,0,1,0,1,0,0,1,0,1,0,0,0
0,-1.081640042474231,-1.2819461787445665,-0.9292545798992422,-1.1343362206535261,0,1,0,1,1,0,1,0,1,1,0,1,0,1,0,1,0,1,0,1,0,0,0,0,0,0,1,0
0,-1.285566089167874,-1.4964983070379965,-1.0016739379832929,-1.4915629846500846,0,0,1,1,1,0,0,0,1,1,0,1,0,1,0,1,0,1,0,1,0,0,0,1,0,1,0,1
0,-0.4290766930545732,-0.3389147311292593,-0.49041488762872687,-0.37497504631112655,2,0,1,0,1,0,0,0,0,0,0,0,1,0,1,0,0,0,0,0,0,0,0,1,0,0,1,0
0,-0.7553583677644021,-0.6166682615556374,-0.7158788714779748,-0.5701381661478578,2,1,1,0,0,1,0,0,0,0,0,0,0,0,0,0,0,0,1,0,1,0,0,0,0,1,0,1
0,1.2839020991720282,0.8436167666740624,1.4730033957539026,0.7647001126892572,2,1,1,1,1,0,1,1,0,0,0,0,0,0,1,0,0,0,0,0,1,1,0,0,1,0,0,0
0,-1.285566089167874,-1.4948351122450239,-1.0016518790865265,-1.4899053198519565,0,1,0,0,1,0,0,0,1,1,0,1,0,1,0,1,0,1,0,1,0,0,0,0,0,1,0,1
0,-1.081640042474231,-1.4715503851434115,-0.9622326305649916,-1.5473710328537231,0,1,0,0,1,0,0,0,1,1,0,1,0,1,0,1,0,1,0,1,0,0,0,0,0,0,1,0
0,-1.285566089167874,0.48935627577095736,-0.9753356152442261,0.48768878431460577,1,1,0,0,1,0,0,1,0,0,0,0,0,0,0,0,0,0,0,0,1,0,0,0,0,1,0,1
0,0.2642718657038131,-1.3118836850180684,-0.5876063867814307,-1.336550073912331,0,1,0,1,1,0,1,0,1,1,0,1,0,1,0,1,0,1,0,1,0,1,0,0,0,0,0,0
0,-0.5106471117320305,-1.509803865381775,-0.8325924942689317,-1.483026010939726,0,0,0,0,1,0,0,0,1,1,0,1,0,1,0,1,0,1,0,1,0,1,0,0,0,0,1,0
0,-1.285566089167874,0.3662798610910058,-0.9769679736049387,0.36502158925314293,1,1,0,0,1,0,0,1,0,0,0,0,0,0,0,0,1,0,0,0,0,0,0,1,0,1,0,1
0,-1.285566089167874,0.37625902984883963,-0.9768356202243405,0.3749675780419101,1,1,1,0,1,0,0,1,0,0,0,0,0,0,1,0,0,0,0,0,0,0,0,0,0,1,0,1
0,1.2839020991720282,0.041956876461402795,0.9274207020308377,0.12409037125024348,2,1,1,0,1,0,1,0,0,0,1,0,0,0,0,0,0,0,1,0,0,1,0,1,1,0,0,0
0,-1.285566089167874,-1.5181198393466364,-1.001960703641256,-1.513112627025747,0,1,0,1,1,0,0,0,1,1,0,1,0,1,0,1,0,1,0,1,0,0,0,0,0,0,1,1
0,0.5497683310749134,0.14008536924676948,0.3871983202220048,0.13193950415985692,3,0,1,0,1,0,0,0,0,0,0,0,1,0,0,0,0,0,1,0,1,0,0,1,1,0,0,0
1,-0.18436543702220157,-0.8578315065366242,-0.5266576550159018,-0.8528884188570994,2,0,1,1,0,1,0,0,0,0,0,0,1,0,0,0,0,0,0,0,1,1,0,1,0,1,0,0
0,0.01956060967144149,-1.4915087226590795,-0.7151068100911512,-1.4787537566645508,0,0,1,0,1,0,0,0,1,1,0,1,0,1,0,1,0,1,0,1,0,0,0,0,0,0,1,0
0,0.2642718657038131,-0.16926886224608254,0.02360152482163752,-0.15884299118086087,3,1,1,1,1,0,0,0,0,0,1,0,1,0,1,0,0,0,0,0,0,1,0,0,0,1,0,0
0,0.38662749371999894,0.6456965863103559,0.5726695242337919,0.681240883600776,2,0,1,0,1,0,1,1,0,0,0,0,0,0,1,0,1,0,0,0,0,0,0,1,0,1,0,1
0,-1.285566089167874,-0.5418244958718827,-0.9890121312393864,-0.5400633905246804,1,0,0,0,1,0,0,0,0,0,0,0,1,0,0,0,0,0,0,0,0,0,0,1,0,1,0,0
0,-1.0408548331355023,0.46939793825528964,-0.7797393776166669,0.3254744433549494,1,0,0,0,1,0,0,1,0,0,0,0,0,0,0,0,0,0,1,0,0,0,0,1,0,1,0,1
1,1.5286133552044,1.3459015941517039,2.303631153492229,1.406461339139828,5,1,1,0,1,0,0,1,0,0,1,0,1,0,1,0,0,0,1,0,1,0,1,0,1,0,0,0
0,1.324687308510757,-1.3235260485688747,-0.24942144045594206,-1.2714761045294134,0,1,0,0,1,0,1,0,1,1,0,1,0,1,0,1,0,1,0,1,0,0,1,1,0,0,0,0
0,-1.285566089167874,-0.5035710156335194,-0.9885047766137595,-0.5019371001677393,1,1,0,0,1,0,0,0,0,0,1,0,0,0,0,0,0,0,0,0,0,0,0,0,0,1,0,0
0,-0.5922175304094877,0.9933042980415715,-0.26402443011529064,0.9649120611978664,2,1,1,0,1,0,1,1,0,0,0,0,0,0,0,0,0,0,1,0,1,0,0,1,0,1,0,0
0,-0.347506274377116,0.9350924802875401,-0.018663321382761045,0.9541142168878387,2,1,1,0,1,0,1,1,0,0,0,0,0,0,0,0,0,0,1,0,1,0,0,1,0,1,0,0
0,1.2431168898332998,0.23322427765321996,0.9656708290237538,0.2058331443535606,4,1,0,0,1,0,1,0,0,0,1,0,0,0,1,0,1,0,0,0,1,0,1,1,0,0,0,0
0,0.4681979123974562,0.4211652892590922,0.5209193524198465,0.4641047351412412,3,0,0,1,1,0,1,0,0,0,0,0,1,0,0,0,0,0,1,0,1,1,0,1,0,0,1,0
0,-1.1632104611516882,-1.4981615018309686,-0.9826591689706667,-1.6291491628946986,0,1,0,0,1,0,0,0,1,1,0,1,0,1,0,1,0,1,0,1,0,0,0,1,0,1,0,0
0,-1.285566089167874,0.1783388494851331,-0.9794606289395404,0.17770546706469215,0,0,0,0,1,0,0,1,0,0,0,0,0,0,0,0,0,0,0,0,0,0,0,1,0,1,0,1
0,0.18270144702635593,1.0099362459712946,0.4516764754701558,0.8182809071628667,2,0,1,1,1,0,1,1,0,0,0,0,0,0,0,0,0,0,1,0,1,0,0,1,0,1,0,0
1,-0.9184992051193165,0.6556757550681896,-0.628591816973379,0.718269957734194,2,0,0,0,1,0,0,1,0,0,0,0,0,0,1,0,0,0,0,0,1,0,0,1,1,0,0,1
0,0.060345819010170096,-1.325189243361847,-0.6342609534423406,-1.3198484135028374,0,1,0,0,0,1,0,0,0,0,0,0,0,0,0,0,0,0,0,0,0,0,0,1,0,0,0,0
0,0.1011310283488987,-0.39047376971140146,-0.15858290357195778,-0.32229359790205186,4,1,1,0,0,1,0,0,0,0,1,0,0,0,1,0,0,0,1,0,1,1,0,0,1,0,0,0
0,-1.1632104611516882,-1.4881823330731347,-0.9701297156073585,-1.3937607615605394,0,0,1,0,1,0,0,0,1,1,0,1,0,1,0,1,0,1,0,1,0,0,0,0,0,1,0,0
1,0.2642718657038131,1.2095196211279735,0.7318244644032786,1.205797675708723,3,0,1,0,1,0,1,1,0,0,0,0,0,0,0,0,1,0,1,0,1,0,0,1,0,1,0,0
1,0.4274127030587276,1.186234894026361,0.8883764547543316,1.1671000494821822,4,1,1,0,1,0,0,1,0,0,0,0,1,0,1,0,0,0,1,0,1,1,0,1,0,0,0,0
0,-0.6330027397482163,-1.3567899444283211,-0.8296145432054693,-1.3519291028313125,0,0,1,1,1,0,1,0,1,1,0,1,0,1,0,1,0,1,0,1,0,0,0,0,0,0,1,1
0,1.1615464711558425,-1.3168732693969856,-0.3244658072551927,-1.306230625252836,0,0,1,0,1,0,1,0,1,1,0,1,0,1,0,1,0,1,0,1,0,0,1,0,0,0,0,0
0,0.6721239590910992,0.22989788806727504,0.521338471458408,0.1978680837929418,4,0,1,0,1,0,1,0,0,0,1,0,1,0,1,0,0,0,0,0,1,1,0,0,0,1,0,0
0,-1.1632104611516882,-1.5031510862098856,-0.9584826181147058,-1.174949008207659,0,1,0,0,1,0,0,0,1,1,0,1,0,1,0,1,0,1,0,1,0,1,0,0,0,0,1,0
0,1.2839020991720282,-0.5002446260475747,0.40588220578313505,-0.488287266595655,4,0,1,1,0,1,0,0,0,0,0,0,1,0,1,0,1,0,0,0,1,0,1,0,0,1,0,0
0,-1.2039956704904167,0.1567173171764927,-0.9189530751093392,0.14068428657316967,0,1,0,0,1,0,0,1,0,0,0,0,0,0,0,0,0,0,0,0,0,0,0,1,0,0,1,0
0,-1.285566089167874,-1.5014878914169132,-1.001740114673592,-1.4965359790444681,0,1,1,1,1,0,0,0,1,1,0,1,0,1,0,1,0,1,0,1,0,0,0,0,0,1,0,0
0,0.30505707504254176,0.5292729508022932,0.3716467980017015,0.44521112386257883,2,1,1,0,1,0,0,1,0,0,0,0,1,0,1,0,0,0,0,0,0,1,0,0,0,1,0,0
0,-1.285566089167874,-0.16261608307419315,-0.9839827027766499,-0.16211581655152357,3,0,0,1,1,0,0,0,0,0,1,0,1,0,0,0,1,0,0,0,0,0,0,1,0,1,0,1
0,-1.0000696237967737,0.7205403519941104,-0.7238421332106406,0.5409412659544641,1,1,0,0,1,0,1,1,0,0,0,0,0,0,0,0,0,0,0,0,1,0,0,1,0,1,0,1
1,-1.285566089167874,-1.4648976059715222,-1.0012548189447315,-1.4600673534856548,0,0,1,0,1,0,0,0,1,1,0,1,0,1,0,1,0,1,0,1,0,0,0,1,0,0,1,1
1,0.060345819010170096,-0.022907720464517903,-0.08120029371546997,-0.09746688942453609,3,0,1,0,1,0,0,0,0,0,0,0,0,0,1,0,1,0,1,0,0,1,0,0,0,0,0,0
0,-1.285566089167874,-0.9942134795603548,-0.9950121511598438,-0.9909482156154643,1,0,1,0,0,1,0,0,0,0,0,0,0,0,0,0,0,0,0,0,1,0,0,0,0,1,0,0
0,0.2642718657038131,-0.4703071197740729,-0.12306807977807371,-0.44145358714886795,3,0,0,0,0,1,0,0,0,0,0,0,0,0,1,0,0,0,1,0,1,0,0,1,0,1,0,1
1,1.0391908431396566,1.350891178530621,1.727276298780053,1.3958032894131456,5,0,1,0,1,0,0,1,0,0,1,0,1,0,0,0,1,0,1,0,1,1,0,1,1,0,0,1
0,0.5089831217361848,-1.5197830341396088,-0.6117608787406251,-1.485521717385796,0,1,1,1,1,0,0,0,1,1,0,1,0,1,0,1,0,1,0,1,0,0,1,0,0,1,0,0
1,-1.081640042474231,0.6739708977908856,-0.788276170665259,0.6313530668190225,2,1,0,0,1,0,0,1,0,0,1,0,0,0,0,0,0,0,1,0,0,0,0,1,0,0,0,1
0,0.4274127030587276,0.8569223250178412,0.7023317194266184,0.8419664469842628,4,1,0,0,1,0,0,1,0,0,1,0,1,0,1,0,1,0,0,0,0,1,0,1,1,0,0,0
0,0.34584228438127035,-1.4931719174520517,-0.6223050313949585,-1.4398923599669766,0,1,1,1,1,0,0,0,1,1,0,1,0,1,0,1,0,1,0,1,0,0,1,1,0,0,1,0
0,-1.1224252518129596,0.32469999126669774,-0.8411954640078229,0.39253882490206526,1,1,0,0,1,0,0,1,0,0,0,0,1,0,0,0,0,0,0,0,0,0,0,1,0,1,0,0
0,1.6101837738818572,-0.1226994080428573,0.9264280516763502,-0.1297683298658337,5,1,0,0,0,1,0,0,0,0,1,0,0,0,1,0,1,0,1,0,1,0,1,1,1,0,0,0
0,-1.1632104611516882,-1.4948351122450239,-0.9803650437069624,-1.5860498781433738,0,1,0,0,1,0,0,0,1,1,0,1,0,1,0,1,0,1,0,1,0,1,0,0,0,0,1,0
0,-0.9592844144580451,-0.33558834154331485,-0.8106880097799088,-0.48333441743319305,2,1,1,1,1,0,0,0,0,0,0,0,1,0,0,0,1,0,0,0,0,0,0,0,0,0,1,0
1,1.6101837738818572,0.2847833162353619,1.340583838465278,0.30249078936820756,3,1,1,0,1,0,1,0,0,0,0,0,0,0,1,0,0,0,1,0,1,0,1,1,1,0,0,0
0,0.01956060967144149,-0.4470223926724603,-0.23446550844833122,-0.38424289950065954,1,0,1,0,1,0,0,0,0,0,0,0,0,0,0,0,1,0,0,0,0,1,0,1,0,0,1,0
0,1.6101837738818572,0.5176305872514871,1.5208491428401978,0.4906357439557225,1,0,1,0,1,0,1,1,0,0,1,0,0,0,0,0,0,0,0,0,0,0,1,0,0,0,0,0
0,-0.4290766930545732,-0.3555466790589825,-0.5019075728440148,-0.4142315626667913,2,1,1,0,1,0,0,0,0,0,1,0,0,0,0,0,1,0,0,0,0,0,0,1,0,1,0,1
0,1.5286133552044,1.4839467619684068,2.3753887446732875,1.4834953904013994,5,0,1,0,1,0,1,1,0,0,0,0,1,0,1,0,1,0,1,0,1,1,0,1,0,1,0,1
0,-0.46986190239330183,1.31430089308523,-0.058413453355791706,1.2555033315236486,4,1,1,1,1,0,1,1,0,0,0,0,1,0,1,0,0,0,1,0,1,0,0,0,0,1,0,1
0,-0.7145731584256735,0.6789604821698023,-0.47228247448675625,0.5448229643567466,2,1,0,0,1,0,0,1,0,0,0,0,0,0,1,0,0,0,1,0,0,0,0,0,0,1,0,0
1,-0.14358022768347295,0.4793771070131235,0.05479280484930974,0.6090412797085886,1,1,1,0,1,0,1,1,0,0,0,0,0,0,0,0,1,0,0,0,0,0,0,1,0,1,0,0
0,-0.7145731584256735,0.3862381986066735,-0.5006281568315644,0.4028163466504582,5,0,1,1,1,0,0,0,0,0,0,0,1,0,1,0,1,0,1,0,1,0,0,0,0,0,0,0
1,1.5693985645431285,1.3375856201868421,2.319601794751094,1.3732553447792615,4,1,1,1,1,0,1,1,0,0,1,0,1,0,0,0,0,0,1,0,1,0,0,1,1,0,0,1
1,1.6101837738818572,-1.3135468798110408,-0.21220808161104618,-1.3181758513903474,0,1,0,0,1,0,1,0,1,1,0,1,0,1,0,1,0,1,0,1,0,0,1,0,0,0,0,0
0,-0.551432321070759,0.7305195207519442,-0.3202746168695791,0.5784241206331848,1,0,1,0,1,0,1,1,0,0,0,0,0,0,0,0,0,0,1,0,0,0,0,1,0,1,0,0
0,-1.285566089167874,-1.504814281002858,-1.0017842324671247,-1.499851308640724,0,1,0,0,1,0,0,0,1,1,0,1,0,1,0,1,0,1,0,1,0,0,0,0,0,0,1,0
0,-1.285566089167874,0.3596270819191164,-0.9770562091920043,0.35839093006063133,1,0,0,0,1,0,0,1,0,0,0,0,1,0,0,0,0,0,0,0,0,0,0,1,0,1,0,1
0,-1.2447808798291453,-0.6432793782431946,-0.9732179611546528,-0.7522444846850492,0,0,0,0,1,0,0,0,0,0,0,0,0,0,0,0,0,0,0,0,0,0,0,0,0,1,0,0
1,-0.877713995780588,0.43946043198178764,-0.6289006415281084,0.4552889723511975,1,0,1,1,1,0,1,1,0,0,0,0,0,0,1,0,0,0,0,0,0,0,0,1,1,0,0,0
0,-0.8369287864418593,-1.5164566445536642,-0.9095339261900918,-1.5193288700187266,0,0,0,0,1,0,0,0,1,1,0,1,0,1,0,1,0,1,0,1,0,1,0,0,0,0,1,0
0,1.5286133552044,1.5172106578278532,2.4095800346611886,1.5202008252170882,5,0,1,0,1,0,1,1,0,0,0,0,1,0,1,0,1,0,1,0,1,0,1,1,0,1,0,0
1,-0.5106471117320305,0.8619119093967579,-0.14971522707187002,1.0827904468425154,2,0,1,0,1,0,1,1,0,0,0,0,0,0,1,0,0,0,1,0,0,0,0,0,0,1,0,1
0,-0.3882914837158446,-1.4831927486942178,-0.8028350425310748,-1.4729683099580413,0,0,0,0,1,0,0,0,1,1,0,1,0,1,0,1,0,1,0,1,0,0,0,1,0,0,0,0
1,0.6721239590910992,0.5475680935249887,0.781126098676155,0.596282743538902,5,1,0,0,1,0,1,0,0,0,1,0,1,0,1,0,1,0,0,0,1,0,1,0,1,0,0,0
0,-1.1632104611516882,1.0997487647918003,-0.8408204627627943,1.0355470000958709,3,0,1,1,1,0,1,1,0,0,0,0,1,0,0,0,0,0,1,0,1,0,0,1,0,1,0,1
0,-0.02122459966728712,1.4390405025581543,0.5040663552903264,1.4053098541282714,5,1,0,0,1,0,1,1,0,0,1,0,1,0,0,0,1,0,1,0,1,0,0,1,1,0,0,1
0,-1.2447808798291453,-0.3189563936135916,-0.9625193962229548,-0.35026077113903803,1,1,0,1,1,0,0,0,0,0,0,0,0,0,0,0,0,0,0,0,1,0,0,1,0,1,0,0
1,1.4878281458656715,-0.2773765237892835,0.7333685871769258,-0.2521342223281203,4,1,1,0,0,1,0,0,0,0,1,0,1,0,0,0,0,0,1,0,1,0,1,0,1,0,0,0
0,-1.081640042474231,0.5192937820444593,-0.8061659359427993,0.4072920416054036,1,1,0,0,1,0,0,1,0,0,0,0,0,0,0,0,0,0,1,0,0,0,0,1,1,0,0,1
0,-0.347506274377116,-1.5031510862098856,-0.792489419947639,-1.4688391630424147,0,0,1,1,1,0,0,0,1,1,0,1,0,1,0,1,0,1,0,1,0,0,1,1,0,0,1,0
0,-0.02122459966728712,1.3026585295344235,0.49698544942831596,1.388681404122051,4,0,0,0,1,0,1,1,0,0,0,0,1,0,1,0,0,0,1,0,1,1,0,1,1,0,0,0
0,-0.22515064636093016,-0.4004529384692353,-0.3492820661173788,-0.311121463405463,2,0,0,0,1,0,0,0,0,0,1,0,1,0,0,0,0,0,0,0,0,0,1,0,0,0,0,0
1,-0.22515064636093016,1.310974503499285,0.2547346451398471,1.3699962218663018,4,0,1,0,1,0,1,1,0,0,1,0,0,0,0,0,1,0,1,0,1,0,0,1,0,0,0,1
0,1.0391908431396566,0.5242833664233765,1.110443368501556,0.5966087937226294,1,1,0,0,1,0,1,1,0,0,0,0,0,0,0,0,1,0,0,0,0,0,0,0,0,0,0,0
0,-1.285566089167874,0.214929134930524,-0.97897533321068,0.21417409262350534,0,1,0,0,1,0,0,1,0,0,0,0,0,0,0,0,0,0,0,0,0,0,0,1,0,0,1,1
0,-0.5922175304094877,-1.3384948017056257,-0.8025041590795791,-1.2831576825298956,0,0,1,1,1,0,1,0,1,1,0,1,0,1,0,1,0,1,0,1,0,0,1,1,1,0,0,0
0,0.590553540413642,-1.4499288528347714,-0.5508342058718626,-1.4164390267774807,0,0,1,1,1,0,0,0,1,1,0,1,0,1,0,1,0,1,0,1,0,0,1,1,0,0,0,0
0,1.5286133552044,1.5072314890700194,2.382116708187036,1.4907180727360998,5,0,1,1,1,0,1,1,0,0,0,0,1,0,1,0,1,0,1,0,1,0,1,1,0,1,0,0
0,-0.7961435771031307,0.8153424551935331,-0.5108855438279346,0.7364660167105671,3,0,0,0,1,0,1,1,0,0,0,0,1,0,1,0,1,0,0,0,0,0,0,0,0,1,0,1
0,0.14191623768762732,-0.4603279510162391,-0.20971542627644435,-0.4798349028593676,1,0,1,1,1,0,0,0,0,0,1,0,0,0,0,0,0,0,0,0,0,0,0,0,1,0,0,0
0,1.4062577271882142,-1.499824696623941,-0.4319367523010333,-1.5024491415333123,0,1,0,0,1,0,0,0,1,1,0,1,0,1,0,1,0,1,0,1,0,0,1,1,0,0,1,0
0,-0.9184992051193165,-1.4964983070379965,-0.922460439695195,-1.4900710863317694,0,0,0,0,1,0,0,0,1,1,0,1,0,1,0,1,0,1,0,1,0,0,0,1,0,0,1,0
1,-0.551432321070759,0.7454882738886952,-0.28811274538418596,0.705628082510577,2,1,0,0,1,0,0,1,0,0,1,0,0,0,0,0,0,0,0,0,1,0,0,1,0,1,0,0
0,1.5693985645431285,-1.4981615018309686,-0.42529702437435063,-1.531977319376273,0,0,1,1,1,0,0,0,1,1,0,1,0,1,0,1,0,1,0,1,0,0,1,0,0,0,0,0
0,1.6101837738818572,0.8153424551935331,1.802739784617865,0.7848482225012251,6,1,1,1,1,0,1,0,0,0,1,0,1,0,1,0,1,0,1,0,1,0,1,1,0,0,1,0
0,0.6313387497523706,-1.4931719174520517,-0.5975549492230715,-1.5048933724016962,0,0,1,1,1,0,0,0,1,1,0,1,0,1,0,1,0,1,0,1,0,0,1,0,0,0,1,0
0,-0.5922175304094877,0.6107694956579371,-0.29964954839300667,0.8161826918102814,5,1,1,1,1,0,0,0,0,0,1,0,0,0,1,0,1,0,1,0,1,0,0,0,0,1,0,0
0,-1.285566089167874,-1.4732135799363837,-1.0013651134285635,-1.468355677476294,0,1,0,0,1,0,0,0,1,1,0,1,0,1,0,1,0,1,0,1,0,0,0,0,0,0,1,1
1,1.4062577271882142,1.2644050492960603,2.073248035664076,1.3073669150903777,4,1,1,0,1,0,1,1,0,0,0,0,1,0,0,0,1,0,1,0,1,0,1,0,0,0,0,0
0,1.4878281458656715,-0.8578315065366242,0.21580069234717292,-0.8158123260741273,3,1,1,1,0,1,0,0,0,0,1,0,0,0,1,0,1,0,0,0,0,0,1,0,0,0,1,0
0,-0.551432321070759,1.1662765565106932,-0.15820790232692925,1.2194169244145292,3,1,0,0,1,0,1,1,0,0,0,0,1,0,0,0,0,0,1,0,1,0,0,1,0,1,0,1
1,1.6101837738818572,1.650266241265639,2.6654191193577526,1.6852364853510198,6,1,1,0,1,0,1,1,0,0,1,0,1,0,1,0,1,0,1,0,1,0,1,1,0,0,1,0
1,0.22348665636508452,-1.4865191382801624,-0.685790536288622,-1.5092738243353456,0,0,0,0,1,0,0,0,1,1,0,1,0,1,0,1,0,1,0,1,0,0,1,0,0,0,1,0
1,0.30505707504254176,-0.3023244456838684,-0.003111799162457772,-0.25884055752228535,1,1,1,0,1,0,0,0,0,0,0,0,0,0,0,0,0,0,0,0,1,1,0,0,0,1,0,0
0,1.1615464711558425,-1.3534635548423763,-0.3728630267606472,-1.3658522083199274,0,0,1,1,1,0,1,0,1,1,0,1,0,1,0,1,0,1,0,1,0,0,1,1,0,0,1,0
0,-0.9184992051193165,0.5359257299741825,-0.6495477689014472,0.5607918019120454,1,0,0,0,1,0,1,1,0,0,0,0,1,0,0,0,0,0,0,0,0,0,0,1,1,0,0,1
0,-0.02122459966728712,0.2631617839267215,0.018836803120097913,0.26582071149017755,3,1,1,0,1,0,1,0,0,0,1,0,0,0,0,0,1,0,1,0,0,1,0,1,1,0,0,0
0,-0.46986190239330183,1.1629501669247482,-0.13138428385900192,0.9943816576090282,3,0,0,0,1,0,1,1,0,0,0,0,1,0,0,0,0,0,1,0,1,0,0,1,1,0,0,0
1,1.0799760524783852,1.1513078033739421,1.588084660184147,1.1583968192452636,3,0,0,0,1,0,1,1,0,0,0,0,0,0,1,0,0,0,1,0,1,1,0,1,0,1,0,0
1,-0.7961435771031307,0.17501245989918865,-0.606003506684598,0.18663135443922704,0,0,1,0,1,0,0,1,0,0,0,0,0,0,0,0,0,0,0,0,0,0,0,1,0,1,0,1
0,0.590553540413642,-1.48485594348719,-0.5561283410957956,-1.4249036980870697,0,0,0,0,1,0,0,0,1,1,0,1,0,1,0,1,0,1,0,1,0,0,1,0,1,0,0,0
0,1.4878281458656715,-1.2935885422953728,-0.2178551591832414,-1.288102648775519,0,1,1,1,1,0,1,0,1,1,0,1,0,1,0,1,0,1,0,1,0,0,1,1,0,0,0,0
0,-1.2447808798291453,-1.4964983070379965,-0.99558568247577,-1.5926805373358852,0,1,0,0,1,0,0,0,1,1,0,1,0,1,0,1,0,1,0,1,0,0,0,1,1,0,0,0
0,-0.4290766930545732,-1.524772618518526,-0.8101365373607491,-1.4670747546777407,0,0,1,1,1,0,0,0,1,1,0,1,0,1,0,1,0,1,0,1,0,0,0,0,0,0,0,0
1,-0.7145731584256735,1.0515161157956028,-0.3962233984362517,0.9258648459530758,3,1,1,0,1,0,1,1,0,0,1,0,0,0,1,0,0,0,1,0,0,0,0,1,0,1,0,0
0,0.8352647964460137,-1.4981615018309686,-0.5473930179763061,-1.4947532074691232,0,0,0,0,1,0,0,0,1,1,0,1,0,1,0,1,0,1,0,1,0,0,1,0,1,0,0,0
1,-0.18436543702220157,-1.3035677110532067,-0.6863640676045482,-1.2815131738015944,0,0,1,0,1,0,1,0,1,1,0,1,0,1,0,1,0,1,0,1,0,0,0,0,0,0,1,0
0,-0.4290766930545732,-1.4831927486942178,-0.8008497418220999,-1.4353530783135664,0,1,0,0,1,0,0,0,1,1,0,1,0,1,0,1,0,1,0,1,0,1,0,0,0,0,1,0
1,-0.6737879490869448,0.8868598312913427,-0.3310172995948099,1.0397947661410734,3,1,1,0,1,0,0,1,0,0,0,0,0,0,1,0,1,0,0,0,1,0,0,1,0,1,0,0
0,0.6313387497523706,-0.8478523377787903,-0.1375166571600576,-0.7846725522984259,3,0,1,1,0,1,0,0,0,0,1,0,1,0,0,0,1,0,0,0,0,0,1,0,0,0,1,0
1,-0.10279501834474433,1.3575439577025104,0.39328657572952785,1.364924995483881,5,1,1,0,1,0,1,1,0,0,1,0,1,0,1,0,1,0,1,0,0,0,0,1,0,0,0,0
0,-1.2039956704904167,0.1783388494851331,-0.9091148071515305,0.38712378656151436,0,0,0,0,1,0,0,1,0,0,0,0,0,0,0,0,0,0,0,0,0,0,0,1,0,1,0,0
1,0.9984056338009281,0.9600404021821249,1.471415155186723,1.1207131643295114,3,1,0,0,1,0,1,1,0,0,1,0,0,0,0,0,1,0,0,0,1,0,1,0,0,1,0,0
1,1.4470429365269428,1.053179310588575,1.893335673637419,1.057681700635578,3,0,1,0,1,0,1,1,0,0,1,0,1,0,0,0,0,0,0,0,1,1,0,1,1,0,0,1
0,-0.3882914837158446,-0.16261608307419315,-0.4161205233195333,-0.20946737187195902,2,0,1,0,1,0,0,0,0,0,0,0,0,0,0,0,1,0,1,0,0,1,0,0,0,0,0,0
0,1.324687308510757,-0.16926886224608254,0.6696404344188318,-0.20893847146479727,2,0,1,0,1,0,0,0,0,0,0,0,0,0,0,0,1,0,1,0,0,0,1,1,1,0,0,0
0,0.4681979123974562,0.8569223250178412,0.7428539127864725,0.8431448609131644,2,1,1,0,1,0,0,1,0,0,0,0,0,0,0,0,0,0,1,0,1,1,0,1,0,0,0,0
0,1.5693985645431285,1.4673148140386836,2.3697637259978586,1.4263473131023996,5,0,1,1,1,0,1,1,0,0,1,0,1,0,1,0,0,0,1,0,1,0,1,1,0,0,0,0
0,0.18270144702635593,0.10682147338732302,0.08333701726501525,0.07018126394288365,3,0,1,0,1,0,1,0,0,0,1,0,0,0,1,0,1,0,0,0,0,1,0,0,1,0,0,0
0,-0.8369287864418593,-1.4798663591082732,-0.8928353413379363,-1.4147578490034927,0,0,0,0,1,0,0,0,1,1,0,1,0,1,0,1,0,1,0,1,0,0,0,0,0,0,1,0
0,1.4878281458656715,0.5675264310406568,1.4607607080485574,0.540061382284443,5,1,1,1,1,0,1,0,0,0,0,0,1,0,1,0,1,0,1,0,1,0,1,1,0,0,0,0
0,0.1011310283488987,-0.14432094035149767,-0.13577400431551306,-0.2733214435802169,3,0,0,0,1,0,0,0,0,0,1,0,1,0,1,0,0,0,0,0,0,0,0,0,0,1,0,0
0,-1.1224252518129596,0.02366173373870686,-0.860496998678412,0.10244748522968598,3,1,0,0,1,0,0,0,0,0,0,0,1,0,0,0,1,0,0,0,1,0,0,1,0,0,0,0
0,1.0391908431396566,0.5858215737633523,1.1195757517628404,0.6084410907299559,1,1,1,1,1,0,1,1,0,0,0,0,0,0,0,0,0,0,1,0,0,0,1,0,0,0,0,0
0,1.6101837738818572,0.5791687945914629,1.6280333222280752,0.6025050947071582,5,1,1,0,1,0,1,0,0,0,1,0,1,0,1,0,1,0,0,0,1,0,1,1,0,0,0,0
0,1.6101837738818572,0.10848466818029572,1.1110389587142482,0.06291217979433616,4,1,1,0,1,0,1,0,0,0,1,0,1,0,1,0,1,0,0,0,0,0,1,0,0,0,1,0
0,-1.285566089167874,-1.4831927486942178,-1.0014974668091616,-1.4783016662650617,0,0,0,0,1,0,0,0,1,1,0,1,0,1,0,1,0,1,0,1,0,0,0,0,1,0,0,0
0,0.2642718657038131,1.0199154147291285,0.6187505595787757,0.987921015318889,4,0,0,0,1,0,0,1,0,0,1,0,0,0,1,0,1,0,1,0,0,1,0,1,0,1,0,1
0,0.8352647964460137,-1.4865191382801624,-0.5392091672759762,-1.4831495538822277,0,1,1,1,1,0,0,0,1,1,0,1,0,1,0,1,0,1,0,1,0,1,0,0,1,0,0,0
0,-0.22515064636093016,0.8086896760216437,0.04113834775091568,0.7755085092636247,3,0,0,0,1,0,0,1,0,0,0,0,0,0,1,0,1,0,0,0,1,0,0,1,0,1,0,0
1,-1.285566089167874,0.15838051196946543,-0.979725335700737,0.15781348948715776,0,0,0,0,1,0,0,1,0,0,0,0,0,0,0,0,0,0,0,0,0,0,0,1,0,1,0,1
1,-1.285566089167874,0.8120160656075881,-0.9710561892715467,0.8092757551514149,2,0,0,0,1,0,0,1,0,0,0,0,0,0,0,0,0,0,1,0,1,0,0,1,0,1,0,1
0,-0.5922175304094877,0.3296895756456144,-0.37601744899824063,0.4973584956370186,1,0,1,0,1,0,0,1,0,0,1,0,0,0,0,0,0,0,0,0,0,0,0,0,0,1,0,0
0,0.5497683310749134,-1.4865191382801624,-0.6056946821298685,-1.490085500808275,0,1,1,1,1,0,0,0,1,1,0,1,0,1,0,1,0,1,0,1,0,0,1,1,0,0,1,0
0,1.6101837738818572,0.6490229758963008,1.6791658449325615,0.6558726919579972,5,0,1,0,1,0,1,0,0,0,1,0,0,0,1,0,1,0,1,0,1,0,1,1,1,0,0,0
0,0.14191623768762732,0.7538042478535568,0.3475364238360398,0.683385322982481,3,0,0,0,1,0,0,1,0,0,0,0,0,0,1,0,1,0,0,0,1,0,0,1,0,1,0,1
0,-1.1632104611516882,-1.3218628537759025,-0.9663576442603063,-1.3228955914405727,0,0,1,0,0,1,0,0,0,0,0,0,0,0,0,0,0,0,0,0,0,0,0,1,0,1,0,0
0,-0.30672106503838736,-1.499824696623941,-0.8008056240285671,-1.521135724648686,0,0,0,0,1,0,0,0,1,1,0,1,0,1,0,1,0,1,0,1,0,0,1,0,1,0,0,0
0,0.30505707504254176,-0.46698073018812825,-0.1119724547045808,-0.4633549519913128,3,0,1,1,0,1,0,0,0,0,0,0,1,0,0,0,0,0,1,0,1,0,0,1,0,1,0,0
0,1.2431168898332998,1.2477731013663371,1.8325192952524882,1.2398212962905664,4,1,1,0,1,0,1,1,0,0,0,0,1,0,1,0,0,0,1,0,1,0,0,1,0,1,0,0
1,-0.7145731584256735,1.0448633366237134,-0.38100275966744424,1.0021174266669584,4,0,0,0,1,0,0,1,0,0,1,0,0,0,1,0,1,0,0,0,1,0,0,1,0,0,1,1
0,-0.7553583677644021,-0.31230361444170224,-0.6718272546354987,-0.3336841231577594,1,1,0,0,1,0,1,0,0,0,0,0,1,0,0,0,0,0,0,0,0,0,0,1,1,0,0,0
1,1.6101837738818572,1.4922627359332683,2.489190593091082,1.5013047621254132,5,1,1,0,1,0,1,1,0,0,0,0,1,0,1,0,1,0,1,0,1,0,1,1,0,0,0,0
0,0.2642718657038131,1.380828684804123,0.772192245485768,1.2835804085439542,4,1,0,0,1,0,1,1,0,0,1,0,1,0,0,0,0,0,1,0,1,0,0,1,0,1,0,0
0,0.590553540413642,-0.16261608307419315,0.21101391174886686,-0.19833755586380716,5,0,1,1,0,1,0,0,0,0,1,0,1,0,1,0,0,0,1,0,1,0,1,1,1,0,0,0
0,-0.551432321070759,0.7953841176778649,-0.27264945875094826,0.7667871890099267,3,1,1,0,1,0,1,1,0,0,1,0,1,0,0,0,1,0,0,0,0,0,0,1,1,0,0,0
0,-1.1224252518129596,0.6756340925838579,-0.8009820952026983,0.9969234102994914,1,0,0,0,1,0,1,1,0,0,0,0,0,0,0,0,0,0,1,0,0,0,0,1,0,1,0,1
0,-0.7961435771031307,-0.99088708997441,-0.8136439019466047,-1.0136454720821384,1,0,0,0,0,1,0,0,0,0,0,0,0,0,0,0,0,0,0,0,1,0,0,1,0,1,0,1
0,-0.6330027397482163,0.5043250289077084,-0.41678229022252494,0.4729648205194701,1,0,0,0,1,0,1,1,0,0,0,0,0,0,1,0,0,0,0,0,0,0,0,0,0,0,0,0
1,0.060345819010170096,0.35463749754019924,0.05957958544761582,0.2136865441534682,0,1,1,0,1,0,1,1,0,0,0,0,0,0,0,0,0,0,0,0,0,0,0,1,0,1,0,0
0,0.38662749371999894,-0.5102237948054088,-0.0937076881820119,-0.5110542565574429,1,0,0,0,1,0,0,0,0,0,0,0,1,0,0,0,0,0,0,0,0,0,0,1,0,1,0,0
0,-1.1224252518129596,0.5459048987320164,-0.8267910044193718,0.6090298475375671,1,1,1,0,1,0,1,1,0,0,0,0,1,0,0,0,0,0,0,0,0,0,0,1,0,1,0,1
0,1.5693985645431285,-1.3634427236002105,-0.2765538834785988,-1.3745458583371697,0,0,1,1,1,0,1,0,1,1,0,1,0,1,0,1,0,1,0,1,0,0,1,0,1,0,0,0
1,-0.551432321070759,0.050272850426264414,-0.443076495168059,0.09272833478171533,3,1,1,0,1,0,0,0,0,0,1,0,0,0,1,0,0,0,1,0,0,0,0,0,0,0,0,0
0,-1.2447808798291453,-1.5064774757958301,-0.9946371499148152,-1.557040744176136,0,0,0,1,1,0,0,0,1,1,0,1,0,1,0,1,0,1,0,1,0,0,0,1,0,1,0,1
0,0.9984056338009281,-1.5330885924833875,-0.5276503053703893,-1.5147993736624386,0,1,0,0,1,0,0,0,1,1,0,1,0,1,0,1,0,1,0,1,0,0,1,0,1,0,0,0
0,1.6101837738818572,1.4473564765230158,2.3952196928662706,1.4032262615695132,5,1,1,0,1,0,1,1,0,0,0,0,1,0,1,0,1,0,1,0,1,0,1,1,0,1,0,0
0,-1.081640042474231,0.7005820144784427,-0.7834232133766537,0.6921341094170447,2,0,0,0,1,0,0,1,0,0,0,0,1,0,0,0,0,0,0,0,1,0,0,1,0,0,1,0
0,-0.6330027397482163,0.6839500665487195,-0.3700394879745496,0.6795878621214098,1,0,1,1,1,0,1,1,0,0,0,0,0,0,0,0,0,0,0,0,1,0,0,1,0,1,0,1
0,1.1615464711558425,0.5325993403882381,1.165656787107824,0.5294836770936335,4,1,1,0,1,0,1,0,0,0,0,0,1,0,1,0,0,0,1,0,1,0,1,0,0,0,0,0
0,-1.285566089167874,0.20328677137971796,-0.9791297454880447,0.20257043903661037,0,1,1,1,1,0,0,1,0,0,0,0,0,0,0,0,0,0,0,0,0,0,0,1,0,1,0,1
0,0.6313387497523706,1.5604537224451336,1.3911648887506045,1.6085809999987029,6,1,1,1,1,0,1,1,0,0,1,0,1,0,1,0,1,0,1,0,1,0,1,0,1,0,0,0
0,-0.6737879490869448,-1.4732135799363837,-0.8647543657543248,-1.4670088248278152,0,1,0,0,1,0,0,0,1,1,0,1,0,1,0,1,0,1,0,1,0,0,0,1,1,0,0,0
1,-0.9592844144580451,0.6706445082049407,-0.6811140501741478,0.5985681408116043,1,1,0,0,1,0,1,1,0,0,0,0,0,0,0,0,0,0,0,0,1,0,0,1,0,1,0,1
0,-1.2039956704904167,-0.6748800793096686,-0.9563208462316,-0.7953437694363743,0,0,0,0,1,0,0,0,0,0,0,0,0,0,0,0,0,0,0,0,0,0,0,0,0,1,0,0
0,-1.285566089167874,-0.681532858481558,-0.9908650785677628,-0.6793072335674226,0,1,0,1,1,0,0,0,0,0,0,0,0,0,0,0,0,0,0,0,0,0,0,1,0,1,0,1
0,1.324687308510757,1.3375856201868421,1.9153725115070406,1.2312662076840621,4,1,0,0,1,0,1,1,0,0,0,0,1,0,1,0,0,0,1,0,1,0,1,0,1,0,0,0
0,1.5286133552044,1.6718877735742794,2.629264587557643,1.756039164139311,6,0,1,1,1,0,1,1,0,0,1,0,1,0,1,0,1,0,1,0,1,0,1,1,1,0,0,0
0,1.1207612618171139,-0.16926886224608254,0.5606474254961107,-0.18358257568727965,2,1,1,0,1,0,0,0,0,0,1,0,0,0,0,0,0,0,1,0,0,1,0,1,0,0,1,0
0,1.4878281458656715,-1.2836093735375391,-0.23241403104905722,-1.3039585729315248,0,0,1,0,1,0,1,0,1,1,0,1,0,1,0,1,0,1,0,1,0,1,0,1,0,1,0,0
1,0.1011310283488987,0.18831801824296696,0.05675604666151816,0.14005279522150169,0,0,0,0,1,0,0,1,0,0,0,0,0,0,0,0,0,0,0,0,0,0,0,0,0,1,0,0
0,-0.4290766930545732,-1.4915087226590795,-0.8030115137052058,-1.4427372215052268,0,0,0,0,1,0,0,0,1,1,0,1,0,1,0,1,0,1,0,1,0,0,0,1,0,0,1,0
0,1.3654725178494855,0.497672249735819,1.2990910536477027,0.4783204665918528,4,1,1,1,1,0,1,0,0,0,0,0,1,0,1,0,0,0,1,0,1,0,1,0,0,0,0,0
1,-1.285566089167874,0.18000204427810534,-0.979438570042774,0.17936313186281994,0,1,1,0,1,0,0,1,0,0,0,0,0,0,0,0,0,0,0,0,0,0,0,1,0,1,0,1
0,-1.285566089167874,0.48104030180609575,-0.975445909728058,0.4794004603239664,1,0,1,0,1,0,0,1,0,0,0,0,0,0,0,0,0,0,1,0,0,0,0,1,0,0,0,1
0,0.060345819010170096,0.8369639875021729,0.35587468681373435,0.8685616491079888,2,1,1,1,1,0,1,1,0,0,0,0,0,0,1,0,0,0,0,0,1,0,0,1,1,0,0,0
0,1.6101837738818572,-1.3451475808775148,-0.25643616962765337,-1.3643372113937697,0,0,1,1,1,0,1,0,1,1,0,1,0,1,0,1,0,1,0,1,0,0,1,0,0,0,0,0
0,-0.06200980900601573,-0.16427927786716537,-0.19480361206236632,-0.17409378154444755,5,1,1,1,0,1,0,0,0,0,1,0,0,0,1,0,1,0,1,0,1,1,0,0,0,1,0,0
0,-0.10279501834474433,-1.315210074604013,-0.6913493782737518,-1.351987608647717,0,1,0,1,1,0,1,0,1,1,0,1,0,1,0,1,0,1,0,1,0,1,0,0,0,0,0,0
0,-0.9592844144580451,0.8619119093967579,-0.6532095457646675,0.8315621374373567,2,0,0,0,1,0,0,1,0,0,0,0,0,0,0,0,0,0,1,0,1,0,0,1,0,0,0,1
0,-0.5106471117320305,0.18499162865702248,-0.36150269492595755,0.28702846050122593,0,1,1,1,1,0,0,1,0,0,0,0,0,0,0,0,0,0,0,0,0,0,0,1,0,1,0,1
1,-0.551432321070759,-1.0174982066619673,-0.7558275335219027,-1.144238586684448,2,1,1,0,0,1,0,0,0,0,0,0,1,0,1,0,0,0,0,0,0,0,0,1,1,0,0,0
0,1.324687308510757,1.33592242539387,2.040269984998327,1.3756615628686784,4,0,1,0,1,0,1,1,0,0,1,0,0,0,1,0,0,0,1,0,1,0,0,1,0,1,0,0
0,-0.10279501834474433,-1.5164566445536642,-0.7444672016872131,-1.4850428364441148,0,0,1,1,1,0,0,0,1,1,0,1,0,1,0,1,0,1,0,1,0,0,1,0,0,0,1,0
0,-1.081640042474231,-1.5214462289325812,-0.9555708437415427,-1.4639352380146198,0,1,0,0,1,0,0,0,1,1,0,1,0,1,0,1,0,1,0,1,0,1,0,0,0,0,1,0
0,-1.2447808798291453,-0.4486855874654328,-0.9677473547565886,-0.5466940497171922,3,0,0,0,0,1,0,0,0,0,0,0,1,0,0,0,0,0,1,0,1,0,0,0,0,1,0,0
0,0.8352647964460137,0.23156108286024726,0.6783316397447887,0.2431675882435913,3,1,1,1,1,0,1,0,0,0,1,0,0,0,0,0,1,0,0,0,1,0,0,0,0,1,0,0
1,-1.0408548331355023,0.3496479131612826,-0.7752834804698566,0.3733099132437819,0,1,1,0,1,0,1,1,0,0,0,0,0,0,0,0,0,0,0,0,0,0,0,1,0,1,0,0
0,1.1615464711558425,-0.5052342104264916,0.29605095878329113,-0.5418025798210769,1,0,1,1,1,0,0,0,0,0,1,0,0,0,0,0,0,0,0,0,0,1,0,1,0,0,0,0
1,1.5286133552044,-0.6532585470010285,0.4297499320843664,-0.6052096170911063,2,1,0,0,0,1,0,0,0,0,0,0,0,0,0,0,0,0,1,0,1,1,0,1,0,1,0,1
0,-0.7961435771031307,0.461081964290428,-0.5713269209678367,0.3870812823359215,4,0,0,0,1,0,1,0,0,0,1,0,0,0,1,0,0,0,1,0,1,0,0,1,0,1,0,0
1,0.1011310283488987,0.5558840674898503,0.2315728035351401,0.5153954673690291,1,1,1,0,1,0,1,1,0,0,0,0,0,0,1,0,0,0,0,0,0,1,0,1,0,0,0,0
0,-1.2447808798291453,0.18332843386405026,-0.942159034507579,0.4147515331969794,0,0,1,0,1,0,0,1,0,0,0,0,0,0,0,0,0,0,0,0,0,0,0,1,1,0,0,0
0,-1.2039956704904167,0.36295347150506085,-0.9017912534250897,0.5705720242210003,0,0,0,0,1,0,1,1,0,0,0,0,0,0,0,0,0,0,0,0,0,0,0,1,0,1,0,1
0,-1.2039956704904167,0.37293264026289474,-0.8968059427558861,0.6954494390133007,0,0,0,0,1,0,1,1,0,0,0,0,0,0,0,0,0,0,0,0,0,0,0,0,0,1,0,0
0,1.2023316804945712,0.9683563761469866,1.5294962303726214,0.9272373211085152,2,0,0,0,1,0,1,1,0,0,0,0,0,0,0,0,0,0,1,0,1,1,0,1,0,0,0,0
0,1.6101837738818572,1.299332139948479,2.3061899855171295,1.3103049403855669,5,1,1,1,1,0,1,1,0,0,1,0,1,0,1,0,1,0,0,0,1,0,1,0,1,0,0,0
0,1.2431168898332998,-1.4948351122450239,-0.46568686435360634,-1.501508973438852,0,1,1,0,1,0,0,0,1,1,0,1,0,1,0,1,0,1,0,1,0,0,1,1,0,0,0,0
1,-0.5106471117320305,0.2132659401375518,-0.39756899113900135,0.15151436325427187,0,1,0,0,1,0,0,1,0,0,0,0,0,0,0,0,0,0,0,0,0,0,0,0,1,0,0,1
1,0.1011310283488987,1.5271898265856871,0.6820375344015418,1.4825718342995857,6,0,0,0,1,0,1,1,0,0,1,0,1,0,1,0,1,0,1,0,1,1,0,1,0,0,0,0
1,-0.46986190239330183,0.14008536924676948,-0.3598262187717121,0.17691610287510762,0,1,1,0,1,0,0,1,0,0,0,0,0,0,0,0,0,0,0,0,0,0,0,1,0,1,0,1
0,1.2023316804945712,1.038210557451824,1.637253941076425,1.057845265283591,3,1,1,0,1,0,1,1,0,0,1,0,1,0,0,0,0,0,0,0,1,1,0,0,0,1,0,0
0,-0.7145731584256735,-0.5351717166999936,-0.6927611476668005,-0.5597343461291313,0,0,0,0,1,0,1,0,0,0,0,0,0,0,0,0,0,0,0,0,0,0,0,1,0,0,1,0
0,0.9168352151234709,-0.4769598989459623,0.23929341740337576,-0.4437681354334335,1,0,0,0,1,0,0,0,0,0,1,0,0,0,0,0,0,0,0,0,0,0,0,1,1,0,0,0
0,-0.877713995780588,-0.6732168845166964,-0.802107098937784,-0.7279822999124504,0,0,0,0,1,0,0,0,0,0,0,0,0,0,0,0,0,0,0,0,0,0,0,1,0,0,1,0
0,-0.6330027397482163,0.7770889749551695,-0.3660468276598334,0.6972371167367717,2,0,1,1,1,0,1,1,0,0,0,0,0,0,1,0,0,0,1,0,0,0,0,0,0,1,0,1
0,1.1615464711558425,-1.511467060174747,-0.4208852450210731,-1.4250118192301635,0,0,0,0,1,0,0,0,1,1,0,1,0,1,0,1,0,1,0,1,0,1,0,0,0,0,0,0
0,1.5693985645431285,0.8120160656075881,1.808078037635331,0.8318526827540861,6,0,1,0,1,0,1,0,0,0,1,0,1,0,1,0,1,0,1,0,1,0,1,0,1,0,0,0
0,-1.2447808798291453,0.17002287552027148,-0.9429310958944025,0.38574239922974146,0,0,0,0,1,0,0,1,0,0,0,0,0,0,0,0,0,0,0,0,0,0,0,0,0,0,0,1
0,0.1011310283488987,-1.5181198393466364,-0.7113788565376317,-1.509181593361615,0,1,0,0,1,0,0,0,1,1,0,1,0,1,0,1,0,1,0,1,0,0,1,0,0,0,1,0
0,-0.6330027397482163,0.18665482344999473,-0.49621637747828684,0.12183241239838172,0,0,0,0,1,0,0,1,0,0,0,0,0,0,0,0,0,0,0,0,0,0,0,0,0,0,0,0
0,-0.46986190239330183,1.079790427276132,-0.0753767449691437,1.1948012253445852,2,0,0,0,1,0,1,1,0,0,0,0,0,0,0,0,0,0,1,0,1,0,0,1,0,1,0,1
0,0.590553540413642,-1.504814281002858,-0.6038858525950248,-1.5012620871923221,0,0,1,0,1,0,0,0,1,1,0,1,0,1,0,1,0,1,0,1,0,0,1,0,0,0,0,0
0,-1.2039956704904167,-1.4648976059715222,-0.9786885675527169,-1.3556344712035981,0,0,1,0,1,0,0,0,1,1,0,1,0,1,0,1,0,1,0,1,0,0,0,0,0,0,1,0
0,-1.2039956704904167,-1.504814281002858,-0.9802988670166632,-1.3959709812913768,0,1,0,0,1,0,0,0,1,1,0,1,0,1,0,1,0,1,0,1,0,0,0,1,0,0,1,0
1,0.4681979123974562,-1.5147934497606919,-0.6366653731898768,-1.51292425602596,0,1,1,0,1,0,0,0,1,1,0,1,0,1,0,1,0,1,0,1,0,0,1,1,1,0,0,0
0,-1.285566089167874,-0.6948384168253365,-0.991041549741894,-0.6925685519524456,0,0,0,0,1,0,0,0,0,0,0,0,0,0,0,0,0,0,0,0,0,0,0,1,0,0,1,0
0,0.4681979123974562,0.9816619344907653,0.8845602656137467,1.085163921439835,3,0,1,1,1,0,1,1,0,0,0,0,1,0,1,0,0,0,0,0,1,1,0,0,0,1,0,0
0,-1.1224252518129596,-1.2969149318813176,-0.9508943576270685,-1.2561745833159252,0,1,1,1,1,0,1,0,1,1,0,1,0,1,0,1,0,1,0,1,0,0,0,1,0,0,0,1
0,-0.347506274377116,-0.3073140300627853,-0.39256162157303137,-0.2166115467899778,1,1,0,0,1,0,1,0,0,0,1,0,0,0,0,0,0,0,0,0,0,0,0,1,0,0,0,1
0,-1.285566089167874,0.15838051196946543,-0.979725335700737,0.15781348948715776,0,0,0,1,1,0,0,1,0,0,0,0,0,0,0,0,0,0,0,0,0,0,0,1,0,1,0,1
0,-0.5922175304094877,0.3496479131612826,-0.40145135696988554,0.3911758560680496,1,0,0,0,1,0,0,1,0,0,1,0,0,0,0,0,0,0,0,0,0,0,0,1,0,1,0,0
0,-0.9184992051193165,1.1878980888193331,-0.5427165318618319,1.3635988636453789,3,0,0,0,1,0,1,1,0,0,0,0,0,0,1,0,0,0,1,0,1,0,0,1,0,1,0,1
0,1.324687308510757,0.20328677137971796,0.9246412810382728,0.08587083724840765,4,0,1,0,1,0,0,0,0,0,1,0,1,0,1,0,0,0,0,0,1,0,1,0,0,0,0,0
1,-1.285566089167874,0.7022452092714149,-0.9725120764581284,0.6998698784749748,2,0,0,0,1,0,0,1,0,0,0,0,1,0,0,0,0,0,0,0,1,0,0,1,0,1,0,1
0,0.8352647964460137,1.3991238275268183,1.541981565942397,1.4677127236455312,4,0,0,0,1,0,1,1,0,0,1,0,0,0,1,0,0,0,1,0,1,1,0,1,1,0,0,1
0,-1.2039956704904167,-1.453255242420716,-0.9874900673625056,-1.5761038893546067,0,1,0,0,1,0,0,0,1,1,0,1,0,1,0,1,0,1,0,1,0,1,0,0,0,0,1,0
0,0.01956060967144149,-0.12768899242177445,-0.11997983423077944,-0.12353743579509285,3,1,1,0,1,0,0,0,0,0,1,0,1,0,0,0,1,0,0,0,0,0,1,1,0,0,1,0
0,-1.2039956704904167,-1.1738385172013657,-0.9754017919345253,-1.2733037862299135,1,1,0,0,0,1,0,0,0,0,0,0,1,0,0,0,0,0,0,0,0,0,0,1,0,1,0,1
0,0.060345819010170096,0.5009986393217639,0.19277120412306434,0.5080683103621783,5,0,0,0,1,0,0,0,0,0,1,0,0,0,1,0,1,0,1,0,1,1,0,1,0,0,0,0
0,-0.7553583677644021,-1.5031510862098856,-0.8941368162471531,-1.5269659685529586,0,0,1,1,1,0,0,0,1,1,0,1,0,1,0,1,0,1,0,1,0,0,1,1,0,0,1,0
0,-0.7961435771031307,-1.4831927486942178,-0.888952975507052,-1.448973750605876,0,0,0,0,1,0,0,0,1,1,0,1,0,1,0,1,0,1,0,1,0,0,0,1,0,0,1,0
1,0.5497683310749134,-0.16594247266013784,0.23219045264459898,-0.12128681184980854,5,1,1,0,0,1,0,0,0,0,0,0,1,0,1,0,1,0,1,0,1,1,0,1,0,0,0,1
0,-0.3882914837158446,-1.3484739704634594,-0.7728790607223204,-1.375094014485969,0,1,1,1,1,0,1,0,1,1,0,1,0,1,0,1,0,1,0,1,0,1,0,0,0,0,1,0
0,0.590553540413642,-1.5014878914169132,-0.5918196360638107,-1.481969690499217,0,0,1,1,1,0,0,0,1,1,0,1,0,1,0,1,0,1,0,1,0,0,1,0,0,0,1,0
0,-0.6330027397482163,-0.4852758729108239,-0.6368639032607744,-0.4998893965935813,1,1,0,1,1,0,0,0,0,0,1,0,0,0,0,0,0,0,0,0,0,0,0,1,0,0,1,0
0,0.6721239590910992,1.0215786095221007,1.0999212747439888,1.0851923693051089,2,0,1,1,1,0,1,1,0,0,0,0,0,0,0,0,0,0,1,0,1,0,0,1,0,1,0,1
1,1.0799760524783852,-0.48693906770379614,0.3119554233518565,-0.46698565933941594,3,1,1,0,0,1,0,0,0,0,0,0,1,0,0,0,0,0,1,0,1,0,0,1,0,1,0,0
0,1.4878281458656715,0.6806236769627745,1.5913493769055722,0.6822842171383139,5,0,0,0,1,0,1,0,0,0,1,0,0,0,1,0,1,0,1,0,1,0,1,1,1,0,0,0
0,-0.877713995780588,-0.774671766888008,-0.8028350425310748,-0.732955294306834,2,1,0,0,0,1,0,0,0,0,0,0,0,0,1,0,0,0,1,0,0,1,0,1,0,1,0,1
0,-0.9184992051193165,-0.44036961350057113,-0.7790555518169089,-0.41242320106883357,1,1,0,0,1,0,0,0,0,0,1,0,0,0,0,0,0,0,0,0,0,0,0,1,0,0,1,0
0,-0.8369287864418593,-1.360116334014266,-0.8914897486351866,-1.406331386279676,0,1,1,1,1,0,1,0,1,1,0,1,0,1,0,1,0,1,0,1,0,0,1,1,0,0,0,0
0,0.5089831217361848,1.1962140627841946,1.0807300345572317,1.3408336004177555,3,1,0,0,1,0,1,1,0,0,0,0,1,0,0,0,0,0,1,0,1,0,0,1,1,0,0,1
0,0.2642718657038131,-0.16760566745311006,0.022564756673617344,-0.16084068978373284,2,0,1,1,1,0,0,0,0,0,0,0,0,0,1,0,0,0,1,0,0,0,0,1,0,0,1,0
1,1.5693985645431285,-1.3118836850180684,-0.22089928693700284,-1.3156403895248228,0,1,1,0,1,0,1,0,1,1,0,1,0,1,0,1,0,1,0,1,0,0,1,0,1,0,0,0
0,1.5693985645431285,-1.3634427236002105,-0.2929215848792584,-1.3918696228471823,0,1,1,1,1,0,1,0,1,1,0,1,0,1,0,1,0,1,0,1,0,0,1,0,1,0,0,0
0,0.01956060967144149,-1.355126749635349,-0.6573786772535148,-1.347295914946349,0,0,1,1,1,0,1,0,1,1,0,1,0,1,0,1,0,1,0,1,0,1,0,0,1,0,0,0
1,1.4062577271882142,0.3596270819191164,1.2222819751071412,0.3529231103533738,0,1,0,0,1,0,1,1,0,0,0,0,0,0,0,0,0,0,0,0,0,0,0,1,0,0,1,0
0,0.18270144702635593,-0.821241221091233,-0.3712747861934673,-0.8531380286143464,3,1,1,1,0,1,0,0,0,0,1,0,1,0,1,0,0,0,0,0,0,0,0,0,0,0,0,1
0,0.6721239590910992,0.6523493654822452,0.8666925592329727,0.7275089017417194,1,1,1,1,1,0,1,1,0,0,0,0,0,0,0,0,0,0,1,0,0,0,0,0,0,1,0,1
0,-0.9592844144580451,-0.46698073018812825,-0.8045997542723858,-0.43249936362393787,1,0,1,0,1,0,0,0,0,0,0,0,1,0,0,0,0,0,0,0,0,0,0,0,0,0,1,0
0,0.7944795871072851,0.8885230260843149,1.031229870213458,0.7992022536858686,3,1,1,0,1,0,1,1,0,0,1,0,0,0,1,0,1,0,0,0,0,0,1,1,1,0,0,0
0,1.5286133552044,1.1313494658582746,2.0065860496360535,1.087573993831399,3,0,0,0,1,0,1,1,0,0,0,0,1,0,0,0,0,0,1,0,1,1,0,0,0,1,0,0
0,-1.285566089167874,0.6689813134119684,-0.9729532543934561,0.6667165825124172,2,1,0,0,1,0,0,1,0,0,0,0,1,0,0,0,0,0,0,0,1,0,0,1,0,1,0,0
1,-0.7553583677644021,0.4677347434623174,-0.524341470855431,0.4579692225767416,1,0,0,0,1,0,1,1,0,0,0,0,1,0,0,0,0,0,0,0,0,0,0,1,0,1,0,1
0,-1.285566089167874,-0.6848592480675028,-0.9909091963612956,-0.6826225631636784,0,1,0,0,1,0,0,0,0,0,0,0,0,0,0,0,0,0,0,0,0,0,0,1,0,0,1,0
0,-1.285566089167874,-1.4865191382801624,-1.0015415846026945,-1.4816169958613172,0,1,0,0,1,0,0,0,1,1,0,1,0,1,0,1,0,1,0,1,0,0,0,0,0,0,1,1
0,0.7944795871072851,0.5093146132866255,0.8855529159682342,0.5886788243236278,1,0,0,0,1,0,1,1,0,0,0,0,1,0,0,0,0,0,0,0,0,1,0,1,0,0,1,0
0,-1.081640042474231,-0.13267857680069137,-0.8277615958770929,0.13681640204420437,2,1,0,0,1,0,0,0,0,0,0,0,0,0,1,0,0,0,1,0,0,0,0,0,0,0,1,0
0,-1.0408548331355023,-1.0208245962479119,-0.8972471206912138,-0.9360084680203687,2,1,1,0,0,1,0,0,0,0,1,0,1,0,0,0,0,0,0,0,0,0,0,0,0,0,1,0
1,0.590553540413642,0.6756340925838579,0.7407362586968992,0.64862334758817,2,0,0,0,1,0,1,1,0,0,0,0,1,0,1,0,0,0,0,0,0,0,0,1,0,0,0,1
0,-0.2659358556996588,0.7404986895097785,-0.007170636167473215,0.7484522083277994,3,0,0,0,1,0,0,1,0,0,1,0,0,0,1,0,1,0,0,0,0,1,0,1,1,0,0,0
0,-0.30672106503838736,-0.3522202894730381,-0.4383338323632857,-0.431585806135192,2,1,1,1,1,0,0,0,0,0,1,0,0,0,0,0,1,0,0,0,0,0,0,0,0,1,0,0
0,1.4878281458656715,-1.5231094237255534,-0.4506647556556964,-1.5416532905065574,0,1,0,0,1,0,0,0,1,1,0,1,0,1,0,1,0,1,0,1,0,0,1,1,0,0,1,0
0,1.6101837738818572,1.5920544235116079,2.6039409740698303,1.6210710437901525,6,0,0,0,1,0,1,1,0,0,1,0,1,0,1,0,1,0,1,0,1,0,1,1,1,0,0,0
0,-1.1632104611516882,-1.4948351122450239,-0.9843135862281458,-1.6602303778595964,0,1,0,0,1,0,0,0,1,1,0,1,0,1,0,1,0,1,0,1,0,0,0,1,0,0,1,0
0,1.0799760524783852,-1.509803865381775,-0.5040472858303544,-1.50631339175207,0,1,1,1,1,0,0,0,1,1,0,1,0,1,0,1,0,1,0,1,0,0,1,0,0,0,1,0
0,1.4062577271882142,0.021998538945734634,0.9137662449324438,0.006891769060589468,3,1,0,0,1,0,0,0,0,0,1,0,0,0,1,0,0,0,0,0,1,0,1,0,0,0,0,0
1,-0.2659358556996588,0.46274515908340025,-0.1254063228353109,0.4067182345598977,1,0,0,0,1,0,0,1,0,0,0,0,0,0,0,0,0,0,0,0,1,0,0,1,0,1,0,0
0,-0.22515064636093016,0.4427868215677326,-0.09326651024668416,0.40142881981943285,5,0,0,0,1,0,0,0,0,0,0,0,1,0,1,0,1,0,1,0,1,1,0,0,0,0,1,0
0,1.6101837738818572,1.3425752045657593,2.3468004144640497,1.3526905083488094,4,1,1,1,1,0,1,1,0,0,1,0,0,0,1,0,0,0,1,0,1,0,1,0,0,0,0,0
0,-1.081640042474231,0.8103528708146159,-0.7955776654949333,0.5399052254556341,3,0,0,0,1,0,0,1,0,0,0,0,0,0,1,0,1,0,0,0,1,0,0,1,0,1,0,0
0,1.2023316804945712,-1.4715503851434115,-0.4729001235962151,-1.4997710990537176,0,1,1,1,1,0,0,0,1,1,0,1,0,1,0,1,0,1,0,1,0,0,1,0,1,0,0,0
0,-0.5106471117320305,0.12677981090299117,-0.385657186885152,0.19627131280372448,3,1,0,0,1,0,1,0,0,0,0,0,1,0,0,0,1,0,1,0,0,1,0,1,0,1,0,0
0,-1.081640042474231,0.4577555747044836,-0.7972320827524123,0.5191844154790356,5,1,0,0,1,0,0,0,0,0,1,0,0,0,1,0,1,0,1,0,1,0,0,0,1,0,0,0
0,0.7536943777685564,-1.335168412119681,-0.4657750999406719,-1.3487437861604001,0,1,0,0,1,0,1,0,1,1,0,1,0,1,0,1,0,1,0,1,0,0,1,0,0,0,1,0
0,1.1615464711558425,-1.5014878914169132,-0.431804398920435,-1.43846336144448,0,0,1,1,1,0,0,0,1,1,0,1,0,1,0,1,0,1,0,1,0,0,1,0,1,0,0,0
1,1.2023316804945712,0.8053632864356988,1.4682166151555969,0.8529632435407855,3,1,1,0,1,0,1,1,0,0,1,0,1,0,1,0,0,0,0,0,0,0,0,1,0,1,0,0
0,1.6101837738818572,0.6590021446541346,1.718298327796133,0.6967157107340923,2,0,0,0,1,0,1,1,0,0,1,0,0,0,0,0,1,0,0,0,0,0,1,1,0,0,0,0
1,-0.7961435771031307,1.1014119595847724,-0.4643412716508567,1.0055177647144,4,1,1,0,1,0,0,1,0,0,0,0,1,0,1,0,0,0,1,0,1,0,0,1,0,1,0,1
0,-1.1224252518129596,0.9833251292837376,-0.7907026493095616,1.1514177694850098,3,1,1,0,1,0,0,1,0,0,0,0,0,0,1,0,0,0,1,0,1,0,0,1,0,1,0,1
1,-1.2039956704904167,1.3342592306008978,-0.8805485358390583,1.1026824244200497,4,1,0,0,1,0,1,1,0,0,0,0,1,0,1,0,0,0,1,0,1,0,0,1,0,1,0,1
1,-0.2659358556996588,0.9633667917680695,0.04023393298349391,0.8854645795269083,3,0,1,0,1,0,1,1,0,0,0,0,1,0,1,0,0,0,0,0,1,0,0,1,0,1,0,1
1,-0.7961435771031307,-0.16594247266013784,-0.6626507535806815,-0.1408211995294191,2,1,0,0,1,0,0,0,0,0,0,0,1,0,0,0,0,0,1,0,0,0,0,1,0,1,0,0
0,0.22348665636508452,-1.4948351122450239,-0.6767463886144031,-1.4913884936187025,0,0,1,1,1,0,0,0,1,1,0,1,0,1,0,1,0,1,0,1,0,0,1,1,0,0,1,0
1,-1.0000696237967737,0.635717417552522,-0.7398348333662716,0.39071539362412483,1,0,1,0,1,0,1,1,0,0,0,0,0,0,0,0,0,0,0,0,1,0,0,1,0,1,0,1
1,0.060345819010170096,1.463988424452739,0.5889048722538531,1.3836078528557223,5,1,1,1,1,0,1,1,0,0,0,0,1,0,1,0,1,0,1,0,1,0,0,1,0,1,0,0
0,-0.5922175304094877,-1.0407829337635797,-0.7676511021886866,-1.1376515502497817,2,1,0,0,0,1,0,0,0,0,1,0,0,0,1,0,0,0,0,0,0,0,0,0,0,0,1,0
0,0.9576204244621995,0.6972556248924977,1.1044654074778648,0.6867269647183895,3,1,1,1,1,0,0,1,0,0,0,0,1,0,1,0,1,0,0,0,0,1,0,1,0,0,1,0
0,0.14191623768762732,-0.9992030639392716,-0.4513926992489871,-0.9843175564229527,2,0,0,0,0,1,0,0,0,0,0,0,1,0,0,0,1,0,0,0,0,0,0,1,0,0,0,0
0,-0.9592844144580451,-0.5368349114929658,-0.815364495894383,-0.5223816326779831,3,0,1,0,0,1,0,0,0,0,0,0,0,0,1,0,0,0,1,0,1,0,0,1,0,1,0,1
0,-1.285566089167874,0.6639917290330513,-0.9730194310837553,0.6617435881180334,2,1,0,0,1,0,0,1,0,0,0,0,0,0,1,0,0,0,1,0,0,0,0,1,0,1,0,1
0,-0.8369287864418593,-0.27405013420333885,-0.7215480079469364,-0.34211058588157606,2,1,0,0,1,0,0,0,0,0,1,0,0,0,0,0,1,0,0,0,0,0,0,0,0,0,1,1
1,0.9984056338009281,1.011599440764267,1.4457827171441804,1.0869200679185533,4,0,1,1,1,0,0,1,0,0,0,0,1,0,1,0,1,0,1,0,0,0,0,1,1,0,0,0
0,0.38662749371999894,0.2997520693721129,0.3839115446038131,0.34351141508695987,5,0,0,0,1,0,0,0,0,0,1,0,1,0,1,0,1,0,0,0,1,1,0,0,1,0,0,1
0,0.01956060967144149,-1.3434843860845427,-0.68384935337318,-1.4075746348782718,0,0,1,1,1,0,1,0,1,1,0,1,0,1,0,1,0,1,0,1,0,0,1,1,0,0,1,1
0,1.5286133552044,0.6556757550681896,1.506996155670906,0.5512483888599665,3,1,1,0,1,0,0,1,0,0,1,0,1,0,0,0,1,0,0,0,0,0,1,0,0,0,0,0
0,1.4470429365269428,-0.6632377157588624,0.350734963867166,-0.6470559022744344,3,0,0,0,0,1,0,0,0,0,0,0,1,0,0,0,1,0,0,0,1,0,0,0,0,1,0,0
0,-1.285566089167874,-1.3368316069126531,-0.9995562838937196,-1.3324271640298078,0,1,0,1,0,1,0,0,0,0,0,0,0,0,0,0,0,0,0,0,0,0,0,1,0,1,0,0
0,0.18270144702635593,1.1779189200614992,0.5519341612733876,1.0219048668247914,3,0,0,0,1,0,1,1,0,0,0,0,0,0,0,0,1,0,1,0,1,0,0,0,1,0,0,0
0,-1.1632104611516882,-1.3118836850180684,-0.9733061967417185,-1.4534366942931434,0,0,0,1,1,0,1,0,1,1,0,1,0,1,0,1,0,1,0,1,0,0,0,1,0,0,1,0
0,-1.285566089167874,-0.47197031456704513,-0.9880856575751982,-0.4704414690033094,1,1,0,0,1,0,0,0,0,0,1,0,0,0,0,0,0,0,0,0,0,0,0,1,0,0,1,0
0,-0.5106471117320305,-0.32893556237142546,-0.4962384363750532,-0.2192223688470292,5,1,0,0,0,1,0,0,0,0,1,0,1,0,1,0,1,0,1,0,0,0,0,1,1,0,0,0
0,1.6101837738818572,0.11680064214515734,1.131619909397288,0.08439275280341021,4,1,1,1,1,0,0,0,0,0,1,0,1,0,0,0,1,0,1,0,0,0,1,0,0,0,0,0
0,-0.06200980900601573,0.8319744031232563,0.22788896777515338,0.8505569559305997,2,0,0,0,1,0,1,1,0,0,0,0,0,0,1,0,0,0,0,0,1,0,0,1,0,1,0,1
1,-0.5922175304094877,0.45442918511853864,-0.38281158920228797,0.46899400909127487,1,1,1,0,1,0,0,1,0,0,0,0,0,0,0,0,0,0,0,0,1,0,0,0,0,1,0,1
0,-0.877713995780588,-0.32727236757845324,-0.7421510175267424,-0.318388397975034,1,1,1,0,1,0,0,0,0,0,0,0,0,0,0,0,0,0,1,0,0,0,0,1,0,0,0,0
0,0.01956060967144149,-1.499824696623941,-0.7275039100738611,-1.5069842904993347,0,0,1,1,1,0,0,0,1,1,0,1,0,1,0,1,0,1,0,1,0,0,1,0,1,0,0,0
1,1.2023316804945712,0.6506861706892729,1.1774141790843085,0.5004955817065939,1,0,0,0,1,0,1,1,0,0,0,0,0,0,0,0,0,0,1,0,0,1,0,0,0,1,0,0
0,-1.285566089167874,-0.964275973286853,-0.9946150910180488,-0.9611102492491624,2,0,0,0,0,1,0,0,0,0,0,0,0,0,1,0,1,0,0,0,0,0,0,0,0,0,1,0
0,-0.6737879490869448,0.5276097560093209,-0.42752497294775577,0.5865270479029808,2,1,1,0,1,0,0,1,0,0,1,0,1,0,0,0,0,0,0,0,0,0,0,0,0,0,0,0
0,-0.4290766930545732,0.4577555747044836,-0.2764435889947669,0.3559044328634394,4,1,1,1,1,0,1,0,0,0,0,0,0,0,1,0,1,0,1,0,1,1,0,1,0,0,1,0
0,0.6721239590910992,-0.10440426532016184,0.3237348742251076,-0.10518010521990663,3,0,1,1,1,0,0,0,0,0,1,0,0,0,1,0,1,0,0,0,0,0,0,0,0,0,0,0
0,0.14191623768762732,-0.03953966839424113,-0.044935467431528785,-0.13586945724783217,3,1,1,1,1,0,0,0,0,0,1,0,0,0,1,0,0,0,0,0,1,1,0,1,1,0,0,0
0,0.38662749371999894,1.14964460858097,0.8151629763866911,1.1151149104060094,4,1,1,0,1,0,1,1,0,0,0,0,1,0,1,0,1,0,0,0,1,0,0,1,0,1,0,1
1,-1.1632104611516882,-1.32019965898293,-0.9652326405252205,-1.301760365264442,0,1,0,0,0,1,0,0,0,0,0,0,0,0,0,0,0,0,0,0,0,0,0,1,0,0,0,1
0,-0.8369287864418593,0.3047416537510296,-0.6254594536325518,0.2596217358388449,3,0,0,0,1,0,1,0,0,0,0,0,0,0,0,0,1,0,1,0,1,1,0,0,0,0,1,1
0,-0.06200980900601573,0.7554674426465291,0.1914256114203146,0.7621659910497806,3,0,0,0,1,0,0,1,0,0,1,0,0,0,1,0,1,0,0,0,0,0,0,0,0,1,0,0
0,-1.1224252518129596,0.8070264812286715,-0.8281365971221214,0.588806337000407,2,1,1,0,1,0,1,1,0,0,1,0,0,0,0,0,0,0,0,0,1,0,0,1,0,1,0,0
0,1.3654725178494855,-1.4931719174520517,-0.40418666016891763,-1.4610217665512435,0,1,1,1,1,0,0,0,1,1,0,1,0,1,0,1,0,1,0,1,0,0,1,0,1,0,0,0
1,-0.7145731584256735,-0.32893556237142546,-0.6764375640596737,-0.4779562160881558,1,0,0,0,1,0,1,0,0,0,0,0,0,0,0,0,1,0,0,0,0,0,0,0,1,0,0,1
0,1.2839020991720282,1.31430089308523,1.9421961299749677,1.3156146479420703,4,1,0,0,1,0,1,1,0,0,0,0,1,0,1,0,0,0,1,0,1,0,1,1,0,0,0,0
0,-0.9184992051193165,-1.4915087226590795,-0.9140560000272012,-1.4269140575230972,0,1,1,1,1,0,0,0,1,1,0,1,0,1,0,1,0,1,0,1,0,0,0,1,1,0,0,0
0,-1.0408548331355023,0.8269848187443392,-0.7418642518687794,0.7320759374100304,3,1,1,1,1,0,0,1,0,0,0,0,1,0,0,0,1,0,1,0,0,0,0,1,0,1,0,1
0,-0.14358022768347295,-1.0174982066619673,-0.5671798483757557,-1.0026661909125754,2,1,0,0,0,1,0,0,0,0,0,0,1,0,0,0,1,0,0,0,0,0,0,0,0,1,0,0
0,0.9984056338009281,-1.4715503851434115,-0.5138634948913969,-1.4966232245601592,0,1,0,0,1,0,0,0,1,1,0,1,0,1,0,1,0,1,0,1,0,0,1,0,0,0,0,0
0,0.5497683310749134,0.6440333915173836,0.6870228450707453,0.6217434158153822,2,0,0,0,1,0,1,1,0,0,1,0,1,0,0,0,0,0,0,0,0,0,0,0,0,0,1,0
0,0.8352647964460137,-1.504814281002858,-0.5789813581457731,-1.5395414337128803,0,1,0,0,1,0,0,0,1,1,0,1,0,1,0,1,0,1,0,1,0,0,1,0,0,0,0,0
0,-0.6330027397482163,0.497672249735819,-0.3983851703193577,0.5542879053217439,5,0,0,0,1,0,0,0,0,0,1,0,1,0,0,0,1,0,1,0,1,1,0,0,1,0,0,0
0,0.22348665636508452,-1.4865191382801624,-0.6813125802450454,-1.5004184044927151,0,0,1,1,1,0,0,0,1,1,0,1,0,1,0,1,0,1,0,1,0,0,1,1,0,0,1,0
0,-0.7145731584256735,-1.499824696623941,-0.8760705797954818,-1.4780806442919776,0,1,0,0,1,0,0,0,1,1,0,1,0,1,0,1,0,1,0,1,0,1,0,0,0,0,1,0
0,-0.4290766930545732,-0.48361267811785147,-0.5256650046614143,-0.4953817893751427,3,0,0,0,0,1,0,0,0,0,0,0,1,0,0,0,0,0,1,0,1,0,0,1,0,1,0,0
0,-0.7553583677644021,0.6739708977908856,-0.5078634749709394,0.5464174800197084,1,1,1,0,1,0,1,1,0,0,0,0,0,0,0,0,0,0,0,0,1,0,0,1,0,1,0,1
0,0.9984056338009281,0.323036796473725,0.917030961653869,0.38982839754793375,4,0,1,0,1,0,1,0,0,0,0,0,1,0,1,0,1,0,1,0,0,1,0,0,0,0,0,0
1,-0.877713995780588,0.4743875226342068,-0.6452904018255343,0.34332125007765063,1,1,0,0,1,0,0,1,0,0,0,0,0,0,0,0,0,0,0,0,1,0,0,1,1,0,0,0
0,-1.285566089167874,-1.4815295539012454,-1.0014754079123953,-1.4766440014669335,0,0,1,1,1,0,0,0,1,1,0,1,0,1,0,1,0,1,0,1,0,0,1,0,0,0,1,0
0,-0.8369287864418593,-1.458244826799633,-0.8948427009436776,-1.4273284737226288,0,1,1,1,1,0,0,0,1,1,0,1,0,1,0,1,0,1,0,1,0,0,1,0,0,0,0,0
1,-1.2039956704904167,0.9883147136626543,-0.8871220870754419,0.9380210544726806,2,1,1,0,1,0,1,1,0,0,0,0,0,0,0,0,0,0,1,0,1,0,0,1,0,1,0,1
0,0.14191623768762732,0.9916411032485992,0.5391841189424155,1.0834350942640096,3,1,0,1,1,0,0,1,0,0,0,0,1,0,0,0,0,0,1,0,1,0,0,1,0,1,0,0
0,-0.6737879490869448,0.9766723501118483,-0.3560762063214262,0.9221005654739939,3,1,0,0,1,0,0,1,0,0,1,0,0,0,0,0,0,0,1,0,1,0,0,1,0,1,0,1
0,1.324687308510757,0.2515194203759154,1.042722555428746,0.22238590900807767,4,1,1,1,1,0,1,0,0,0,1,0,1,0,1,0,0,0,0,0,1,1,0,0,1,0,0,1
0,-1.2447808798291453,0.3346791600245316,-0.9435046272103287,0.3641927568540788,1,1,0,0,1,0,0,1,0,0,0,0,1,0,0,0,0,0,0,0,0,0,0,0,0,1,0,0
0,0.38662749371999894,1.3409120097727871,0.9310604199972916,1.322480883009911,4,0,0,0,1,0,1,1,0,0,1,0,0,0,1,0,0,0,1,0,1,0,0,1,0,1,0,1
0,1.6101837738818572,1.5654433068240508,2.5335730933850535,1.5476272839842091,6,1,1,1,1,0,0,1,0,0,1,0,1,0,1,0,1,0,1,0,1,0,1,0,0,0,0,0
0,1.2023316804945712,-1.4981615018309686,-0.45737066027267814,-1.4809485826362656,0,1,0,0,1,0,0,0,1,1,0,1,0,1,0,1,0,1,0,1,0,0,1,0,0,0,0,0
0,-1.081640042474231,0.8269848187443392,-0.7666363929374327,0.9023812613129311,2,0,0,0,1,0,1,1,0,0,0,0,1,0,0,0,0,0,1,0,0,0,0,1,0,1,0,0
0,0.6313387497523706,-1.4915087226590795,-0.5533930378967635,-1.435754936446446,0,1,1,0,1,0,0,0,1,1,0,1,0,1,0,1,0,1,0,1,0,0,1,1,0,0,1,0
0,0.1011310283488987,1.4656516192457114,0.7655083997655525,1.6617890799028971,5,1,0,0,1,0,1,1,0,0,1,0,0,0,1,0,1,0,1,0,1,0,1,1,0,1,0,0
0,0.7944795871072851,-1.504814281002858,-0.6008637837380296,-1.5593997286965486,0,1,0,1,1,0,0,0,1,1,0,1,0,1,0,1,0,1,0,1,0,1,0,0,1,0,0,0
0,-1.285566089167874,-1.330178827740764,-0.999468048306654,-1.3257965048372964,0,0,0,0,0,1,0,0,0,0,0,0,0,0,0,0,0,0,0,0,0,0,0,1,0,0,1,0
0,-1.081640042474231,0.5974639373141584,-0.807401234161717,0.39182050348954334,1,1,1,0,1,0,1,1,0,0,0,0,0,0,0,0,0,0,1,0,0,0,0,1,0,1,0,1
0,1.5693985645431285,0.9417452594594296,1.8599164450363417,0.8867190528329665,6,0,1,0,1,0,1,0,0,0,1,0,1,0,1,0,1,0,1,0,1,0,1,0,1,0,0,0
0,1.4062577271882142,0.6623285342400791,1.4593930564490418,0.6188669747575021,3,0,1,1,1,0,0,1,0,0,1,0,1,0,1,0,0,0,0,0,0,1,0,0,0,0,0,0
1,1.1207612618171139,0.2282346932743028,0.9195015580917046,0.26586560657845987,3,1,0,0,1,0,1,0,0,0,1,0,1,0,0,0,0,0,0,0,1,1,0,1,0,1,0,0
0,-0.3882914837158446,-1.1488905953067807,-0.7110038552926031,-1.172930981496895,1,1,1,1,0,1,0,0,0,0,0,0,0,0,0,0,1,0,0,0,0,0,0,1,0,0,0,0
0,0.2642718657038131,-0.3339251467503424,-0.04352369803848006,-0.2881833496604287,4,1,0,1,0,1,0,0,0,0,0,0,0,0,1,0,1,0,1,0,1,1,0,0,0,0,0,0
0,-0.7145731584256735,-1.509803865381775,-0.9046809689014864,-1.6214133938367685,0,1,1,1,1,0,0,0,1,1,0,1,0,1,0,1,0,1,0,1,0,1,0,1,0,0,1,0
1,0.8352647964460137,1.2960057503625342,1.409628185344071,1.2800525578197333,4,1,1,0,1,0,1,1,0,0,0,0,1,0,1,0,0,0,1,0,1,0,0,1,0,1,0,1
0,-0.347506274377116,-1.3534635548423763,-0.7417539573849474,-1.309979619888493,0,1,1,1,1,0,1,0,1,1,0,1,0,1,0,1,0,1,0,1,0,0,1,0,0,0,1,0
0,0.18270144702635593,-1.5147934497606919,-0.7087979656159643,-1.5386496252671766,0,0,1,1,1,0,0,0,1,1,0,1,0,1,0,1,0,1,0,1,0,0,0,0,0,1,0,0
0,-1.1224252518129596,0.6224118592087432,-0.8321292574368375,0.5287988713081776,2,0,1,1,1,0,0,1,0,0,0,0,1,0,0,0,0,0,0,0,1,0,0,1,0,1,0,1
1,0.7129091684298279,1.1895612836123057,1.2791498109708883,1.289832780128688,3,0,1,0,1,0,1,1,0,0,0,0,0,0,0,0,1,0,1,0,1,1,0,1,0,1,0,0
0,0.8760500057847422,0.9716827657329311,1.2223040340039073,0.955825602304424,3,0,0,0,1,0,0,1,0,0,0,0,0,0,1,0,0,0,1,0,1,1,0,1,1,0,0,0
0,-1.2039956704904167,0.3213736016807528,-0.9073721543069857,0.43077562624554894,1,0,0,0,1,0,0,1,0,0,1,0,0,0,0,0,0,0,0,0,0,0,0,1,0,1,0,0
0,1.4470429365269428,1.4490196713159882,2.155682132880067,1.3476023983434449,5,1,0,0,1,0,1,1,0,0,0,0,1,0,1,0,1,0,1,0,1,1,0,0,0,1,0,1
0,-1.1224252518129596,-0.29068208213306207,-0.8818720696450416,-0.21880795264749714,2,1,0,0,1,0,0,0,0,0,0,0,0,0,1,0,1,0,0,0,0,0,0,0,0,1,0,0
0,0.01956060967144149,-1.4815295539012454,-0.7061508980039978,-1.4583594564209168,0,1,0,0,1,0,0,0,1,1,0,1,0,1,0,1,0,1,0,1,0,0,1,0,0,0,1,0
0,0.34584228438127035,0.5209569768374316,0.4295072842199363,0.487931369407015,4,0,0,0,1,0,1,0,0,0,0,0,1,0,1,0,0,0,1,0,1,1,0,1,0,1,0,0
0,0.060345819010170096,-0.12103621324988506,-0.13109751820103882,-0.20775035334704403,5,0,1,1,0,1,0,0,0,0,1,0,0,0,1,0,1,0,1,0,1,1,0,0,0,0,1,0
0,-0.7961435771031307,-1.4782031643153006,-0.8981735943554021,-1.5022740494995261,0,0,1,1,1,0,0,0,1,1,0,1,0,1,0,1,0,1,0,1,0,0,0,1,0,0,1,0
0,-0.5106471117320305,-1.529762202897443,-0.857077869679622,-1.5750264072358233,0,0,0,0,1,0,0,0,1,1,0,1,0,1,0,1,0,1,0,1,0,0,0,1,1,0,0,0
1,0.7536943777685564,-1.5064774757958301,-0.5834372552925834,-1.522116022105775,0,0,0,0,1,0,0,0,1,1,0,1,0,1,0,1,0,1,0,1,0,0,1,0,1,0,0,0
0,-1.2039956704904167,0.8851966364983704,-0.9032691995084376,0.5335508437294774,2,0,1,0,1,0,1,1,0,0,0,0,1,0,0,0,0,0,0,0,1,0,0,1,1,0,0,1
0,0.34584228438127035,-0.6549217417940008,-0.19784773981612777,-0.661921968611447,0,0,0,1,1,0,0,0,0,0,0,0,0,0,0,0,0,0,0,0,0,0,0,0,0,0,0,0
0,-0.7961435771031307,-1.511467060174747,-0.9080559801067438,-1.5593997286965486,0,0,0,0,1,0,0,0,1,1,0,1,0,1,0,1,0,1,0,1,0,0,0,0,1,0,0,0
0,0.1011310283488987,-1.3118836850180684,-0.6534301347323314,-1.384762009799274,0,1,1,1,1,0,1,0,1,1,0,1,0,1,0,1,0,1,0,1,0,0,1,0,0,0,0,0
0,-0.8369287864418593,0.5309361455952655,-0.628194756831584,0.2424925329248568,2,1,1,0,1,0,0,1,0,0,1,0,0,0,0,0,1,0,0,0,0,0,0,0,0,0,0,1
0,-1.1632104611516882,0.9982938824204887,-0.8513866743138939,0.8370416405200571,4,1,0,0,1,0,0,1,0,0,1,0,1,0,0,0,1,0,0,0,1,0,0,1,0,0,1,0
0,0.4274127030587276,-0.526855742735132,-0.09447974956883547,-0.5505490841314431,3,0,0,0,0,1,0,0,0,0,0,0,0,0,1,0,0,0,1,0,1,0,0,1,0,0,0,1
1,-0.8369287864418593,-1.1838176859591996,-0.853438151713168,-1.1680420715487931,1,0,1,1,0,1,0,0,0,0,0,0,0,0,0,0,1,0,0,0,0,0,0,1,0,0,1,0
1,1.4470429365269428,1.3442383993587315,2.2099911367189136,1.4076196150050744,4,1,1,0,1,0,1,1,0,0,0,0,1,0,1,0,0,0,1,0,1,0,0,1,0,1,0,1
1,-0.30672106503838736,0.800373702056782,0.0003735065266313124,0.8871196940715002,2,1,0,0,1,0,1,1,0,0,0,0,1,0,0,0,0,0,1,0,0,0,0,1,0,1,0,1
0,-1.0408548331355023,-1.48485594348719,-0.9534752485487358,-1.539635263795793,0,0,0,0,1,0,0,0,1,1,0,1,0,1,0,1,0,1,0,1,0,1,0,0,0,0,1,0
1,1.3654725178494855,1.5288530213786593,2.294741418095375,1.6119622594448844,5,1,1,0,1,0,1,1,0,0,0,0,1,0,1,0,1,0,1,0,1,1,0,1,0,1,0,1
0,0.8352647964460137,1.5172106578278532,1.5640404627087845,1.498989417949831,6,0,1,0,1,0,0,1,0,0,1,0,1,0,1,0,1,0,1,0,1,1,0,0,0,1,0,0
1,1.2431168898332998,1.4806203723824622,2.09166721446401,1.548936312931937,5,1,0,0,1,0,1,1,0,0,1,0,1,0,1,0,0,0,1,0,1,0,0,1,0,0,0,0
0,1.5286133552044,1.6402870725078054,2.3971608757817124,1.5068684640550023,6,0,1,1,1,0,1,1,0,0,1,0,1,0,1,0,1,0,1,0,1,0,1,1,0,0,0,1
1,-0.22515064636093016,-0.944317635771185,-0.5551577496380745,-0.8841209286250008,1,1,1,0,0,1,0,0,0,0,0,0,0,0,0,0,0,0,0,0,1,0,0,0,0,0,0,1
0,-1.285566089167874,0.19497079741485634,-0.9792400399718766,0.19428211504597095,0,0,0,0,1,0,0,1,0,0,0,0,0,0,0,0,0,0,0,0,0,0,0,0,0,0,1,1
0,-1.1224252518129596,-1.4948351122450239,-0.9621002771843935,-1.424593326805718,0,0,0,0,1,0,0,0,1,1,0,1,0,1,0,1,0,1,0,1,0,0,0,0,0,0,1,0
1,0.18270144702635593,-1.5064774757958301,-0.6893640775647769,-1.4991792823712127,0,0,1,0,1,0,0,0,1,1,0,1,0,1,0,1,0,1,0,1,0,1,0,0,0,0,1,0
0,-1.2039956704904167,-0.8229044158842055,-0.9527693638522114,-0.7063824252701779,2,1,0,0,0,1,0,0,0,0,0,0,0,0,1,0,0,0,1,0,0,0,0,1,0,0,1,1
0,-0.8369287864418593,0.38956458819261797,-0.6164814826486321,0.31584420024201576,0,0,0,1,1,0,1,1,0,0,0,0,0,0,0,0,0,0,0,0,0,0,0,1,0,1,0,0
0,0.22348665636508452,-1.5064774757958301,-0.6737904964477072,-1.4855430440674096,0,0,1,1,1,0,0,0,1,1,0,1,0,1,0,1,0,1,0,1,0,1,0,0,1,0,0,0
0,-0.9592844144580451,0.6789604821698023,-0.6657169402312093,0.7271292551553,2,0,0,0,1,0,0,1,0,0,0,0,0,0,1,0,0,0,0,0,1,0,0,1,1,0,0,0
0,-0.7961435771031307,0.031977707703568475,-0.6124005867468504,0.14965267817329744,2,1,1,0,1,0,1,0,0,0,1,0,0,0,0,0,0,0,0,0,1,0,0,1,0,1,0,0
1,-0.14358022768347295,0.9833251292837376,0.16027844918617531,0.8823844888343654,2,1,1,0,1,0,1,1,0,0,0,0,0,0,0,0,0,0,1,0,1,0,0,1,0,1,0,1
0,0.590553540413642,-1.4915087226590795,-0.5619077720485891,-1.4341442976000378,0,0,1,1,1,0,0,0,1,1,0,1,0,1,0,1,0,1,0,1,0,0,1,0,1,0,0,0
0,1.1615464711558425,1.1479814137879978,1.6117538564144809,1.0790403199221603,4,1,1,0,1,0,1,1,0,0,1,0,0,0,1,0,1,0,1,0,0,0,0,0,0,0,0,0
0,-0.6737879490869448,-1.4931719174520517,-0.8888206221264537,-1.58004084325016,0,1,0,0,1,0,0,0,1,1,0,1,0,1,0,1,0,1,0,1,0,0,0,0,0,0,1,0
0,0.34584228438127035,0.4511027955325942,0.3688673770091366,0.3767869662349771,5,0,1,1,1,0,0,0,0,0,1,0,1,0,0,0,1,0,1,0,1,0,1,0,0,1,0,0
0,0.4274127030587276,-1.3235260485688747,-0.5383268114053208,-1.3262205586228637,0,0,0,1,1,0,1,0,1,1,0,1,0,1,0,1,0,1,0,1,0,0,1,1,0,1,0,0
0,0.14191623768762732,1.079790427276132,0.5150958036735203,1.0331525953874638,3,0,1,1,1,0,1,1,0,0,0,0,1,0,1,0,0,0,1,0,0,0,0,1,0,0,0,1
0,-1.081640042474231,-0.32893556237142546,-0.8602764097107481,-0.27041658336254537,1,0,0,0,1,0,0,0,0,0,0,0,0,0,0,0,0,0,0,0,1,0,0,1,0,1,0,0
0,1.0391908431396566,0.2066131609656624,0.8862588006647583,0.30614590849204903,4,0,0,0,1,0,1,0,0,0,1,0,1,0,1,0,1,0,0,0,0,1,0,1,1,0,0,0
0,-0.551432321070759,-0.11105704449205123,-0.528157659996016,-0.24377761923824434,2,1,0,0,1,0,0,0,0,0,0,0,0,0,0,0,1,0,1,0,0,0,0,1,1,0,0,0
0,-0.877713995780588,-0.6316370146923883,-0.780202614448761,-0.5783403776814516,0,1,1,0,1,0,0,0,0,0,0,0,0,0,0,0,0,0,0,0,0,0,0,1,0,0,0,0
0,0.2642718657038131,-0.8179148315052885,-0.2911568731379474,-0.7653357861677003,3,0,0,0,0,1,0,0,0,0,1,0,1,0,0,0,1,0,0,0,0,1,0,1,0,0,0,0
1,-1.0000696237967737,0.7388354947168059,-0.6956288042464309,0.8059604255551593,2,0,0,0,1,0,0,1,0,0,0,0,1,0,0,0,0,0,1,0,0,0,0,1,0,1,0,0
0,-0.2659358556996588,-0.511886989598381,-0.4520765250487451,-0.5374493806507095,0,0,0,1,1,0,1,0,0,0,0,0,0,0,0,0,0,0,0,0,0,0,0,1,0,0,1,0
1,0.8352647964460137,0.29642567978616796,0.7559568974657066,0.3532302755004215,1,0,0,0,1,0,0,1,0,0,0,0,1,0,0,0,0,0,0,0,0,0,0,1,1,0,0,0
0,1.5286133552044,-1.5197830341396088,-0.3921866203280027,-1.4875845891345778,0,0,1,1,1,0,0,0,1,1,0,1,0,1,0,1,0,1,0,1,0,0,1,1,0,0,1,0
0,-1.285566089167874,-0.6515953522080562,-0.9904680184259679,-0.6494692672011209,2,1,0,0,0,1,0,0,0,0,0,0,0,0,0,0,0,0,1,0,1,0,0,1,0,0,1,1
0,1.0799760524783852,-1.3268524381548195,-0.344054107583745,-1.3025330056364506,0,1,0,0,1,0,1,0,1,1,0,1,0,1,0,1,0,1,0,1,0,0,1,0,0,0,1,0
0,-1.2447808798291453,0.9999570772134608,-0.9318795886144424,0.8009874311607755,3,1,0,0,1,0,0,1,0,0,0,0,0,0,1,0,0,0,1,0,1,0,0,0,0,1,0,1
0,-1.0408548331355023,-0.9842343108025209,-0.8936294616215262,-0.8971717498928012,2,1,0,0,0,1,0,0,0,0,1,0,0,0,1,0,0,0,0,0,0,1,0,0,0,0,1,0
0,-0.8369287864418593,-0.6765432741026411,-0.7984232631777973,-0.8235240710045482,0,0,0,1,1,0,0,0,0,0,0,0,0,0,0,0,0,0,0,0,0,0,0,1,0,1,0,1
0,1.0799760524783852,0.39455417257153513,0.9933326855688037,0.400872102514349,5,1,1,1,1,0,0,0,0,0,0,0,1,0,1,0,1,0,1,0,1,1,0,0,1,0,0,0
0,1.1615464711558425,0.5359257299741825,1.1849142039848803,0.5532073060897915,4,1,1,1,1,0,1,0,0,0,0,0,0,0,1,0,1,0,1,0,1,0,1,1,0,0,0,0
0,1.6101837738818572,1.3525543733235932,2.3170209038294263,1.3216092933839116,4,1,1,1,1,0,1,1,0,0,1,0,0,0,1,0,0,0,1,0,1,0,1,1,0,0,0,0
0,-0.7961435771031307,-1.5330885924833875,-0.8996074226452173,-1.5105623734901654,0,0,1,1,1,0,0,0,1,1,0,1,0,1,0,1,0,1,0,1,0,0,0,0,0,0,1,0
0,1.2839020991720282,-1.330178827740764,-0.306553983080886,-1.3248122663634079,0,0,1,1,1,0,1,0,1,1,0,1,0,1,0,1,0,1,0,1,0,1,0,0,0,0,1,0
0,-1.285566089167874,-1.3784114767369613,-1.0001077563128793,-1.3738687839830048,0,1,1,0,0,1,0,0,0,0,0,0,0,0,0,0,0,0,0,0,0,0,0,1,0,1,0,1
0,-0.9184992051193165,0.00037700663709471546,-0.7080038453323744,0.12151063040815671,3,0,0,0,1,0,0,0,0,0,0,0,1,0,0,0,1,0,0,0,1,1,0,0,0,0,1,0
0,1.324687308510757,-0.11770982366394037,0.6987140603569307,-0.175326129865835,3,0,1,1,1,0,0,0,0,0,1,0,1,0,1,0,0,0,0,0,0,1,0,0,0,0,0,0
0,1.2023316804945712,1.6319710985429436,2.0298802446213586,1.533728744991303,6,0,1,0,1,0,1,1,0,0,1,0,1,0,1,0,1,0,1,0,1,0,1,0,0,0,1,0
0,0.9168352151234709,0.8402903770881179,1.1587964702134774,0.8125609453877045,6,0,1,0,1,0,1,0,0,0,1,0,1,0,1,0,1,0,1,0,1,1,0,1,0,1,0,0
0,-0.30672106503838736,-0.35887306864492724,-0.40471607369131096,-0.33053456004131626,1,0,1,0,1,0,1,0,0,0,0,0,1,0,0,0,0,0,0,0,0,0,0,0,0,1,0,0
0,-1.285566089167874,-1.170512127615421,-0.9973503942170809,-1.1666606842170197,1,1,0,0,0,1,0,0,0,0,1,0,0,0,0,0,0,0,0,0,0,0,0,0,0,0,1,1
0,-1.285566089167874,-0.5019078208405472,-0.9884827177169929,-0.5002794353696115,1,1,0,0,1,0,0,0,0,0,1,0,0,0,0,0,0,0,0,0,0,0,0,1,1,0,0,0
0,1.0799760524783852,1.2045300367490563,1.654217232689777,1.2426286678009817,3,0,1,0,1,0,1,1,0,0,0,0,1,0,0,0,0,0,1,0,1,0,0,0,0,1,0,1
1,1.2839020991720282,-1.3468107756704872,-0.32722316935099116,-1.349081515048499,0,1,1,1,1,0,1,0,1,1,0,1,0,1,0,1,0,1,0,1,0,0,1,1,0,0,0,0
0,0.14191623768762732,1.001620272006433,0.5073090131149854,1.016898271116932,2,1,1,0,1,0,1,1,0,0,0,0,0,0,0,0,0,0,1,0,1,0,0,1,0,0,0,0
0,-1.2039956704904167,-0.47363350936001763,-0.9437031572812261,-0.4792823479266581,0,0,0,0,1,0,1,0,0,0,0,0,0,0,0,0,0,0,0,0,0,0,0,1,0,0,1,1
0,1.1615464711558425,0.16669648593432704,0.8542734003534962,0.14588373790718814,3,1,1,0,1,0,1,0,0,0,1,0,0,0,1,0,0,0,0,0,1,0,1,1,0,0,1,0
0,-0.2659358556996588,-0.8295571950560946,-0.5587974676045285,-0.8459025457792747,2,1,0,1,0,1,0,0,0,0,0,0,1,0,0,0,0,0,1,0,0,1,0,1,0,0,0,0
0,-1.285566089167874,-0.3156300040276469,-0.9860121212791576,-0.31462097797928873,1,0,0,0,1,0,0,0,0,0,0,0,0,0,0,0,0,0,0,0,1,0,0,1,0,1,0,1
1,-1.285566089167874,0.8552591302248684,-0.9704826579556207,0.8523750399027398,2,0,1,0,1,0,1,1,0,0,0,0,1,0,0,0,0,0,1,0,0,0,0,1,0,1,0,1
0,1.4470429365269428,1.2760474128468664,2.110615806786337,1.2977993221291022,5,1,1,1,1,0,0,1,0,0,1,0,1,0,1,0,0,0,1,0,1,0,1,1,1,0,0,0
1,-1.2447808798291453,0.7305195207519442,-0.9414752087078211,0.4404453375679613,1,1,1,0,1,0,1,1,0,0,0,0,0,0,0,0,0,0,1,0,0,0,0,1,0,0,1,1
0,1.6101837738818572,0.9766723501118483,2.0115051836149576,1.0027390509662566,4,0,1,0,1,0,1,1,0,0,1,0,1,0,1,0,1,0,0,0,0,0,1,1,0,0,0,0
0,1.5693985645431285,-0.5933835344540249,0.42937493083933786,-0.6273826348204309,3,0,1,0,0,1,0,0,0,0,0,0,0,0,1,0,1,0,0,0,1,0,1,1,0,1,0,0
0,0.9984056338009281,-1.4748767747293563,-0.4577236026209404,-1.4226099454156775,0,1,0,0,1,0,0,0,1,1,0,1,0,1,0,1,0,1,0,1,0,0,1,0,1,0,0,0
0,-1.1632104611516882,-1.504814281002858,-0.9806518093649254,-1.5914372887372892,0,1,0,0,1,0,0,0,1,1,0,1,0,1,0,1,0,1,0,1,0,0,0,1,0,0,1,0
1,-1.285566089167874,0.17667565469216087,-0.979482687836307,0.17604780226656436,0,0,0,0,1,0,0,1,0,0,0,0,0,0,0,0,0,0,0,0,0,0,0,1,0,1,0,0
0,1.6101837738818572,0.5359257299741825,1.5263197492382616,0.496345478260385,5,1,1,1,1,0,1,0,0,0,1,0,1,0,1,0,1,0,0,0,1,0,1,0,1,0,0,0
0,-0.46986190239330183,0.3662798610910058,-0.3267378736221307,0.2953207313128134,3,1,1,1,1,0,1,0,0,0,1,0,0,0,0,0,0,0,1,0,1,1,0,1,0,0,0,0
0,1.5693985645431285,-1.3368316069126531,-0.21167866808865285,-1.305881179868239,0,0,1,1,1,0,1,0,1,1,0,1,0,1,0,1,0,1,0,1,0,0,1,0,0,0,0,0
1,-0.14358022768347295,1.136339050237191,0.2922788874362388,1.2244350457997877,3,0,1,0,1,0,1,1,0,0,0,0,0,0,1,0,0,0,1,0,1,0,0,1,0,0,0,1
1,1.4878281458656715,1.5088946838629915,2.284064912060443,1.4367138933065726,5,0,0,0,1,0,1,1,0,0,1,0,0,0,1,0,1,0,1,0,1,0,1,0,1,0,0,0
0,1.2839020991720282,0.6689813134119684,1.4091428896152105,0.6897166815864414,5,0,1,0,1,0,1,0,0,0,1,0,0,0,1,0,1,0,1,0,1,0,1,1,1,0,0,0
0,-0.6737879490869448,-1.5014878914169132,-0.8803500057681608,-1.540256888095091,0,1,0,0,1,0,0,0,1,1,0,1,0,1,0,1,0,1,0,1,0,0,0,0,1,0,0,0
0,-1.1632104611516882,-1.3634427236002105,-0.9674385302018592,-1.3432019852176391,0,0,0,0,1,0,1,0,1,1,0,1,0,1,0,1,0,1,0,1,0,1,0,0,0,1,0,0
0,0.7944795871072851,1.5421585797224382,1.599753816573566,1.620798308342597,5,0,0,0,1,0,1,1,0,0,1,0,1,0,0,0,1,0,1,0,1,1,0,1,1,0,0,1
0,-1.2447808798291453,-0.3256091727854808,-0.9604458599269144,-0.2723505256270278,2,1,0,0,1,0,0,0,0,0,1,0,0,0,1,0,0,0,0,0,0,0,0,1,0,0,1,1
0,-1.285566089167874,-1.4948351122450239,-1.0016518790865265,-1.4899053198519565,0,1,0,0,1,0,0,0,1,1,0,1,0,1,0,1,0,1,0,1,0,0,0,0,0,0,1,0
0,-0.5922175304094877,-1.3218628537759025,-0.8000997393320427,-1.2731196012523436,0,1,0,0,0,1,0,0,0,0,0,0,0,0,0,0,0,0,0,0,0,0,0,0,0,0,1,0
0,-1.2447808798291453,-0.357209873851955,-0.965607641770249,-0.4662973070079897,1,0,0,0,1,0,1,0,0,0,0,0,1,0,0,0,0,0,0,0,0,0,0,0,0,0,1,0
0,-0.551432321070759,-0.16926886224608254,-0.5115473107309263,-0.17808174592296597,2,0,1,0,1,0,0,0,0,0,0,0,1,0,0,0,0,0,0,0,1,0,0,1,0,0,1,0
0,0.30505707504254176,0.6307278331736048,0.5478973831651386,0.7763296672886235,1,0,0,0,1,0,1,1,0,0,0,0,0,0,0,0,0,0,0,0,1,0,0,0,0,0,0,0
1,1.3654725178494855,1.3309328410149532,2.0299023035181243,1.3104179629854393,4,0,1,1,1,0,1,1,0,0,0,0,1,0,1,0,0,0,1,0,1,1,0,1,0,1,0,0
0,-0.46986190239330183,0.34632152357533763,-0.31749519587701425,0.3283950908564123,0,1,0,0,1,0,1,1,0,0,0,0,0,0,0,0,0,0,0,0,0,0,0,0,0,0,1,0
0,-1.0000696237967737,0.058588824391126025,-0.7806217334873224,0.0075876171568184944,3,1,0,0,1,0,0,0,0,0,0,0,1,0,0,0,1,0,1,0,0,0,0,1,0,1,0,0
0,1.6101837738818572,1.4839467619684068,2.454955185309648,1.4655728764768787,6,0,1,1,1,0,0,1,0,0,1,0,1,0,1,0,1,0,1,0,1,0,1,1,1,0,0,0
0,0.6313387497523706,0.2980888745791402,0.5695812786864977,0.3223367207013497,4,0,0,0,1,0,1,0,0,0,0,0,1,0,1,0,1,0,1,0,0,1,0,1,0,0,0,0
0,1.4878281458656715,-1.5164566445536642,-0.37167184633526223,-1.4556228898964714,0,1,0,0,1,0,0,0,1,1,0,1,0,1,0,1,0,1,0,1,0,0,1,1,0,0,0,0
0,1.6101837738818572,1.7733426559455912,2.7603606110402845,1.7843280032835525,6,1,0,0,1,0,1,1,0,0,1,0,1,0,1,0,1,0,1,0,1,0,1,1,0,1,0,0
0,-0.7553583677644021,-0.4470223926724603,-0.6893420186680105,-0.42769739813729774,1,0,0,0,1,0,0,0,0,0,0,0,1,0,0,0,0,0,0,0,0,1,0,0,1,0,0,0
0,-1.081640042474231,-0.1809112257968886,-0.8526881492231109,-0.17537713493654655,2,1,0,0,1,0,0,0,0,0,0,0,1,0,0,0,0,0,1,0,0,0,0,0,0,1,0,0
0,-1.0000696237967737,-1.509803865381775,-0.9401516749018378,-1.4909413603507864,0,0,1,1,1,0,0,0,1,1,0,1,0,1,0,1,0,1,0,1,0,0,1,0,0,0,0,0
0,-0.6330027397482163,-1.5081406705888027,-0.8865485557595159,-1.6036016230647276,0,0,0,0,1,0,0,0,1,1,0,1,0,1,0,1,0,1,0,1,0,1,0,0,0,0,1,0
0,1.324687308510757,0.9533876230102356,1.6671658050916467,0.9443116798604477,3,1,0,0,1,0,1,1,0,0,1,0,0,0,0,0,1,0,0,0,1,1,0,0,0,1,0,0
0,0.9984056338009281,-0.18590081017580576,0.43411759364411123,-0.24683121228742735,3,0,1,1,1,0,0,0,0,0,1,0,0,0,1,0,1,0,0,0,0,1,0,1,0,0,1,0
0,-0.7961435771031307,1.24278351698742,-0.4108925647858995,1.3144809805500814,3,1,1,0,1,0,1,1,0,0,0,0,0,0,1,0,0,0,1,0,1,0,0,1,1,0,0,1
1,-0.551432321070759,1.031557778279935,-0.22608312767710392,0.9509624726335036,3,1,0,0,1,0,0,1,0,0,0,0,0,0,1,0,0,0,1,0,1,0,0,1,1,0,0,1
0,0.9576204244621995,1.4939259307262407,1.6849893936788878,1.4657406163671653,5,0,1,0,1,0,1,1,0,0,1,0,1,0,1,0,0,0,1,0,1,1,0,0,0,0,0,0
0,-0.7553583677644021,0.43946043198178764,-0.5152752642844457,0.5066335248646391,1,0,1,0,1,0,0,1,0,0,0,0,0,0,0,0,0,0,0,0,1,0,0,1,0,1,0,0
0,0.7944795871072851,-0.8312203898490671,-0.11887688939246006,-0.8628617317908905,2,1,1,0,0,1,0,0,0,0,1,0,0,0,0,0,0,0,0,0,1,0,0,1,0,1,0,0
0,1.0391908431396566,0.00037700663709471546,0.664015415743403,0.018198100886214454,4,0,0,0,1,0,0,0,0,0,1,0,1,0,1,0,1,0,0,0,0,0,1,1,1,0,0,0
1,0.590553540413642,1.0032834667994053,0.9768546896843124,1.026147687995848,3,0,0,0,1,0,1,1,0,0,0,0,1,0,0,0,1,0,1,0,0,0,0,1,0,1,0,1
0,1.4062577271882142,-0.38215779574653985,0.5685886283320103,-0.38025955573202397,4,0,0,0,0,1,0,0,0,0,0,0,0,0,1,0,1,0,1,0,1,0,0,1,1,0,0,0
0,-1.2447808798291453,-1.330178827740764,-0.9885268355105259,-1.3274541696354243,0,1,0,0,0,1,0,0,0,0,0,0,0,0,0,0,0,0,0,0,0,0,0,1,1,0,0,0
1,-1.081640042474231,-0.671553689723724,-0.8884676797781915,-0.6234991853637838,0,1,0,0,1,0,0,0,0,0,0,0,0,0,0,0,0,0,0,0,0,0,0,0,1,0,0,0
0,1.5693985645431285,1.6336342933359158,2.5965733025498565,1.666405192741144,6,1,1,1,1,0,1,1,0,0,1,0,1,0,1,0,1,0,1,0,1,0,1,1,0,0,0,0
0,0.5497683310749134,-1.48485594348719,-0.6176506041772507,-1.5096171164731729,0,0,1,1,1,0,0,0,1,1,0,1,0,1,0,1,0,1,0,1,0,0,1,0,0,0,0,0
0,-1.1224252518129596,-0.36718904260978885,-0.895835351298165,-0.4286683160904869,2,0,0,0,1,0,0,0,0,0,1,0,0,0,0,0,1,0,0,0,0,0,0,0,1,0,0,1
1,1.4062577271882142,0.6307278331736048,1.455201866063428,0.6141661342851993,2,1,1,0,1,0,1,1,0,0,1,0,1,0,0,0,0,0,0,0,0,0,0,0,0,0,0,0
0,-1.2039956704904167,-1.4865191382801624,-0.9881297753687308,-1.592127982403176,0,1,0,1,1,0,0,0,1,1,0,1,0,1,0,1,0,1,0,1,0,0,0,0,0,0,0,0
0,-1.2039956704904167,-1.4948351122450239,-0.9848650586473054,-1.5103498523622008,0,0,0,0,1,0,0,0,1,1,0,1,0,1,0,1,0,1,0,1,0,0,0,0,0,0,1,0
1,0.7944795871072851,1.3076481139133407,1.4461797772859757,1.3988624944086299,4,1,1,0,1,0,1,1,0,0,1,0,0,0,1,0,0,0,1,0,1,0,0,1,0,1,0,1
0,0.38662749371999894,-0.48693906770379614,-0.0382516217113133,-0.4118311779266452,0,0,1,0,1,0,1,0,0,0,0,0,0,0,0,0,0,0,0,0,0,0,0,1,0,1,0,1
0,0.7129091684298279,-1.4815295539012454,-0.5962093565203219,-1.5287278294241118,0,1,1,1,1,0,0,0,1,1,0,1,0,1,0,1,0,1,0,1,0,1,0,1,0,0,1,0
1,-0.3882914837158446,0.8353007927092008,-0.11746511999941134,0.7663206151651447,3,1,1,0,1,0,0,1,0,0,1,0,1,0,0,0,0,0,0,0,1,0,0,1,0,1,0,0
0,1.4062577271882142,-0.3555466790589825,0.5883533998346935,-0.3580913817152691,5,0,1,1,0,1,0,0,0,0,1,0,1,0,1,0,1,0,1,0,0,0,1,0,1,0,0,0
0,-0.30672106503838736,1.1513078033739421,0.034719208791897,0.9903590576989048,4,0,0,0,1,0,0,1,0,0,0,0,1,0,1,0,0,0,1,0,1,0,0,1,0,1,0,1
1,0.2642718657038131,1.1380022450301635,0.7004125954079425,1.1452716584642586,4,0,1,0,1,0,0,1,0,0,1,0,1,0,0,0,0,0,1,0,1,1,0,0,0,0,1,0
0,1.4878281458656715,0.06690479835598764,1.0092150912406028,0.04828749217317171,3,0,0,0,1,0,1,0,0,0,1,0,1,0,0,0,1,0,0,0,0,0,1,1,0,0,1,0
0,-1.285566089167874,-1.2985781266742897,-0.9990489292680927,-1.2943008736728665,0,0,0,0,0,1,0,0,0,0,0,0,0,0,0,0,0,0,0,0,0,1,0,0,0,0,1,0
0,-0.02122459966728712,0.8702278833616195,0.2563890623973262,0.823676718085151,2,1,0,0,1,0,0,1,0,0,0,0,0,0,0,0,0,0,1,0,1,0,0,0,0,1,0,0
0,-0.9592844144580451,0.20328677137971796,-0.7137391584916352,0.32615855898592233,0,0,0,0,1,0,0,1,0,0,0,0,0,0,0,0,0,0,0,0,0,0,0,0,0,1,0,1
0,-0.6737879490869448,0.9417452594594296,-0.316171662071031,1.1095202917123277,3,0,0,0,1,0,0,1,0,0,0,0,1,0,1,0,0,0,0,0,1,0,0,1,1,0,0,1
0,1.1207612618171139,-1.4615712163855774,-0.4499147531656392,-1.4492649045511883,0,1,1,1,1,0,0,0,1,1,0,1,0,1,0,1,0,1,0,1,0,0,1,1,0,0,0,0
0,1.6101837738818572,1.473967593210573,2.3916682104868814,1.3995195388959218,5,0,1,1,1,0,1,1,0,0,0,0,1,0,1,0,1,0,1,0,1,0,1,1,0,0,0,0
0,-1.1224252518129596,-1.5147934497606919,-0.9548429001482518,-1.3155189830889034,0,1,1,0,1,0,0,0,1,1,0,1,0,1,0,1,0,1,0,1,0,0,0,0,0,0,1,1
1,-0.2659358556996588,0.6955924300995255,-0.04266340106459082,0.6458682598590396,2,0,0,0,1,0,0,1,0,0,1,0,0,0,0,0,0,0,1,0,0,0,0,1,1,0,0,0
0,-1.2039956704904167,-1.4981615018309686,-0.9819753431709086,-1.437965156177283,0,1,0,0,1,0,0,0,1,1,0,1,0,1,0,1,0,1,0,1,0,0,0,0,0,0,1,1
0,-1.2447808798291453,-1.504814281002858,-0.9966886273140894,-1.6341221572890823,0,1,0,0,1,0,0,0,1,1,0,1,0,1,0,1,0,1,0,1,0,0,0,1,0,1,0,0
0,-1.2447808798291453,-1.4765399695223285,-0.9935783228700286,-1.5172567890210666,0,0,0,1,1,0,0,0,1,1,0,1,0,1,0,1,0,1,0,1,0,1,0,0,0,0,0,0
0,0.14191623768762732,0.8236584291583947,0.46665446637453295,0.9320350427016632,5,0,0,0,1,0,1,0,0,0,1,0,0,0,1,0,1,0,1,0,1,1,0,1,1,0,0,0
0,-1.0408548331355023,0.3147208225088634,-0.7750408326054264,0.37591481506941166,1,1,0,0,1,0,0,1,0,0,1,0,0,0,0,0,0,0,0,0,0,0,0,0,0,0,1,0
1,1.1207612618171139,-0.5135501843913532,0.2722935269658917,-0.544732479706074,3,0,1,0,0,1,0,0,0,0,0,0,1,0,0,0,0,0,1,0,1,0,1,1,1,0,0,0
0,-0.551432321070759,0.8053632864356988,-0.2953921813170939,0.676837062332566,2,0,1,0,1,0,1,1,0,0,0,0,1,0,0,0,0,0,0,0,1,0,0,1,0,1,0,0
1,0.5089831217361848,0.34133193919642096,0.5250002483216282,0.41279917243473946,4,1,1,0,1,0,1,0,0,0,1,0,0,0,1,0,1,0,0,0,1,0,1,0,1,0,0,0
1,-1.1632104611516882,0.19164440782891187,-0.8808132426002551,0.28421043034440874,0,1,0,0,1,0,0,1,0,0,0,0,0,0,0,0,0,0,0,0,0,0,0,1,0,1,0,0
0,-0.06200980900601573,1.3076481139133407,0.42048519544248364,1.3174302253646168,4,0,1,1,1,0,1,1,0,0,0,0,0,0,1,0,1,0,1,0,1,0,0,1,0,1,0,1
0,0.590553540413642,0.8369639875021729,0.8147879751416623,0.7670229375310491,3,1,1,1,1,0,0,1,0,0,1,0,0,0,1,0,0,0,0,0,1,0,0,0,0,1,0,0
0,-1.285566089167874,0.47771391222015125,-0.9754900275215908,0.4760851307277108,1,1,0,0,1,0,0,1,0,0,0,0,0,0,0,0,0,0,0,0,1,0,0,1,0,1,0,1
0,-1.285566089167874,-0.6649009105518348,-0.990644489600099,-0.6627305855861438,0,0,0,0,1,0,0,0,0,0,0,0,0,0,0,0,0,0,0,0,0,0,0,1,0,0,0,1
0,-1.285566089167874,-1.5131302549677197,-1.0018945269509567,-1.5081396326313634,0,0,0,0,1,0,0,0,1,1,0,1,0,1,0,1,0,1,0,1,0,0,0,0,1,0,0,0
1,1.0799760524783852,0.7937209228848927,1.349252984894468,0.8542012807820332,2,0,1,1,1,0,1,1,0,0,0,0,0,0,1,0,0,0,0,0,1,0,0,1,1,0,0,0
0,-0.9184992051193165,0.17334926510621596,-0.7194303538573631,0.035643593865132814,0,1,1,0,1,0,0,1,0,0,0,0,0,0,0,0,0,0,0,0,0,0,0,1,0,1,0,1
1,0.1011310283488987,0.8685646885686472,0.39271304441360166,0.8613737916640054,2,1,0,0,1,0,1,1,0,0,1,0,0,0,0,0,0,0,0,0,1,0,0,0,1,0,0,0
0,-1.1632104611516882,-1.1721753224083933,-0.9581737935599764,-1.1691471814142116,1,1,0,0,0,1,0,0,0,0,0,0,0,0,1,0,0,0,0,0,0,0,0,1,0,1,0,1
0,-0.02122459966728712,0.8619119093967579,0.3236025208445092,0.9815174880818901,3,1,1,1,1,0,0,1,0,0,1,0,1,0,0,0,0,0,0,0,1,1,0,1,0,1,0,0
0,0.4274127030587276,0.431144458016926,0.4744853747266006,0.44377994233628837,1,1,0,0,1,0,1,1,0,0,0,0,1,0,0,0,0,0,0,0,0,0,0,1,0,1,0,1
0,-1.1632104611516882,-0.3522202894730381,-0.9242913281268049,-0.532603898933105,1,1,0,0,1,0,0,0,0,0,0,0,0,0,0,0,0,0,0,0,1,0,0,0,0,1,0,1
1,0.8760500057847422,-1.5280990081044703,-0.5555548097798696,-1.5182698063977005,0,0,1,0,1,0,0,0,1,1,0,1,0,1,0,1,0,1,0,1,0,0,1,1,0,0,1,0
1,-0.877713995780588,1.0066098563853503,-0.5703122117165828,0.8555396726991656,2,0,0,0,1,0,1,1,0,0,0,0,0,0,0,0,0,0,1,0,1,0,0,1,0,0,0,1
1,1.3654725178494855,1.2477731013663371,1.8447840418546002,1.099643372290149,3,0,0,0,1,0,1,1,0,0,1,0,0,0,0,0,0,0,1,0,1,0,1,1,0,0,0,0
0,1.1615464711558425,1.164613361717721,1.743092527761553,1.2408392741525447,3,1,1,1,1,0,1,1,0,0,0,0,0,0,1,0,0,0,1,0,1,1,0,1,0,1,0,0
0,1.6101837738818572,0.7920577280919204,1.8577987909467688,0.8423139355029917,6,1,1,1,1,0,1,0,0,0,1,0,1,0,1,0,1,0,1,0,1,0,1,0,1,0,0,0
0,0.4681979123974562,-0.3522202894730381,0.011800015051620143,-0.40541579987674775,4,1,1,1,0,1,0,0,0,0,0,0,0,0,1,0,1,0,1,0,1,1,0,1,0,1,0,0
0,0.34584228438127035,-0.30565083526981285,-0.02329568970370245,-0.341992662572766,1,1,0,0,1,0,1,0,0,0,0,0,0,0,1,0,0,0,0,0,0,0,0,1,0,0,0,0
0,0.7129091684298279,1.299332139948479,1.2974807541837565,1.3173831690735733,4,1,1,0,1,0,1,1,0,0,1,0,0,0,1,0,0,0,1,0,1,1,0,1,0,1,0,0
0,0.590553540413642,1.5288530213786593,1.3171131723058416,1.5701791669559029,5,1,1,0,1,0,1,1,0,0,1,0,0,0,1,0,1,0,1,0,1,1,0,1,1,0,0,1
0,-1.0000696237967737,-1.4881823330731347,-0.9374384305995721,-1.4654547640795703,0,1,1,1,1,0,0,0,1,1,0,1,0,1,0,1,0,1,0,1,0,0,1,0,0,0,1,0
0,-0.5922175304094877,-1.4915087226590795,-0.8522910890813158,-1.491010429717375,0,1,0,0,1,0,0,0,1,1,0,1,0,1,0,1,0,1,0,1,0,0,0,0,0,0,1,0
0,1.6101837738818572,0.9001653896351215,1.9078945455032348,0.8945994460106081,6,1,1,1,1,0,1,0,0,0,1,0,1,0,1,0,1,0,1,0,1,0,1,1,1,0,0,0
0,-1.285566089167874,0.5192937820444593,-0.974938555102431,0.5175267506809078,1,1,0,0,1,0,0,1,0,0,0,0,0,0,0,0,0,0,0,0,1,0,0,0,0,1,0,1
1,0.38662749371999894,-0.3073140300627853,0.05796928598366948,-0.2396708481782209,1,0,0,0,1,0,1,0,0,0,0,0,0,0,1,0,0,0,0,0,0,0,0,0,0,1,0,0
1,-0.5922175304094877,0.32636318605966996,-0.43930442382100676,0.2331451453131911,1,0,0,0,1,0,0,1,0,0,0,0,1,0,0,0,0,0,0,0,0,0,0,1,0,1,0,0
0,-0.7961435771031307,1.3059849191203683,-0.4373191231120319,1.1617207937687584,4,0,0,1,1,0,1,1,0,0,0,0,1,0,1,0,0,0,1,0,1,1,0,1,1,0,0,0
0,1.4470429365269428,0.6240750540017159,1.5189961955118207,0.6439968238086644,2,0,1,1,1,0,1,1,0,0,0,0,1,0,0,0,1,0,0,0,0,1,0,1,0,0,0,0
0,-1.1632104611516882,0.2432034464110538,-0.8756514607569204,0.3811838210348897,0,1,0,0,1,0,1,1,0,0,0,0,0,0,0,0,0,0,0,0,0,0,0,1,0,0,0,1
0,1.4878281458656715,1.5022419046911022,2.267829564040382,1.4190321354598754,5,1,0,0,1,0,1,1,0,0,1,0,1,0,1,0,0,0,1,0,1,0,1,1,1,0,0,0
0,-0.6330027397482163,-0.4453591978794881,-0.613172648133674,-0.39516398522950225,1,1,0,0,1,0,0,0,0,0,0,0,0,0,0,0,1,0,0,0,0,0,0,0,0,0,1,1
0,-0.30672106503838736,-1.3102204902250962,-0.7322465728786344,-1.3150548369454276,0,1,1,1,1,0,1,0,1,1,0,1,0,1,0,1,0,1,0,1,0,0,1,0,1,0,0,0
1,0.4274127030587276,0.8203320395724497,0.6910596231789943,0.8222672211274404,2,1,0,0,1,0,0,1,0,0,0,0,0,0,0,0,0,0,1,0,1,0,0,1,0,0,1,1
0,1.0799760524783852,-1.509803865381775,-0.4710471762678385,-1.4642817555147936,0,0,1,1,1,0,0,0,1,1,0,1,0,1,0,1,0,1,0,1,0,0,1,0,1,0,0,0
1,-1.1224252518129596,0.5259465612163488,-0.8450998887354735,0.33385749104833884,2,0,0,0,1,0,0,1,0,0,1,0,1,0,0,0,0,0,0,0,0,0,0,0,0,1,0,0
0,-0.46986190239330183,0.41950209446611997,-0.29353923398871734,0.41412004184531137,4,1,1,1,1,0,1,0,0,0,1,0,1,0,0,0,1,0,1,0,0,1,0,0,0,0,1,1
0,1.4878281458656715,1.3375856201868421,2.1813807476129083,1.3248815797517137,5,0,1,1,1,0,1,1,0,0,1,0,1,0,1,0,1,0,1,0,0,1,0,1,1,0,0,0
0,-0.7961435771031307,-1.3218628537759025,-0.8640484810578005,-1.305011938522308,0,1,0,0,0,1,0,0,0,0,0,0,0,0,0,0,0,0,0,0,0,0,0,1,0,0,0,0
0,0.38662749371999894,1.0099362459712946,0.7363244793436217,0.9740555297272224,3,1,1,0,1,0,1,1,0,0,0,0,1,0,1,0,0,0,1,0,0,0,0,1,0,0,0,1
0,0.7944795871072851,1.0232418043150735,1.2344364272254205,1.0928639483080616,3,1,1,0,1,0,1,1,0,0,0,0,1,0,0,0,1,0,0,0,1,0,0,1,1,0,0,0
1,0.5497683310749134,0.6689813134119684,0.7407583175936656,0.7095275777336328,2,1,0,0,1,0,0,1,0,0,1,0,0,0,0,0,0,0,0,0,1,0,0,0,0,1,0,1
0,1.1615464711558425,0.5292729508022932,1.1340463880415907,0.49054214175400646,5,1,1,0,1,0,1,0,0,0,1,0,1,0,1,0,1,0,0,0,1,0,1,1,0,0,0,0
0,-0.14358022768347295,-1.3318420225337362,-0.6627831069612797,-1.2504013369500317,0,1,0,0,0,1,0,0,0,0,0,0,0,0,0,0,0,0,0,0,0,1,0,1,0,0,1,0
0,-0.30672106503838736,-0.33725153633628707,-0.45176770049401577,-0.4719665206175873,2,0,0,1,1,0,0,0,0,0,0,0,1,0,0,0,1,0,0,0,0,1,0,1,1,0,0,0
0,-1.1224252518129596,0.6939292353065533,-0.8026806302537101,0.9713953724083217,2,0,1,1,1,0,0,1,0,0,0,0,0,0,0,0,1,0,1,0,0,0,0,1,0,1,0,1
0,-0.7145731584256735,-0.4703071197740729,-0.7068347238037558,-0.6302403555428372,3,1,0,0,0,1,0,0,0,0,0,0,0,0,1,0,0,0,1,0,1,1,0,0,0,1,0,0
0,-0.551432321070759,-1.4881823330731347,-0.8394086933697454,-1.4748118456374237,0,0,1,1,1,0,0,0,1,1,0,1,0,1,0,1,0,1,0,1,0,0,1,0,0,0,1,0
0,0.4681979123974562,-1.4915087226590795,-0.6375477290605324,-1.5144312240242577,0,1,0,0,1,0,0,0,1,1,0,1,0,1,0,1,0,1,0,1,0,0,1,0,0,0,1,0
1,-1.081640042474231,1.1097279335496342,-0.7631290283515771,0.94630937846332,3,0,0,0,1,0,1,1,0,0,0,0,1,0,0,0,0,0,1,0,1,0,0,1,0,1,0,1
0,1.0391908431396566,0.22324510889538565,0.8558395820239099,0.26673349889518094,4,1,1,1,1,0,1,0,0,0,1,0,1,0,1,0,1,0,0,0,0,0,1,0,1,0,0,0
0,1.2023316804945712,0.5508944831109336,1.187958331738642,0.51327564256958,2,1,1,1,1,0,0,1,0,0,1,0,1,0,0,0,0,0,0,0,0,1,0,1,1,0,0,0
0,1.5286133552044,-0.21583831644930754,0.8041776457970299,-0.2032495844707827,5,0,1,1,0,1,0,0,0,0,0,0,1,0,1,0,1,0,1,0,1,1,0,1,0,0,0,0
1,-1.285566089167874,-1.3035677110532067,-0.9991151059583919,-1.2992738680672502,0,0,0,0,0,1,0,0,0,0,0,0,0,0,0,0,0,0,0,0,0,0,0,1,0,0,1,1
0,-0.9184992051193165,-0.37217862698870574,-0.780599674590556,-0.4240268546557288,5,1,1,1,0,1,0,0,0,0,1,0,1,0,1,0,1,0,0,0,1,0,1,0,1,0,0,0
0,-0.2659358556996588,-1.5064774757958301,-0.8022835701119151,-1.5496450089229497,0,1,0,0,1,0,0,0,1,1,0,1,0,1,0,1,0,1,0,1,0,1,0,1,0,0,0,0
0,1.3654725178494855,0.8153424551935331,1.6264230227641285,0.8510187687042713,2,1,0,0,1,0,1,1,0,0,0,0,1,0,0,0,0,0,0,0,1,0,0,0,1,0,0,0
0,-1.0408548331355023,0.13675897966082504,-0.7868202834786773,0.24945867189794177,0,0,1,1,1,0,0,1,0,0,0,0,0,0,0,0,0,0,0,0,0,0,0,1,0,1,0,1
0,0.7536943777685564,0.6423701967244113,0.8865014485291887,0.6438018044206495,2,1,1,1,1,0,1,1,0,0,0,0,1,0,0,0,1,0,0,0,0,1,0,0,0,0,0,0
0,1.6101837738818572,1.3708495160462886,2.3198223837187575,1.3245332299028316,5,1,1,1,1,0,1,1,0,0,1,0,1,0,1,0,1,0,1,0,0,0,1,1,1,0,0,0
0,1.324687308510757,-1.3019045162602345,-0.2804141904127167,-1.3073071667043314,0,1,0,0,1,0,1,0,1,1,0,1,0,1,0,1,0,1,0,1,0,0,1,0,0,0,1,0
0,-1.2447808798291453,-0.6266474303134714,-0.9750047317927303,-0.8193799090092286,0,1,0,0,1,0,0,0,0,0,0,0,0,0,0,0,0,0,0,0,0,0,0,0,0,0,0,1
0,1.5286133552044,0.002040201430066944,0.9975679937479504,0.0043610910318908494,3,1,0,1,1,0,1,0,0,0,1,0,1,0,0,0,1,0,0,0,0,1,0,0,0,0,0,0
0,1.6101837738818572,0.6839500665487195,1.7369822133572634,0.7162162952342914,5,1,1,0,1,0,1,0,0,0,0,0,1,0,1,0,1,0,1,0,1,0,1,1,1,0,0,0
0,-1.285566089167874,-1.4915087226590795,-1.0016077612929937,-1.486589990255701,0,0,1,1,1,0,0,0,1,1,0,1,0,1,0,1,0,1,0,1,0,0,0,0,0,0,1,0
1,-1.285566089167874,0.382911809020729,-0.9767473846372747,0.38159823723442177,1,0,1,0,1,0,0,1,0,0,0,0,1,0,0,0,0,0,0,0,0,0,0,1,0,0,1,1
0,-1.1224252518129596,1.1845716992333886,-0.7836879201378503,1.2568452506459429,3,0,0,0,1,0,1,1,0,0,0,0,0,0,1,0,0,0,1,0,1,0,0,1,0,1,0,1
0,-1.2039956704904167,-1.4698871903504391,-0.9850856476149693,-1.5158754016892932,0,1,0,0,1,0,0,0,1,1,0,1,0,1,0,1,0,1,0,1,0,0,0,0,0,0,1,0
0,1.0391908431396566,-1.3168732693969856,-0.3600026899458433,-1.3085625070222773,0,1,0,0,1,0,1,0,1,1,0,1,0,1,0,1,0,1,0,1,0,0,1,1,1,0,0,0
1,-0.4290766930545732,-0.8262308054701502,-0.6221285602208273,-0.8248803422030165,2,1,1,1,0,1,0,0,0,0,1,0,0,0,0,0,0,0,0,0,1,0,0,0,0,0,1,1
1,0.01956060967144149,1.1878980888193331,0.43230876410926744,1.1341278233178698,3,1,1,0,1,0,1,1,0,0,0,0,1,0,0,0,0,0,1,0,1,0,0,1,0,0,0,0
0,-1.285566089167874,0.16835968072729926,-0.9795929823201389,0.16775947827592494,0,1,0,0,1,0,0,1,0,0,0,0,0,0,0,0,0,0,0,0,0,0,0,0,0,1,0,1
1,0.8760500057847422,0.30307845895805735,0.7185891263434461,0.254848275170162,0,1,1,0,1,0,1,1,0,0,0,0,0,0,0,0,0,0,0,0,0,0,0,0,0,0,0,0
0,1.6101837738818572,1.1479814137879978,2.2038367045210907,1.2034776533951037,3,1,1,0,1,0,1,1,0,0,0,0,1,0,0,0,0,0,1,0,1,0,1,1,0,1,0,0
0,-1.285566089167874,0.945071649045374,-0.9692914775302357,0.9418889390016454,2,1,0,1,1,0,1,1,0,0,0,0,0,0,0,0,0,0,1,0,1,0,0,1,0,1,0,1
0,-1.2039956704904167,-0.5235293531491874,-0.9358722489291584,-0.28312534681485885,1,1,0,0,1,0,0,0,0,0,0,0,0,0,1,0,0,0,0,0,0,0,0,1,0,1,0,1
0,1.6101837738818572,1.4157557754565417,2.3682196032242118,1.3750459600013394,5,0,1,1,1,0,1,1,0,0,1,0,1,0,1,0,1,0,0,0,1,0,1,0,1,0,0,0
0,1.6101837738818572,0.6224118592087432,1.6186582911023604,0.5927202677737645,5,0,1,1,1,0,1,0,0,0,1,0,1,0,1,0,0,0,1,0,1,0,1,1,1,0,0,0
1,0.8760500057847422,1.136339050237191,1.3258926132188638,1.0999810447490268,3,1,1,0,1,0,1,1,0,0,0,0,0,0,1,0,0,0,1,0,1,0,0,1,1,0,0,0
0,1.0799760524783852,0.5059882237006805,1.0600829071838929,0.48589063944883987,4,0,1,0,1,0,1,0,0,0,0,0,1,0,0,0,1,0,1,0,1,1,0,1,0,1,0,0
0,0.8760500057847422,0.013682564980873018,0.5393605901165467,0.005431118044438982,3,1,0,0,1,0,0,0,0,0,1,0,1,0,0,0,0,0,1,0,0,0,1,1,0,0,0,0
0,1.1207612618171139,0.8203320395724497,1.2974366363902237,0.7392117896838766,2,1,0,0,1,0,1,1,0,0,0,0,0,0,1,0,0,0,1,0,0,0,1,1,0,1,0,0
0,1.1207612618171139,-0.13600496638663606,0.5793092521604745,-0.1602095020336766,5,0,1,0,0,1,0,0,0,0,0,0,1,0,1,0,1,0,1,0,1,0,1,0,1,0,0,0
0,-1.2039956704904167,0.3197104068877806,-0.9145192368592954,0.25174782804773754,0,1,0,0,1,0,1,1,0,0,0,0,0,0,0,0,0,0,0,0,0,0,0,0,0,1,0,0
0,1.4878281458656715,1.139665439823136,2.022799338759348,1.1521721270887957,3,0,1,0,1,0,1,1,0,0,1,0,0,0,0,0,0,0,1,0,1,0,1,0,0,0,0,0
0,-1.285566089167874,-1.5181198393466364,-1.001960703641256,-1.513112627025747,0,0,1,1,1,0,0,0,1,1,0,1,0,1,0,1,0,1,0,1,0,0,0,0,0,1,0,0
0,0.7129091684298279,-0.8461891429858178,-0.11867835932156266,-0.811025278426664,2,1,1,1,0,1,0,0,0,0,1,0,0,0,0,0,0,0,1,0,0,0,0,1,1,0,0,0
0,0.9576204244621995,-0.666564105344807,0.12114596632260355,-0.6328038157485139,2,0,0,0,0,1,0,0,0,0,0,0,0,0,0,0,0,0,1,0,1,0,0,1,1,0,0,0
0,1.1207612618171139,1.0748008428972153,1.4653268996792,0.9494865693263984,4,0,1,0,1,0,0,1,0,0,1,0,0,0,0,0,1,0,1,0,1,0,1,1,0,1,0,0
1,1.4878281458656715,1.5188738526208254,2.3469548267414146,1.5052066808350164,5,1,1,0,1,0,1,1,0,0,1,0,0,0,1,0,1,0,1,0,1,1,0,1,0,0,1,0
0,-1.285566089167874,-0.9925502847673825,-0.9949900922630773,-0.9892905508173365,1,0,0,0,0,1,0,0,0,0,0,0,0,0,0,0,0,0,0,0,1,0,0,0,0,0,1,1
1,-1.285566089167874,0.2698145630986109,-0.9782473896173892,0.2688770309617256,1,0,0,0,1,0,0,1,0,0,0,0,1,0,0,0,0,0,0,0,0,0,0,1,0,1,0,1
0,-1.2039956704904167,-1.4964983070379965,-0.9902694883550704,-1.6457258108759776,0,0,1,0,1,0,0,0,1,1,0,1,0,1,0,1,0,1,0,1,0,0,0,1,0,0,1,0
0,1.1207612618171139,0.4012069517434245,0.9942371003362257,0.3594684121794144,4,1,1,1,1,0,0,0,0,0,0,0,1,0,0,0,1,0,1,0,1,0,1,0,0,0,0,0
0,-0.7961435771031307,-0.9809079212165762,-0.8117468368246954,-1.0026793818791386,2,0,0,0,0,1,0,0,0,0,0,0,0,0,1,0,1,0,0,0,0,0,1,0,0,0,1,0
0,1.2023316804945712,-1.4782031643153006,-0.4380911844988555,-1.4575808562884631,0,1,1,1,1,0,0,0,1,1,0,1,0,1,0,1,0,1,0,1,0,0,1,0,0,0,0,0
0,0.5089831217361848,1.0598320897604643,0.9495898932810573,1.1218376620873054,3,0,0,0,1,0,1,1,0,0,1,0,1,0,0,0,0,0,0,0,1,1,0,0,0,0,0,0
0,-0.30672106503838736,-0.3555466790589825,-0.3825910002346241,-0.2640290483404257,4,0,0,0,0,1,0,0,0,0,0,0,0,0,1,0,1,0,1,0,1,1,0,0,0,1,0,0
0,0.4681979123974562,1.17126614088961,0.9211780342459501,1.1477030933692052,4,1,0,0,1,0,0,1,0,0,0,0,0,0,1,0,1,0,1,0,1,0,1,0,0,0,0,0
0,-1.2447808798291453,-0.6532585470010285,-0.977717976094996,-0.9213262940940933,0,0,0,0,1,0,0,0,0,0,0,0,0,0,0,0,0,0,0,0,0,0,0,1,0,0,1,0
1,0.01956060967144149,0.6307278331736048,0.18791824683445904,0.5776045415463911,2,1,0,0,1,0,1,1,0,0,0,0,1,0,1,0,0,0,0,0,0,0,0,1,1,0,0,1
0,-0.4290766930545732,-1.4648976059715222,-0.8116365423408634,-1.4721984458719541,0,0,0,0,1,0,0,0,1,1,0,1,0,1,0,1,0,1,0,1,0,1,0,0,0,0,0,0
0,0.1011310283488987,-1.0457725181424966,-0.4916943036411774,-1.0375049155171705,2,0,0,0,0,1,0,0,0,0,0,0,0,0,1,0,1,0,0,0,0,0,0,1,0,0,1,0
0,-0.14358022768347295,-1.4865191382801624,-0.7639231486351671,-1.5124838576195607,0,0,1,1,1,0,0,0,1,1,0,1,0,1,0,1,0,1,0,1,0,0,1,0,0,0,1,0
1,-0.22515064636093016,0.6989188196854704,-0.03099424467517185,0.5747468837125812,2,1,1,0,1,0,1,1,0,0,1,0,0,0,1,0,0,0,0,0,0,1,0,1,0,1,0,0
0,0.8760500057847422,-0.12935218721474667,0.4379558416814628,-0.13568527227026228,3,1,0,1,1,0,0,0,0,0,0,0,1,0,1,0,1,0,0,0,0,1,0,1,0,1,0,0
1,-1.2447808798291453,0.19164440782891187,-0.9476516998024096,0.20837226583005786,0,0,0,0,1,0,0,1,0,0,0,0,0,0,0,0,0,0,0,0,0,0,0,1,0,1,0,1
0,0.9984056338009281,0.7321827155449169,1.1686347381712863,0.7215358482048918,1,1,0,0,1,0,1,1,0,0,0,0,0,0,0,0,0,0,1,0,0,1,0,1,0,1,0,0
0,1.2023316804945712,0.1500645380046038,0.859038122055036,0.1146072586198243,4,1,0,0,1,0,1,0,0,0,1,0,1,0,1,0,1,0,0,0,0,0,1,0,0,0,0,0
0,-0.7145731584256735,-1.4815295539012454,-0.8622396515229567,-1.4087902557302325,0,0,1,1,1,0,0,0,1,1,0,1,0,1,0,1,0,1,0,1,0,1,0,0,1,0,0,0
0,-1.2447808798291453,-1.4815295539012454,-0.9958062714434338,-1.6009688613265247,0,1,0,0,1,0,0,0,1,1,0,1,0,1,0,1,0,1,0,1,0,0,0,0,0,0,1,1
0,1.5286133552044,1.310974503499285,2.160954209207234,1.2532931117928117,4,0,1,0,1,0,1,1,0,0,0,0,0,0,1,0,1,0,1,0,1,0,1,1,0,0,0,0
0,-0.46986190239330183,-0.6632377157588624,-0.6018123162989844,-0.6890164130993146,0,0,1,1,1,0,0,0,0,0,0,0,0,0,0,0,0,0,0,0,0,0,0,1,0,1,0,0
0,-0.3882914837158446,-0.5135501843913532,-0.5166208569871954,-0.5378291466663343,1,0,0,1,1,0,0,0,0,0,0,0,0,0,0,0,1,0,0,0,0,1,0,1,0,1,0,0
0,-1.081640042474231,-1.4732135799363837,-0.9590120316370992,-1.5070345227659445,0,1,0,0,1,0,0,0,1,1,0,1,0,1,0,1,0,1,0,1,0,1,0,0,0,0,1,0
0,-1.1632104611516882,-1.5081406705888027,-0.9801003369457657,-1.58107688374899,0,1,1,1,1,0,0,0,1,1,0,1,0,1,0,1,0,1,0,1,0,0,1,0,1,0,0,0
0,-1.2039956704904167,1.134675855444219,-0.883658840283119,1.0247721789080395,4,0,0,0,1,0,0,1,0,0,1,0,0,0,1,0,0,0,1,0,1,0,0,1,1,0,0,1
0,-0.3882914837158446,0.9517244282172633,0.02258681557038381,1.2239081718309677,2,0,0,0,1,0,1,1,0,0,0,0,0,0,0,0,0,0,1,0,1,0,0,1,0,1,0,0
0,-0.2659358556996588,-0.34390431550817646,-0.40919402973488767,-0.4135070588214559,4,1,0,0,0,1,0,0,0,0,1,0,0,0,0,0,1,0,1,0,1,1,0,0,1,0,0,0
0,-1.0000696237967737,-1.4915087226590795,-0.9382766686766948,-1.4733286718706777,0,0,0,1,1,0,0,0,1,1,0,1,0,1,0,1,0,1,0,1,0,0,0,0,0,0,1,0
0,-0.2659358556996588,0.6340542227595497,-0.01595007708049553,0.7230771856487648,1,1,0,0,1,0,1,1,0,0,0,0,0,0,0,0,0,0,0,0,1,0,0,1,0,1,0,1
0,-1.2447808798291453,0.48436669139204064,-0.9464164015834918,0.25478688017763873,1,1,0,0,1,0,1,1,0,0,0,0,1,0,0,0,0,0,0,0,0,0,0,1,0,1,0,0
0,1.4062577271882142,1.7068148642266983,2.4096903291450205,1.684720698688086,6,1,0,0,1,0,1,1,0,0,1,0,1,0,1,0,1,0,1,0,1,0,1,0,1,0,0,1
0,1.5693985645431285,0.9583772073891528,1.8948577375143,0.9237013210052849,2,0,1,0,1,0,1,1,0,0,0,0,0,0,0,0,0,0,1,0,1,0,1,1,0,0,0,1
0,1.0799760524783852,0.497672249735819,1.1010683373758412,0.5380930325831049,5,0,0,0,1,0,1,0,0,0,1,0,1,0,1,0,1,0,0,0,1,1,0,0,1,0,0,0
0,0.2642718657038131,1.1679397513036653,0.681706650950046,1.1092280751613757,3,1,1,1,1,0,1,1,0,0,0,0,0,0,1,0,0,0,1,0,1,1,0,0,0,1,0,0
0,-0.46986190239330183,-1.5064774757958301,-0.8353057385711974,-1.5245584077747252,0,1,0,1,1,0,0,0,1,1,0,1,0,1,0,1,0,1,0,1,0,0,1,0,0,0,1,0
0,-1.285566089167874,-1.5031510862098856,-1.0017621735703583,-1.498193643842596,0,1,0,0,1,0,0,0,1,1,0,1,0,1,0,1,0,1,0,1,0,0,0,0,0,0,1,1
0,0.6313387497523706,-1.4865191382801624,-0.5572533448308814,-1.4417985060229537,0,0,1,1,1,0,0,0,1,1,0,1,0,1,0,1,0,1,0,1,0,0,1,0,0,0,0,0
1,-0.06200980900601573,-0.48194948332487925,-0.31334812328493344,-0.4614579952586165,4,0,1,0,0,1,0,0,0,0,1,0,1,0,1,0,0,0,0,0,1,1,0,1,1,0,0,0
0,1.2839020991720282,1.6120127610272754,2.176064553492209,1.5902171821569424,6,0,1,1,1,0,1,1,0,0,1,0,1,0,1,0,1,0,1,0,1,1,0,0,0,1,0,0
0,0.5497683310749134,0.5026618341147361,0.6526550839087134,0.5655990298266165,1,1,1,1,1,0,1,1,0,0,0,0,1,0,0,0,0,0,0,0,0,0,0,1,0,0,0,0
0,0.7944795871072851,0.5342625351812104,0.8574719403846225,0.5480979149386892,4,0,0,0,1,0,1,0,0,0,0,0,0,0,1,0,1,0,1,0,1,0,1,1,0,0,0,0
0,1.4062577271882142,-1.330178827740764,-0.269164153061859,-1.3198833423484522,0,0,1,1,1,0,1,0,1,1,0,1,0,1,0,1,0,1,0,1,0,0,1,1,0,0,1,0
1,1.4062577271882142,-0.3322619519573701,0.6331550191672268,-0.307841871192915,1,0,0,0,1,0,1,0,0,0,0,0,1,0,0,0,0,0,0,0,0,0,0,0,0,1,0,0
0,-1.1224252518129596,0.35463749754019924,-0.8279601259479903,0.5914586006774111,0,0,0,0,1,0,1,1,0,0,0,0,0,0,0,0,0,0,0,0,0,0,0,0,0,1,0,1
0,1.5693985645431285,1.475630788003545,2.3900137932294023,1.4477802185204474,5,0,1,0,1,0,1,1,0,0,0,0,1,0,1,0,1,0,1,0,1,0,1,0,0,1,0,0
0,-0.9592844144580451,0.42449167884503713,-0.6953861563820006,0.4794004603239664,1,0,0,0,1,0,0,1,0,0,0,0,0,0,0,0,0,0,1,0,0,0,0,1,0,0,0,1
1,-0.2659358556996588,1.001620272006433,0.09125616120414833,1.0329329902218998,3,0,0,0,1,0,1,1,0,0,1,0,1,0,0,0,0,0,0,0,1,0,0,1,0,1,0,1
0,1.5693985645431285,1.7101412538126426,2.6555367336064104,1.7288127702819305,6,1,0,0,1,0,1,1,0,0,1,0,1,0,1,0,1,0,1,0,1,1,0,1,0,0,0,0
0,-0.02122459966728712,-1.4964983070379965,-0.7450627918999057,-1.5280834122338394,0,0,0,0,1,0,0,0,1,1,0,1,0,1,0,1,0,1,0,1,0,0,0,0,0,0,0,0
0,-1.2447808798291453,0.18166523907107757,-0.9490193514019256,0.15698465708809362,0,0,0,0,1,0,0,1,0,0,0,0,0,0,0,0,0,0,0,0,0,0,0,0,0,1,0,0
0,1.5693985645431285,-1.3068941006391515,-0.17739914251368646,-1.2695993334416087,0,0,1,0,1,0,1,0,1,1,0,1,0,1,0,1,0,1,0,1,0,0,1,0,1,0,0,0
0,1.1207612618171139,-0.6798696636885856,0.21333009590933755,-0.6185814464626711,3,0,0,0,0,1,0,0,0,0,1,0,0,0,1,0,0,0,0,0,1,1,0,1,0,1,0,0
1,0.9168352151234709,1.1729293356825825,1.3762089567429938,1.1096144772122212,3,0,0,0,1,0,1,1,0,0,0,0,0,0,1,0,0,0,1,0,1,1,0,1,0,1,0,0
0,0.8760500057847422,1.3475647889446765,1.4792901813323232,1.3134514337523837,5,1,0,0,1,0,0,1,0,0,1,0,1,0,0,0,1,0,1,0,1,1,0,1,1,0,0,1
0,-1.2447808798291453,1.0298945834869624,-0.9232325010820185,1.12588973159384,3,1,0,0,1,0,0,1,0,0,0,0,0,0,1,0,0,0,1,0,1,0,0,1,0,1,0,1
0,-1.081640042474231,0.2980888745791402,-0.833408673449288,0.066089370657415,0,0,0,0,1,0,1,1,0,0,0,0,0,0,0,0,0,0,0,0,0,0,0,1,0,0,1,0
0,0.6313387497523706,0.17334926510621596,0.4182572468690786,0.08542879330224014,4,0,1,1,1,0,0,0,0,0,1,0,1,0,1,0,0,0,0,0,1,0,1,1,1,0,0,0
0,1.2431168898332998,-1.3185364641899577,-0.3164584277289941,-1.3235073486875009,0,1,1,1,1,0,1,0,1,1,0,1,0,1,0,1,0,1,0,1,0,0,1,0,0,0,1,0
0,-1.285566089167874,0.4743875226342068,-0.9755341453151235,0.4727698011314552,1,1,0,0,1,0,1,1,0,0,0,0,1,0,0,0,0,0,0,0,0,0,0,1,0,1,0,1
0,-0.8369287864418593,-1.458244826799633,-0.906423621746031,-1.4998513086407237,0,1,0,1,1,0,0,0,1,1,0,1,0,1,0,1,0,1,0,1,0,0,0,0,1,0,0,0
1,0.8760500057847422,-1.3285156329477916,-0.4083557916577649,-1.3134254138438604,0,1,1,0,0,1,0,0,0,0,0,0,0,0,0,0,0,0,0,0,0,0,0,1,0,0,0,0
0,-0.10279501834474433,-0.012928551706684058,-0.13464900058042722,0.04249527503072795,3,0,1,1,1,0,0,0,0,0,0,0,0,0,1,0,1,0,1,0,0,1,0,1,0,1,0,0
0,-0.10279501834474433,-1.504814281002858,-0.7211068300116087,-1.4265272690702007,0,0,1,0,1,0,0,0,1,1,0,1,0,1,0,1,0,1,0,1,0,0,0,0,0,0,0,1
0,-1.1632104611516882,0.46939793825528964,-0.8767102878017069,0.3612918434573548,1,0,0,0,1,0,0,1,0,0,0,0,0,0,0,0,0,0,1,0,0,0,0,1,0,1,0,1
0,0.30505707504254176,1.3658599316673719,0.9021412063365574,1.4418406421170145,4,0,0,0,1,0,1,1,0,0,0,0,0,0,1,0,1,0,1,0,1,1,0,1,1,0,0,0
0,-0.9592844144580451,0.36461666629803313,-0.7247906657715953,0.2338818852234703,1,0,1,1,1,0,0,1,0,0,0,0,0,0,0,0,1,0,0,0,0,0,0,1,0,1,0,0
0,-0.6330027397482163,0.8968390000491765,-0.3158407786195352,0.9191691802978931,3,0,1,1,1,0,0,1,0,0,1,0,0,0,0,0,1,0,1,0,0,0,0,0,0,1,0,1
0,1.2023316804945712,-0.7081439751691151,0.20221241193907807,-0.6814996289455919,3,0,0,0,0,1,0,0,0,0,0,0,1,0,1,0,0,0,0,0,1,0,1,1,1,0,0,0
0,-0.18436543702220157,0.8768806625335088,0.0852782001804574,0.7894429798880994,3,1,0,0,1,0,0,1,0,0,0,0,1,0,0,0,1,0,1,0,0,1,0,1,0,0,0,0
0,1.5286133552044,0.8269848187443392,1.7986147709225504,0.8643102264492605,6,0,0,0,1,0,1,0,0,0,1,0,1,0,1,0,1,0,1,0,1,0,1,0,1,0,0,0
0,0.5497683310749134,1.31430089308523,1.1531714515380485,1.3832602095988256,5,0,0,0,1,0,0,1,0,0,0,0,1,0,1,0,1,0,1,0,1,0,1,1,0,0,0,0
0,-0.3882914837158446,0.8402903770881179,-0.10826656004782764,0.7963747986790286,2,0,1,0,1,0,1,1,0,0,0,0,0,0,1,0,0,0,0,0,1,0,0,0,0,0,1,0
0,0.590553540413642,-0.8179148315052885,-0.21862722057006495,-0.8852809021007593,3,1,1,1,0,1,0,0,0,0,1,0,0,0,1,0,1,0,0,0,0,1,0,0,0,1,0,0
0,1.4470429365269428,1.3425752045657593,2.154182127899953,1.3459447335453165,5,1,1,1,1,0,0,1,0,0,1,0,1,0,1,0,0,0,1,0,1,0,1,1,0,0,0,0
1,1.1207612618171139,1.3675231264603442,1.8313501737238698,1.4079137692486636,4,0,0,0,1,0,1,1,0,0,0,0,0,0,1,0,1,0,1,0,1,1,0,1,0,1,0,1
0,1.4062577271882142,1.3009953347414513,2.095020166772501,1.3317865442807093,4,0,0,1,1,0,1,1,0,0,0,0,1,0,0,0,1,0,1,0,1,0,1,1,0,1,0,0
0,-0.7553583677644021,0.15838051196946543,-0.6039520292853239,0.030646918545061595,3,0,0,0,1,0,0,0,0,0,0,0,0,0,0,0,1,0,1,0,1,0,0,1,0,1,0,0
0,0.9984056338009281,0.3130576277158912,0.7623539775279591,0.18590654553964048,0,1,1,1,1,0,1,1,0,0,0,0,0,0,0,0,0,0,0,0,0,0,0,1,0,1,0,0
0,0.9168352151234709,1.1978772575771675,1.3933487195304772,1.1330327599057737,3,0,1,1,1,0,1,1,0,0,1,0,0,0,0,0,0,0,1,0,1,1,0,0,0,0,1,0
0,-1.285566089167874,-1.48485594348719,-1.0015195257059282,-1.4799593310631893,0,1,0,0,1,0,0,0,1,1,0,1,0,1,0,1,0,1,0,1,0,0,0,1,0,0,1,0
0,-1.285566089167874,-0.49858143125460247,-0.9884385999234602,-0.49696410577335565,1,1,0,1,1,0,0,0,0,0,0,0,0,0,0,0,1,0,0,0,0,0,0,1,0,0,1,1
0,-0.3882914837158446,1.0648216741393814,-0.09039885366705376,0.8547534285261404,3,1,0,0,1,0,1,1,0,0,0,0,0,0,1,0,1,0,1,0,0,0,0,1,1,0,0,0
0,-0.7961435771031307,1.1795821148544714,-0.41095874147619865,1.3140984425197442,3,0,0,0,1,0,1,1,0,0,1,0,0,0,0,0,0,0,1,0,1,0,0,1,0,1,0,1
0,0.590553540413642,1.3043217243273957,1.255061495701993,1.470966165314759,4,1,1,0,1,0,1,1,0,0,0,0,1,0,1,0,0,0,1,0,1,0,0,1,0,1,0,0
0,0.22348665636508452,-1.489845527866107,-0.688349368313523,-1.5143340642454204,0,1,0,0,1,0,0,0,1,1,0,1,0,1,0,1,0,1,0,1,0,1,0,0,0,0,1,0
1,0.22348665636508452,0.3346791600245316,0.2556611188040353,0.35250185775149273,0,0,1,0,1,0,1,1,0,0,0,0,0,0,0,0,0,0,0,0,0,0,0,1,0,0,0,1
1,-1.2447808798291453,-0.2773765237892835,-0.9582840880438084,-0.1911249505187615,1,0,0,0,1,0,1,0,0,0,0,0,1,0,0,0,0,0,0,0,0,0,0,1,1,0,0,0
1,-1.285566089167874,-0.5202029635632426,-0.9887253655814233,-0.5185137481490181,1,1,1,1,1,0,0,0,0,0,0,0,0,0,0,0,1,0,0,0,0,0,0,1,1,0,0,1
0,-0.7145731584256735,0.12345342131704626,-0.5213635197919687,0.2989360193011112,0,1,1,0,1,0,0,1,0,0,0,0,0,0,0,0,0,0,0,0,0,0,0,1,0,0,0,0
0,-0.2659358556996588,0.13842217445379726,-0.20942866061848125,0.16387034163416345,0,0,0,0,1,0,0,1,0,0,0,0,0,0,0,0,0,0,0,0,0,0,0,1,1,0,0,0
0,0.1011310283488987,-1.5031510862098856,-0.6882170149329246,-1.4594516494177787,0,0,1,1,1,0,0,0,1,1,0,1,0,1,0,1,0,1,0,1,0,0,1,0,1,0,0,0
0,-1.2039956704904167,-1.4915087226590795,-0.9771665036758362,-1.3175081808466567,0,1,0,1,1,0,0,0,1,1,0,1,0,1,0,1,0,1,0,1,0,0,0,1,0,0,1,0
0,0.7129091684298279,1.2910161659836175,1.2267819900474841,1.2111268555135761,4,1,1,1,1,0,1,1,0,0,0,0,1,0,0,0,1,0,1,0,1,0,0,0,0,1,0,1
0,0.38662749371999894,0.9816619344907653,0.76069956027048,1.0176679012017773,3,1,1,0,1,0,1,1,0,0,1,0,0,0,1,0,0,0,0,0,1,0,0,1,0,1,0,0
0,-0.9184992051193165,-0.3305987571643977,-0.7594893103851231,-0.2653883334748904,2,1,1,0,1,0,0,0,0,0,1,0,0,0,0,0,1,0,0,0,0,0,0,1,1,0,0,0
0,1.1615464711558425,0.9583772073891528,1.5751581466790439,1.033957272379633,4,0,1,0,1,0,0,1,0,0,1,0,1,0,0,0,1,0,0,0,1,1,0,0,0,0,0,0
0,1.4470429365269428,1.5088946838629915,2.2010352246317604,1.3977223810633115,5,0,0,0,1,0,1,1,0,0,1,0,1,0,0,0,1,0,1,0,1,0,1,0,1,0,0,0
0,-0.9184992051193165,1.1313494658582746,-0.5406209366690251,1.3793466792275937,4,1,0,0,1,0,0,1,0,0,1,0,0,0,1,0,0,0,1,0,1,1,0,1,0,1,0,0
0,1.324687308510757,0.8269848187443392,1.534966836770686,0.7914749854730572,3,1,1,0,1,0,1,1,0,0,1,0,1,0,1,0,0,0,0,0,0,1,0,0,0,1,0,1
0,1.6101837738818572,0.5176305872514871,1.5866949496878648,0.5593597637114406,5,0,1,1,1,0,0,0,0,0,1,0,0,0,1,0,1,0,1,0,1,0,1,1,0,0,0,0
0,0.9168352151234709,0.4827034965990684,0.8594572410935973,0.4035698306496075,2,1,1,1,1,0,0,1,0,0,0,0,1,0,0,0,1,0,0,0,0,0,0,0,0,1,0,0
0,-1.285566089167874,-1.4831927486942178,-1.0014974668091616,-1.4783016662650617,0,0,0,0,1,0,0,0,1,1,0,1,0,1,0,1,0,1,0,1,0,0,0,1,0,0,1,1
0,-1.0408548331355023,-0.06947717466774314,-0.8259086485487163,-0.17016733128528747,3,0,0,0,1,0,0,0,0,0,0,0,0,0,1,0,1,0,0,0,1,0,0,0,0,0,0,0
0,-1.2447808798291453,0.33301596523155935,-0.9504311207949743,0.10393938354800161,0,0,0,0,1,0,1,1,0,0,0,0,0,0,0,0,0,0,0,0,0,0,0,1,0,0,1,0
0,-0.9592844144580451,0.33135277043858663,-0.6980111650972007,0.45748244799316484,1,0,0,0,1,0,0,1,0,0,1,0,0,0,0,0,0,0,0,0,0,0,0,1,0,1,0,0
0,-0.22515064636093016,-1.2985781266742897,-0.6625625179936159,-1.183053147220729,0,1,0,1,1,0,1,0,1,1,0,1,0,1,0,1,0,1,0,1,0,0,1,1,1,0,0,0
1,-1.0408548331355023,1.232804348229586,-0.7012538229218598,1.1680417793176638,3,1,1,0,1,0,1,1,0,0,0,0,0,0,1,0,0,0,1,0,1,0,0,1,0,1,0,1
0,1.2839020991720282,0.11347425255921241,0.9213765643168476,0.11699349383325858,4,0,1,0,1,0,0,0,0,0,0,0,1,0,1,0,1,0,0,0,1,0,1,1,0,0,1,0
0,1.5286133552044,-0.5484772750437722,0.5084340168500713,-0.5207397551636469,4,1,0,0,0,1,0,0,0,0,1,0,0,0,1,0,1,0,0,0,1,0,1,0,0,0,0,0
1,-1.2447808798291453,0.9683563761469866,-0.9302913480472625,0.8606633638933792,2,1,0,0,1,0,1,1,0,0,0,0,0,0,0,0,0,0,1,0,1,0,0,1,0,1,0,1
1,1.4062577271882142,1.33592242539387,2.153542419893727,1.3974251220334446,5,1,0,0,1,0,0,1,0,0,1,0,1,0,0,0,1,0,1,0,1,0,1,1,0,1,0,0
0,0.5089831217361848,0.8120160656075881,0.7616922106249674,0.8080601342994546,2,0,0,0,1,0,1,1,0,0,0,0,1,0,0,0,0,0,1,0,0,0,0,1,1,0,0,1
0,-0.347506274377116,-1.3218628537759025,-0.766481980660068,-1.3874063798343825,0,0,0,0,1,0,1,0,1,1,0,1,0,1,0,1,0,1,0,1,0,0,1,0,1,0,0,0
0,-1.1632104611516882,-1.509803865381775,-0.9677252958598224,-1.3485893958115547,0,1,1,1,1,0,0,0,1,1,0,1,0,1,0,1,0,1,0,1,0,0,1,0,1,0,0,0
0,0.4681979123974562,0.9334292854945679,0.8084791306664755,0.955225605786583,3,1,1,1,1,0,0,1,0,0,0,0,0,0,1,0,0,0,1,0,1,0,0,1,0,0,0,0
0,1.6101837738818572,-1.4698871903504391,-0.3564953253599876,-1.4687700936758261,0,0,1,1,1,0,0,0,1,1,0,1,0,1,0,1,0,1,0,1,0,0,1,1,0,0,1,0
0,-1.285566089167874,0.3130576277158912,-0.977673858301463,0.31197631571305046,1,0,0,0,1,0,0,1,0,0,0,0,1,0,0,0,0,0,0,0,0,0,0,1,1,0,0,1
0,1.3654725178494855,-1.5147934497606919,-0.46303979674163986,-1.528031610208898,0,1,0,0,1,0,0,0,1,1,0,1,0,1,0,1,0,1,0,1,0,0,1,0,0,0,0,0
0,-1.285566089167874,-0.6732168845166964,-0.9907547840839309,-0.6710189095767832,3,1,0,0,0,1,0,0,0,0,0,0,1,0,0,0,1,0,0,0,1,0,0,1,0,0,1,1
0,-0.7961435771031307,0.6373806123454943,-0.5272311863318279,0.641979123217278,2,1,1,1,1,0,0,1,0,0,1,0,0,0,0,0,0,0,0,0,1,0,0,0,0,1,0,1
0,-0.9184992051193165,0.5259465612163488,-0.6624522235097839,0.46381841122156436,1,1,0,0,1,0,1,1,0,0,0,0,1,0,0,0,0,0,0,0,0,0,0,1,0,0,0,1
1,1.324687308510757,1.3126376982922574,1.891857727554071,1.2040805049947647,4,1,1,0,1,0,1,1,0,0,0,0,1,0,1,0,0,0,1,0,1,0,0,1,0,1,0,0
0,-1.285566089167874,-1.5081406705888027,-1.0018283502606575,-1.5031666382369797,0,1,0,1,1,0,0,0,1,1,0,1,0,1,0,1,0,1,0,1,0,0,0,0,0,0,1,0
0,0.22348665636508452,0.3047416537510296,0.22585954927264576,0.29356751190226216,5,1,1,1,1,0,0,0,0,0,1,0,1,0,1,0,1,0,1,0,0,1,0,0,0,1,0,0
0,-0.3882914837158446,-0.8245676106771778,-0.6320330048689354,-0.9149118520491637,3,1,0,1,0,1,0,0,0,0,1,0,0,0,1,0,1,0,0,0,0,0,1,0,0,0,1,0
0,-0.9184992051193165,-1.489845527866107,-0.9291001676218775,-1.5399667967554187,0,0,1,0,1,0,0,0,1,1,0,1,0,1,0,1,0,1,0,1,0,1,0,0,0,0,1,0
0,-1.1632104611516882,1.2244883742647246,-0.8496219625725829,0.8701949364826147,3,1,0,1,1,0,1,1,0,0,0,0,1,0,0,0,0,0,1,0,1,0,0,1,0,1,0,1
0,1.6101837738818572,0.6207486644157709,1.6777761344362792,0.6544222352596353,5,1,1,1,1,0,1,0,0,0,1,0,0,0,1,0,1,0,1,0,1,0,1,1,1,0,0,0
0,0.1011310283488987,-0.26739735503144946,-0.189377123457835,-0.3884107424216671,2,0,1,0,1,0,0,0,0,0,0,0,1,0,0,0,1,0,0,0,0,0,0,0,0,1,0,0
0,-1.285566089167874,-1.4798663591082732,-1.001453349015629,-1.4749863366688059,0,0,0,0,1,0,0,0,1,1,0,1,0,1,0,1,0,1,0,1,0,0,0,0,0,0,1,1
0,1.0391908431396566,-1.5081406705888027,-0.5341356210197071,-1.5341764021329927,0,0,1,1,1,0,0,0,1,1,0,1,0,1,0,1,0,1,0,1,0,0,1,0,1,0,0,0
0,1.5286133552044,1.3725127108392614,2.2873958054721677,1.3890321778337982,5,1,1,1,1,0,0,1,0,0,0,0,1,0,1,0,1,0,1,0,1,1,0,1,0,1,0,0
0,0.22348665636508452,0.4677347434623174,0.25244051987614285,0.34613293510605436,4,1,1,1,1,0,1,0,0,0,0,0,1,0,1,0,0,0,1,0,1,1,0,0,1,0,0,0
0,1.1207612618171139,-0.5035710156335194,0.3437202346954547,-0.4552738361004394,3,0,1,1,0,1,0,0,0,0,0,0,1,0,0,0,0,0,1,0,1,0,0,1,0,1,0,0
0,-0.2659358556996588,0.9151341427718724,0.02622653353683777,0.844979304649554,3,1,0,0,1,0,1,1,0,0,1,0,1,0,0,0,0,0,1,0,0,0,0,1,1,0,0,0
0,-1.0000696237967737,-0.22249109562119668,-0.8034306327437672,-0.20666555800121036,3,0,0,0,1,0,0,0,0,0,1,0,1,0,0,0,1,0,0,0,0,1,0,0,0,0,0,0
0,0.34584228438127035,1.254425880538226,0.848383674916871,1.2556727560326335,4,1,1,1,1,0,1,1,0,0,0,0,0,0,1,0,1,0,1,0,1,1,0,1,0,1,0,1
1,0.14191623768762732,0.9001653896351215,0.44589704451736234,0.8887055267283762,2,0,1,0,1,0,1,1,0,0,0,0,1,0,0,0,0,0,1,0,0,0,0,1,1,0,0,0
1,0.8760500057847422,0.012019370187900788,0.5468826739138847,0.015898964269653787,3,1,0,0,1,0,0,0,0,0,0,0,0,0,1,0,1,0,0,0,1,1,0,0,0,0,0,0
0,1.5693985645431285,1.3675231264603442,2.3970726401946463,1.4552513838077845,4,1,1,1,1,0,1,1,0,0,0,0,1,0,1,0,0,0,1,0,1,0,1,1,0,0,0,1
0,0.9168352151234709,0.27314095268455535,0.818185045243686,0.34717908815329346,0,0,0,0,1,0,1,1,0,0,0,0,0,0,0,0,0,0,0,0,0,0,0,1,0,1,0,0
0,1.6101837738818572,-0.17093205703905476,0.8711705152765492,-0.18744125096736608,2,0,0,0,1,0,1,0,0,0,1,0,1,0,0,0,0,0,0,0,0,0,1,0,0,0,0,0
0,-1.2039956704904167,-0.3256091727854808,-0.9422252111978782,-0.4422611674351354,2,0,0,1,1,0,0,0,0,0,1,0,0,0,0,0,1,0,0,0,0,0,0,1,0,0,1,1
0,0.8760500057847422,-0.16926886224608254,0.42180872924846685,-0.15815583953377377,2,0,1,1,1,0,1,0,0,0,0,0,1,0,1,0,0,0,0,0,0,0,1,1,0,0,0,0
0,1.6101837738818572,1.7201204225704765,2.6678455980020552,1.687769028792604,6,1,1,1,1,0,1,1,0,0,1,0,1,0,1,0,1,0,1,0,1,0,1,1,0,0,0,0
0,0.7944795871072851,1.4772939827965175,1.5181138396411653,1.5028172041527645,5,1,0,0,1,0,1,1,0,0,1,0,0,0,1,0,1,0,1,0,1,0,1,1,0,1,0,0
1,1.1207612618171139,1.2145092055068907,1.714526256449081,1.2615972230672432,3,0,0,0,1,0,1,1,0,0,1,0,0,0,0,0,0,0,1,0,1,1,0,1,0,0,0,0
0,0.2642718657038131,-0.47363350936001763,-0.16983294092281548,-0.531562545406076,3,0,0,0,0,1,0,0,0,0,0,0,0,0,1,0,0,0,1,0,1,0,0,1,1,0,0,0
0,-0.7145731584256735,-0.29068208213306207,-0.5993196609643825,-0.09160980713781772,1,0,0,0,1,0,0,0,0,0,0,0,0,0,0,0,0,0,1,0,0,1,0,0,0,0,1,0
0,1.4878281458656715,1.3841550743900675,2.2316750322402723,1.379656590472461,4,1,0,0,1,0,1,1,0,0,0,0,0,0,1,0,1,0,1,0,1,0,1,1,0,0,0,1
0,0.4274127030587276,-1.5197830341396088,-0.6679890065981472,-1.5528194814925311,0,1,1,1,1,0,0,0,1,1,0,1,0,1,0,1,0,1,0,1,0,1,0,1,0,0,1,0
1,1.2431168898332998,0.6024535216930755,1.3026645949238576,0.6078037018297456,5,0,0,0,1,0,1,0,0,0,1,0,1,0,1,0,1,0,1,0,0,1,0,0,0,0,0,0
1,-1.2447808798291453,0.17334926510621596,-0.947960524357139,0.1967686122431629,0,1,1,0,1,0,0,1,0,0,0,0,0,0,0,0,0,0,0,0,0,0,0,0,0,1,0,0
0,1.6101837738818572,1.444030086937071,2.377638752143459,1.3848768331791252,6,0,1,1,1,0,0,1,0,0,1,0,1,0,1,0,1,0,1,0,1,0,1,1,0,0,0,0
0,-0.02122459966728712,0.8702278833616195,0.2930068310295296,0.9096680794880349,2,0,1,1,1,0,1,1,0,0,0,0,0,0,1,0,0,0,0,0,1,0,0,1,0,0,0,1
0,0.30505707504254176,-1.3185364641899577,-0.5662313158148011,-1.3167622316874994,0,1,1,1,1,0,1,0,1,1,0,1,0,1,0,1,0,1,0,1,0,0,1,0,1,0,0,0
0,1.0391908431396566,-0.6499321574150838,0.11018269462970895,-0.6993706937102808,3,0,1,0,0,1,0,0,0,0,1,0,1,0,0,0,0,0,1,0,0,1,0,1,0,1,0,0
0,1.4062577271882142,-0.6981648064112812,0.3559629224007998,-0.6187406152716457,3,1,0,0,0,1,0,0,0,0,1,0,0,0,0,0,1,0,1,0,0,0,1,0,0,1,0,0
1,0.7536943777685564,0.41950209446611997,0.6692654331738033,0.32370998222528913,1,0,1,0,1,0,1,1,0,0,1,0,0,0,0,0,0,0,0,0,0,0,0,1,0,1,0,1
0,-0.06200980900601573,0.4793771070131235,0.08543261245782208,0.5052279473399589,4,1,1,0,1,0,1,0,0,0,0,0,0,0,1,0,1,0,1,0,1,1,0,1,0,0,1,0
1,1.4878281458656715,0.665654923826024,1.542047742632696,0.6285902921554757,2,1,1,0,1,0,1,1,0,0,1,0,1,0,0,0,0,0,0,0,0,0,0,1,1,0,0,0
0,-0.02122459966728712,0.47771391222015125,0.14505781041736787,0.5622318982054193,1,1,1,0,1,0,1,1,0,0,0,0,0,0,0,0,1,0,0,0,0,1,0,1,0,1,0,0
0,-0.46986190239330183,0.20494996617269018,-0.33772320421179175,0.25601039467149467,4,0,0,0,1,0,0,0,0,0,1,0,1,0,0,0,1,0,1,0,0,0,1,0,1,0,0,0
0,0.7944795871072851,-0.3705154321957335,0.22071982632607742,-0.3720973170374534,2,1,0,0,1,0,0,0,0,0,1,0,0,0,1,0,0,0,0,0,0,1,0,0,0,1,0,0
0,1.6101837738818572,-1.3518003600494042,-0.22317135330394078,-1.329618343121869,0,0,1,1,1,0,1,0,1,1,0,1,0,1,0,1,0,1,0,1,0,0,1,0,1,0,0,0
0,1.6101837738818572,-0.3555466790589825,0.7266626825599438,-0.33826572447480735,4,0,1,0,0,1,0,0,0,0,0,0,1,0,1,0,0,0,1,0,1,0,1,1,0,1,0,1
0,0.7944795871072851,-0.6865224428604749,-0.00628828029681771,-0.7001555562208003,3,1,1,1,0,1,0,0,0,0,1,0,0,0,1,0,0,0,0,0,1,1,0,0,0,0,0,0
0,0.34584228438127035,-0.4935918468756855,-0.11528128921953894,-0.5105893017969922,1,0,0,0,1,0,0,0,0,0,0,0,0,0,0,0,1,0,0,0,0,1,0,0,0,0,0,0
0,0.34584228438127035,-1.4881823330731347,-0.656474262486093,-1.5025197446572225,0,1,0,0,1,0,0,0,1,1,0,1,0,1,0,1,0,1,0,1,0,0,1,0,0,0,1,0
0,-1.081640042474231,0.14507495362568665,-0.8258645307551834,0.16057626415070406,0,0,0,0,1,0,0,1,0,0,0,0,0,0,0,0,0,0,0,0,0,0,0,1,0,0,1,1
0,1.4062577271882142,0.1484013432116311,1.042457848667549,0.15123231282593327,4,1,1,1,1,0,1,0,0,0,1,0,1,0,1,0,1,0,0,0,0,1,0,1,1,0,0,0
0,-0.6737879490869448,-1.5147934497606919,-0.8887323865393881,-1.5796264270506282,0,0,1,1,1,0,0,0,1,1,0,1,0,1,0,1,0,1,0,1,0,0,0,0,0,0,1,0
0,-0.6330027397482163,-1.5214462289325812,-0.8589308170079984,-1.4815194861673098,0,1,0,0,1,0,0,0,1,1,0,1,0,1,0,1,0,1,0,1,0,0,1,0,0,0,1,0
0,0.1011310283488987,-0.12935218721474667,-0.0705458465773049,-0.13327244906409852,3,1,1,0,1,0,0,0,0,0,1,0,1,0,1,0,0,0,0,0,0,0,0,0,0,0,1,0
0,1.0391908431396566,-1.4765399695223285,-0.48483398674683076,-1.4702991465499613,0,0,1,1,1,0,0,0,1,1,0,1,0,1,0,1,0,1,0,1,0,0,1,0,1,0,0,0
0,-1.285566089167874,-0.4786230937389345,-0.9881738931622636,-0.47707212819582107,1,1,0,0,1,0,0,0,0,0,0,0,0,0,1,0,0,0,0,0,0,0,0,1,0,1,0,1
0,0.7944795871072851,-0.4886022624967684,0.11631506793076475,-0.5229766918362855,4,1,1,1,0,1,0,0,0,0,0,0,1,0,1,0,1,0,1,0,0,0,1,0,0,0,1,0
0,1.5286133552044,0.48935627577095736,1.4554886317213909,0.49595342737955783,5,0,0,0,1,0,0,0,0,0,1,0,0,0,1,0,1,0,1,0,1,0,1,0,0,0,0,0
0,-0.551432321070759,-1.330178827740764,-0.8041144585435253,-1.335219020531918,0,0,1,1,1,0,1,0,1,1,0,1,0,1,0,1,0,1,0,1,0,0,1,1,0,0,0,0
1,-1.285566089167874,0.31638401730183613,-0.9776297405079303,0.3152916453093065,0,1,0,0,1,0,1,1,0,0,0,0,0,0,0,0,0,0,0,0,0,0,0,1,0,1,0,1
0,0.1011310283488987,1.3974606327338461,0.6468094762656207,1.4069349576535786,5,0,1,1,1,0,0,1,0,0,1,0,0,0,1,0,1,0,1,0,1,0,0,1,0,1,0,0
0,-0.02122459966728712,1.2128460107139178,0.4608309176282067,1.3037778852429387,3,0,0,0,1,0,1,1,0,0,0,0,0,0,1,0,0,0,1,0,1,0,0,1,0,1,0,0
0,-0.6330027397482163,-0.3172931988206191,-0.604349089427119,-0.3561601076264932,2,0,1,1,1,0,0,0,0,0,1,0,0,0,0,0,1,0,0,0,0,0,0,1,1,0,0,0
0,1.4062577271882142,-0.4769598989459623,0.5035590006646995,-0.4531968068496508,1,0,1,1,1,0,0,0,0,0,0,0,1,0,0,0,0,0,0,0,0,1,0,0,1,0,0,0
0,-0.9592844144580451,-1.509803865381775,-0.9441222763197875,-1.5974693467526992,0,0,0,0,1,0,0,0,1,1,0,1,0,1,0,1,0,1,0,1,0,0,0,0,0,0,0,0
0,-0.06200980900601573,0.48436669139204064,0.13118276435130993,0.6161310696405146,4,1,0,1,1,0,1,0,0,0,0,0,1,0,0,0,1,0,1,0,1,1,0,1,0,0,1,1
0,-1.1632104611516882,0.8569223250178412,-0.8481219575924686,0.8983752380507886,2,1,0,0,1,0,1,1,0,0,1,0,0,0,0,0,0,0,1,0,0,0,0,0,0,1,0,0
1,1.0391908431396566,0.8303112083302836,1.2509144231099123,0.7786089563860492,3,1,1,1,1,0,1,1,0,0,1,0,1,0,0,0,1,0,0,0,0,1,0,1,0,0,0,0
0,1.1207612618171139,0.46939793825528964,1.1076860064057574,0.5015579131256096,5,1,0,0,1,0,0,0,0,0,1,0,0,0,1,0,1,0,1,0,1,1,0,0,0,0,1,0
0,1.0391908431396566,1.3226168670500917,1.7334969076681743,1.403862969983354,4,1,0,0,1,0,1,1,0,0,0,0,0,0,1,0,1,0,1,0,1,1,0,1,0,1,0,1
0,-1.285566089167874,-1.5081406705888027,-1.0018283502606575,-1.5031666382369797,0,1,0,0,1,0,0,0,1,1,0,1,0,1,0,1,0,1,0,1,0,0,0,0,0,0,1,0
0,-0.22515064636093016,-1.4964983070379965,-0.7677613966725185,-1.4758458665641312,0,0,1,1,1,0,0,0,1,1,0,1,0,1,0,1,0,1,0,1,0,0,1,0,0,0,1,0
1,1.3654725178494855,1.7084780590196704,2.458197843134307,1.7980728072346963,6,1,1,1,1,0,1,1,0,0,1,0,1,0,1,0,1,0,1,0,1,1,0,1,0,1,0,0
0,-0.7145731584256735,0.7604570270254463,-0.4624221476321809,0.5942213753409578,2,1,0,0,1,0,1,1,0,0,1,0,0,0,0,0,0,0,1,0,0,0,0,1,0,0,0,0
1,0.590553540413642,1.1696029460966375,1.1385464029819337,1.2846728575762174,3,1,1,0,1,0,1,1,0,0,0,0,0,0,1,0,0,0,1,0,1,0,0,1,0,1,0,1
0,0.34584228438127035,0.5459048987320164,0.3971910004571784,0.42870017601049454,1,0,0,0,1,0,1,1,0,0,1,0,0,0,0,0,0,0,0,0,0,0,0,1,1,0,0,0
0,1.0799760524783852,-0.6848592480675028,0.16605788013896883,-0.6528126928109041,2,1,1,0,0,1,0,0,0,0,0,0,0,0,0,0,0,0,1,0,1,0,0,1,0,1,0,0
0,0.7129091684298279,0.18166523907107757,0.5484929733778311,0.19169615796089137,0,0,0,1,1,0,0,1,0,0,0,0,0,0,0,0,0,0,0,0,0,0,1,0,1,0,0,0
0,-0.6330027397482163,-0.6798696636885856,-0.6609742774264359,-0.6064674921438035,3,1,1,1,0,1,0,0,0,0,1,0,0,0,1,0,0,0,1,0,0,1,0,0,1,0,0,0
0,-1.081640042474231,-0.5235293531491874,-0.880019122316665,-0.5176849157499542,1,1,1,1,1,0,0,0,0,0,1,0,0,0,0,0,0,0,0,0,0,0,0,1,0,1,0,0
1,0.7536943777685564,-1.1788281015802824,-0.36662035897575956,-1.2026417613057956,1,1,1,0,0,1,0,0,0,0,0,0,1,0,0,0,0,0,0,0,0,0,0,1,1,0,0,0
0,0.4681979123974562,1.186234894026361,0.9299133573654393,1.1626220765523558,4,1,0,0,1,0,0,1,0,0,0,0,1,0,0,0,1,0,1,0,1,0,0,0,0,1,0,1
0,0.6721239590910992,0.6789604821698023,0.8857073282455986,0.7566702702312343,2,1,1,0,1,0,0,1,0,0,0,0,1,0,0,0,0,0,1,0,0,0,0,1,1,0,0,0
0,-1.2447808798291453,1.0232418043150735,-0.936644310315982,0.6219596329629645,3,1,0,0,1,0,0,1,0,0,0,0,1,0,0,0,0,0,1,0,1,0,0,0,0,1,0,1
0,1.0799760524783852,0.14008536924676948,0.7970085043479539,0.15081758211878726,3,1,1,0,1,0,1,0,0,0,1,0,0,0,0,0,1,0,0,0,1,1,0,1,0,0,1,0
1,0.7129091684298279,0.18166523907107757,0.5136399164869386,0.13931395034005037,3,1,0,0,1,0,1,0,0,0,1,0,1,0,0,0,0,0,1,0,0,0,0,1,0,0,0,0
0,1.0799760524783852,-1.4732135799363837,-0.4430985540648254,-1.4286841063753353,0,0,1,1,1,0,0,0,1,1,0,1,0,1,0,1,0,1,0,1,0,0,1,0,0,0,1,0
0,-0.5922175304094877,0.3080680433369745,-0.3985395825967224,0.40333206458765386,0,1,0,0,1,0,1,1,0,0,0,0,0,0,0,0,0,0,0,0,0,0,0,0,0,0,1,0
0,-0.9184992051193165,0.338005549610476,-0.6635551683481034,0.4555300872309249,0,1,0,0,1,0,1,1,0,0,0,0,0,0,0,0,0,0,0,0,0,0,0,0,0,1,0,0
0,-0.7553583677644021,-0.6748800793096686,-0.7275480278673938,-0.6327742145914041,0,1,1,0,1,0,0,0,0,0,0,0,0,0,0,0,0,0,0,0,0,1,0,0,0,1,0,0
0,0.1011310283488987,-1.4449392684558542,-0.6992244044193521,-1.483085213253945,0,1,0,0,1,0,0,0,1,1,0,1,0,1,0,1,0,1,0,1,0,0,1,0,0,0,0,0
0,-1.0000696237967737,-0.713133559548032,-0.8580264022405766,-0.7195056049220238,0,1,1,1,1,0,0,0,0,0,0,0,0,0,0,0,0,0,0,0,0,1,0,1,0,0,1,0
0,-0.5922175304094877,-1.4915087226590795,-0.8578499310664455,-1.5142177368911656,0,1,1,1,1,0,0,0,1,1,0,1,0,1,0,1,0,1,0,1,0,1,0,0,0,0,0,0
0,1.1207612618171139,0.9733459605259037,1.553584545641517,1.0600251836148924,3,0,1,1,1,0,1,1,0,0,1,0,1,0,0,0,0,0,1,0,0,1,0,0,0,0,0,0
0,-1.285566089167874,0.9816619344907653,-0.9688061818013752,0.9783575645604591,3,0,0,0,1,0,0,1,0,0,0,0,0,0,1,0,0,0,1,0,1,0,0,0,0,1,0,1
0,-1.081640042474231,-1.5081406705888027,-0.9555487848447763,-1.463658960548265,0,0,0,0,1,0,0,0,1,1,0,1,0,1,0,1,0,1,0,1,0,0,1,0,0,0,1,0
0,-0.551432321070759,0.3662798610910058,-0.4035690110594588,0.24898505338419077,4,0,0,1,1,0,1,0,0,0,1,0,1,0,0,0,1,0,1,0,0,0,0,1,0,0,1,0
0,0.8352647964460137,-0.024570915257490132,0.5299414411972991,0.03276926565856769,3,1,1,1,1,0,1,0,0,0,1,0,1,0,0,0,1,0,0,0,0,1,0,0,0,0,0,0
1,1.6101837738818572,1.485609956761379,2.4839846934542136,1.495871305287105,5,1,1,0,1,0,1,1,0,0,1,0,1,0,1,0,0,0,1,0,1,0,1,1,0,0,0,0
0,1.1207612618171139,1.5271898265856871,1.9192769362346906,1.518037967337626,5,0,1,0,1,0,1,1,0,0,0,0,1,0,1,0,1,0,1,0,1,0,1,1,1,0,0,0
0,-1.285566089167874,-0.32893556237142546,-0.9861885924532887,-0.3278822963643117,1,0,0,0,1,0,0,0,0,0,0,0,0,0,0,0,0,0,1,0,0,0,0,1,1,0,0,1
0,-0.7961435771031307,-0.3804946009535674,-0.6936435035374561,-0.3199765104040094,2,0,0,1,1,0,0,0,0,0,0,0,0,0,1,0,1,0,0,0,0,0,0,0,0,0,1,0
0,-1.1224252518129596,0.16835968072729926,-0.8690999684173032,-0.026850369024288487,0,0,1,1,1,0,0,1,0,0,0,0,0,0,0,0,0,0,0,0,0,0,0,0,1,0,0,0
0,-1.285566089167874,1.2161724002998628,-0.9656958773573147,1.2120883010964902,3,1,0,0,1,0,1,1,0,0,0,0,0,0,1,0,0,0,1,0,1,0,0,1,0,1,0,1
0,-0.7961435771031307,1.068148063725326,-0.4217234830981958,1.2518722562515596,3,1,1,1,1,0,0,1,0,0,0,0,0,0,1,0,0,0,1,0,1,0,0,0,0,1,0,0
0,0.18270144702635593,0.8552591302248684,0.4713088935922408,0.8581544658205371,6,1,0,0,1,0,1,0,0,0,1,0,1,0,1,0,1,0,1,0,1,1,0,1,0,0,0,0
0,1.2839020991720282,0.28810970582130635,1.0913183050050976,0.31653489390790224,1,1,1,0,1,0,0,1,0,0,1,0,0,0,0,0,0,0,0,0,0,0,0,1,0,0,1,0
0,-1.1224252518129596,0.10183188900840634,-0.8559087481510034,0.17140634083180628,3,0,1,0,1,0,1,0,0,0,0,0,0,0,1,0,1,0,1,0,0,0,0,0,0,0,0,1
0,1.1615464711558425,0.9799987396977927,1.5055843862778573,0.948247849866595,3,0,1,0,1,0,1,1,0,0,0,0,1,0,0,0,1,0,0,0,1,0,1,1,0,0,0,0
0,-1.285566089167874,0.15339092759054826,-0.9797915123910363,0.15284049509277392,0,0,0,0,1,0,0,1,0,0,0,0,0,0,0,0,0,0,0,0,0,0,0,1,0,1,0,1
0,-1.285566089167874,-1.531425397690415,-1.002137174815387,-1.5263739454107699,0,1,0,0,1,0,0,0,1,1,0,1,0,1,0,1,0,1,0,1,0,0,0,1,0,0,1,1
0,-0.2659358556996588,-1.5131302549677197,-0.7785923149848148,-1.4811707014925906,0,1,0,0,1,0,0,0,1,1,0,1,0,1,0,1,0,1,0,1,0,1,0,0,0,0,1,0
0,-1.285566089167874,0.14341175883271443,-0.9799238657716347,0.1428945063040067,0,0,0,0,1,0,0,1,0,0,0,0,0,0,0,0,0,0,0,0,0,0,0,1,0,1,0,1
0,-0.347506274377116,-1.5014878914169132,-0.7972982594427115,-1.4838962849587432,0,1,1,0,1,0,0,0,1,1,0,1,0,1,0,1,0,1,0,1,0,0,1,0,0,0,1,0
0,-0.6330027397482163,-0.342241120715204,-0.5980402449519321,-0.32827233514034193,4,1,1,0,0,1,0,0,0,0,0,0,0,0,1,0,1,0,1,0,1,1,0,0,0,1,0,0
0,-0.2659358556996588,-1.1671857380294763,-0.6634669327610377,-1.148426371437613,1,0,0,1,0,1,0,0,0,0,0,0,0,0,1,0,0,0,0,0,0,0,0,1,0,0,1,0
0,-1.285566089167874,0.15838051196946543,-0.979725335700737,0.15781348948715776,0,1,0,0,1,0,0,1,0,0,0,0,0,0,0,0,0,0,0,0,0,0,0,1,0,1,0,1
1,0.30505707504254176,1.229477958643641,0.79233201823348,1.2355442579899998,3,1,1,0,1,0,1,1,0,0,1,0,0,0,0,0,0,0,1,0,1,0,0,0,0,1,0,1
0,0.7944795871072851,1.269394633674977,1.3563780085500114,1.269086467616734,4,1,0,0,1,0,1,1,0,0,0,0,1,0,1,0,0,0,1,0,1,0,0,1,0,1,0,0
0,-1.285566089167874,0.5791687945914629,-0.9741444348188409,0.5772026834135114,2,0,0,0,1,0,0,1,0,0,0,0,1,0,1,0,0,0,0,0,0,0,0,1,0,1,0,1
0,-0.46986190239330183,-0.99088708997441,-0.6705698975198146,-0.9350612309928672,2,0,0,0,0,1,0,0,0,0,1,0,0,0,0,0,1,0,0,0,0,0,1,0,0,0,1,0
0,1.4062577271882142,1.3575439577025104,1.997034547336207,1.2218858422913952,4,0,1,0,1,0,1,1,0,0,0,0,1,0,1,0,0,0,1,0,1,1,0,1,0,0,0,0
0,0.4681979123974562,-0.2873556925471174,0.0569986945259485,-0.3282213641639287,2,0,1,1,1,0,0,0,0,0,1,0,0,0,0,0,1,0,0,0,0,0,0,0,0,0,0,0
0,1.5286133552044,-0.15097371952338684,0.815449742044654,-0.1911486314444491,5,1,1,1,0,1,0,0,0,0,0,0,1,0,1,0,1,0,1,0,1,1,0,0,0,1,0,0
0,-1.2039956704904167,0.47771391222015125,-0.8923941634026086,0.8059604255551593,1,1,0,0,1,0,0,1,0,0,0,0,0,0,0,0,0,0,1,0,0,0,0,0,0,1,0,1
0,0.9576204244621995,-0.16926886224608254,0.5148972736026226,-0.1044231613452516,3,1,1,1,1,0,0,0,0,0,1,0,1,0,1,0,0,0,0,0,0,0,1,1,0,0,0,0
0,-0.7961435771031307,0.6556757550681896,-0.5184517454188056,0.6927291685753473,1,0,0,0,1,0,1,1,0,0,0,0,0,0,0,0,0,0,0,0,1,0,0,1,0,1,0,1
0,1.0391908431396566,0.9483980386313189,1.3876134063712164,0.9557218659377473,3,0,1,1,1,0,1,1,0,0,1,0,1,0,0,0,0,0,0,0,1,0,0,1,0,0,0,1
0,0.38662749371999894,0.975009155318876,0.8364498117662552,1.1532017325534711,2,0,1,1,1,0,1,1,0,0,0,0,0,0,0,0,0,0,1,0,1,0,0,1,0,1,0,1
1,-1.285566089167874,-1.325189243361847,-0.9994018716163549,-1.320823510442913,0,1,1,0,0,1,0,0,0,0,0,0,0,0,0,0,0,0,0,0,0,0,0,0,0,1,0,1
0,0.5497683310749134,1.1562973877528593,1.0322886972582443,1.1857818814740257,4,0,1,1,1,0,1,1,0,0,1,0,0,0,1,0,1,0,0,0,1,0,1,0,0,0,1,0
0,1.2431168898332998,-0.47363350936001763,0.4106910452782076,-0.4561539771718264,1,0,1,1,1,0,0,0,0,0,1,0,0,0,0,0,0,0,0,0,0,0,1,1,0,0,0,0
0,-0.877713995780588,-0.13267857680069137,-0.7067023704231575,-0.07621864064853326,3,1,0,0,1,0,0,0,0,0,0,0,1,0,1,0,1,0,0,0,0,0,0,1,0,1,0,0
0,-0.7145731584256735,-0.17425844662499945,-0.627907991173621,-0.2348320456960667,2,1,1,1,1,0,1,0,0,0,0,0,0,0,1,0,1,0,0,0,0,0,0,1,0,0,0,0
0,1.6101837738818572,-0.006275772534794672,1.0833991610659646,0.03406420768247226,6,1,1,0,0,1,0,0,0,0,1,0,1,0,1,0,1,0,1,0,1,0,1,1,0,1,0,0
0,-0.14358022768347295,-1.3235260485688747,-0.6959596876979268,-1.33637126303225,0,0,0,0,0,1,0,0,0,0,0,0,0,0,0,0,0,0,0,0,0,0,0,1,1,0,0,1
0,-1.285566089167874,-0.5301821323210765,-0.9888577189620217,-0.5284597369377853,1,1,0,1,1,0,0,0,0,0,0,0,0,0,1,0,0,0,0,0,0,0,0,0,0,1,0,1
0,-1.081640042474231,-0.3339251467503424,-0.8537910940614303,-0.18919100825427884,1,0,1,1,1,0,0,0,0,0,0,0,0,0,0,0,0,0,1,0,0,0,0,0,0,1,0,0
0,1.2431168898332998,0.8802070521194533,1.5328050648875795,0.8823182548276529,2,1,1,1,1,0,1,1,0,0,0,0,1,0,0,0,0,0,0,0,1,1,0,1,0,1,0,0
0,-1.2447808798291453,0.6972556248924977,-0.936644310315982,0.6219596329629645,2,1,0,0,1,0,0,1,0,0,0,0,0,0,1,0,0,0,0,0,1,0,0,1,0,1,0,1
0,-0.5922175304094877,-1.3235260485688747,-0.8214306925051396,-1.362173037907325,0,0,1,1,1,0,1,0,1,1,0,1,0,1,0,1,0,1,0,1,0,0,1,0,0,0,1,0
0,0.4274127030587276,-1.0274773754198012,-0.34632617395068294,-0.9906783632064668,2,0,1,0,0,1,0,0,0,0,1,0,0,0,0,0,1,0,0,0,0,0,0,0,0,0,0,0
0,-0.7145731584256735,-0.6316370146923883,-0.7045185396432851,-0.618636701955942,4,0,0,0,0,1,0,0,0,0,1,0,1,0,1,0,1,0,0,0,0,1,0,0,0,0,1,0
0,-0.9184992051193165,1.0082730511783224,-0.5999814278673742,0.9332690820513803,2,1,0,1,1,0,1,1,0,0,0,0,0,0,0,0,0,0,1,0,1,0,0,0,0,1,0,1
0,0.9168352151234709,-1.4765399695223285,-0.49076782997698903,-1.4412603928668946,0,1,1,1,1,0,0,0,1,1,0,1,0,1,0,1,0,1,0,1,0,0,1,0,0,0,1,0
0,0.6721239590910992,1.1878980888193331,1.2261643409380252,1.2788008517476774,3,1,0,1,1,0,1,1,0,0,0,0,0,0,0,0,1,0,1,0,1,1,0,1,0,0,0,1
0,-1.081640042474231,-0.3189563936135916,-0.8674014333662914,-0.3596542049950962,2,1,1,1,1,0,0,0,0,0,0,0,1,0,1,0,0,0,0,0,0,0,0,1,0,0,1,1
0,1.5286133552044,-1.4815295539012454,-0.36717183139491927,-1.460730419404906,0,1,1,1,1,0,0,0,1,1,0,1,0,1,0,1,0,1,0,1,0,0,1,0,1,0,0,0
1,-1.2447808798291453,0.33135277043858663,-0.9414531498110545,0.4412741699670254,0,1,0,0,1,0,1,1,0,0,0,0,0,0,0,0,0,0,0,0,0,0,0,1,0,0,1,1
1,1.2431168898332998,-0.9576231941149635,0.003770576628655127,-0.9415340173474617,2,1,1,0,0,1,0,0,0,0,1,0,0,0,0,0,1,0,0,0,0,1,0,0,0,0,0,0
0,-0.30672106503838736,0.03031451291059625,-0.2694288598230556,0.0761237682354158,3,0,0,0,1,0,0,0,0,0,0,0,1,0,0,0,1,0,0,0,1,0,0,1,0,0,0,0
1,-0.5922175304094877,-1.4815295539012454,-0.8473940139991778,-1.4705658972071314,0,0,0,0,1,0,0,0,1,1,0,1,0,1,0,1,0,1,0,1,0,1,0,0,0,0,0,0
1,-0.18436543702220157,1.3608703472884547,0.31219807121628684,1.398457186257439,4,1,1,0,1,0,1,1,0,0,0,0,1,0,0,0,1,0,1,0,1,0,0,1,0,1,0,0
1,0.8352647964460137,1.0598320897604643,1.2865616002843947,1.1055598802960456,4,0,0,0,1,0,0,1,0,0,1,0,1,0,0,0,1,0,0,0,1,1,0,1,0,0,1,0
0,0.1011310283488987,1.2461099065733643,0.5893019323956481,1.2834626111187395,4,1,0,0,1,0,0,1,0,0,0,0,1,0,1,0,0,0,1,0,1,1,0,1,0,0,0,1
0,-1.285566089167874,-1.3468107756704872,-0.9996886372743179,-1.3423731528185752,0,1,0,0,0,1,0,0,0,0,0,0,0,0,0,0,0,0,0,0,0,0,0,0,0,0,1,0
0,1.5286133552044,1.6885197215040026,2.5052274110402455,1.6228813189982667,6,1,1,0,1,0,1,1,0,0,1,0,1,0,1,0,1,0,1,0,1,1,0,0,1,0,0,1
0,-1.2447808798291453,0.497672249735819,-0.9431958026555993,0.3757964104409738,2,1,0,0,1,0,0,1,0,0,0,0,0,0,1,0,1,0,0,0,0,0,0,1,0,1,0,1
0,-0.2659358556996588,0.2714777578915831,-0.1459652146215841,0.34729732718085227,4,0,1,0,1,0,0,0,0,0,0,0,1,0,0,0,1,0,1,0,1,0,0,1,0,1,0,0
0,0.060345819010170096,-0.017918136085601218,-0.10469301877167278,-0.14939080148354167,3,0,0,0,1,0,0,0,0,0,1,0,1,0,0,0,0,0,0,0,1,1,0,0,0,1,0,0
0,-0.551432321070759,-1.4765399695223285,-0.8346219127714394,-1.4558795687324895,0,0,0,1,1,0,0,0,1,1,0,1,0,1,0,1,0,1,0,1,0,0,1,0,0,0,1,0
0,-0.7145731584256735,0.36960625067695024,-0.5115473107309263,0.34811340831223836,0,1,0,0,1,0,1,1,0,0,0,0,0,0,0,0,0,0,0,0,0,0,0,1,0,0,1,1
0,1.2023316804945712,-0.33725153633628707,0.5007354618786019,-0.31967418196067865,2,0,1,1,1,0,0,0,0,0,1,0,0,0,1,0,0,0,0,0,0,1,0,0,1,0,0,0
1,0.38662749371999894,1.325943256636036,0.8969573655964563,1.2614630311550137,4,0,0,0,1,0,1,1,0,0,0,0,1,0,1,0,0,0,1,0,1,0,0,1,0,0,0,1
0,-0.9592844144580451,0.32469999126669774,-0.7000626424964749,0.44035324507917634,4,0,0,0,1,0,0,0,0,0,1,0,1,0,0,0,0,0,1,0,1,0,0,1,0,1,0,1
0,-0.347506274377116,-0.4570015614302944,-0.44764268679870123,-0.38907775516186593,1,1,0,0,1,0,0,0,0,0,1,0,0,0,0,0,0,0,0,0,0,0,0,1,0,1,0,0
1,1.4470429365269428,-0.7630294033372017,0.29797008280196685,-0.7053666992909329,3,1,1,0,0,1,0,0,0,0,1,0,1,0,1,0,0,0,0,0,0,0,1,1,0,1,0,0
0,-0.06200980900601573,-0.35055709468006563,-0.28383331941150675,-0.38991104364909684,2,1,1,1,1,0,0,0,0,0,0,0,0,0,1,0,1,0,0,0,0,0,0,0,0,0,1,0
0,-1.285566089167874,-0.2873556925471174,-0.9856371200341291,-0.28644067641111465,1,0,0,0,1,0,0,0,0,0,0,0,0,0,0,0,0,0,0,0,1,0,0,1,0,1,0,1
0,-0.46986190239330183,1.3708495160462886,-0.01782508330563848,1.4007463424072344,4,1,1,0,1,0,1,1,0,0,0,0,0,0,1,0,1,0,1,0,1,0,0,1,0,1,0,1
0,1.2431168898332998,1.0348841678658796,1.6850335114724206,1.0638983305717884,3,0,1,0,1,0,0,1,0,0,0,0,1,0,0,0,0,0,1,0,1,1,0,1,0,1,0,0
1,-1.2447808798291453,0.4943458601498745,-0.9401296160050713,0.49100411391086185,1,0,0,0,1,0,0,1,0,0,0,0,0,0,0,0,0,0,0,0,1,0,0,1,0,0,0,1
0,1.1615464711558425,-0.11438343407799567,0.6444712332083836,-0.1125760964369805,5,0,1,1,0,1,0,0,0,0,0,0,1,0,1,0,1,0,1,0,1,0,1,1,0,0,0,0
0,-1.285566089167874,0.12511661611001895,-0.9801665136360649,0.12466019352460013,0,0,0,0,1,0,0,1,0,0,0,0,0,0,0,0,0,0,0,0,0,0,0,0,0,1,0,1
0,-0.5922175304094877,-1.504814281002858,-0.829018952992777,-1.3938528540493245,0,1,0,0,1,0,0,0,1,1,0,1,0,1,0,1,0,1,0,1,0,1,0,0,0,0,1,0
0,-1.081640042474231,-1.5264358133114981,-0.9639091067192372,-1.5683681202966766,0,0,1,1,1,0,0,0,1,1,0,1,0,1,0,1,0,1,0,1,0,1,0,0,1,0,0,0
0,0.01956060967144149,1.1679397513036653,0.45452207315301973,1.1847117157940752,3,0,0,0,1,0,1,1,0,0,0,0,1,0,0,0,0,0,1,0,1,0,0,1,0,1,0,0
0,-0.6737879490869448,-1.48485594348719,-0.8659896639732425,-1.4728106516212627,0,1,0,0,1,0,0,0,1,1,0,1,0,1,0,1,0,1,0,1,0,0,0,0,0,0,0,1
0,0.9576204244621995,1.124696686686385,1.4908049254443776,1.2051616303328845,4,0,1,0,1,0,0,1,0,0,0,0,0,0,1,0,1,0,1,0,1,0,0,1,0,1,0,0
0,-0.3882914837158446,-1.499824696623941,-0.8051071088980127,-1.4803917653583532,0,1,0,1,1,0,0,0,1,1,0,1,0,1,0,1,0,1,0,1,0,1,0,0,0,0,1,0
0,-0.9592844144580451,0.29642567978616796,-0.6997317590449791,0.44311601974272263,1,1,0,0,1,0,0,1,0,0,0,0,0,0,1,0,0,0,0,0,0,0,0,1,0,1,0,0
1,-0.7553583677644021,1.1745925304755547,-0.4061278430843598,1.0924996263744073,3,0,1,0,1,0,1,1,0,0,0,0,1,0,0,0,0,0,1,0,1,0,0,1,0,1,0,1
0,-0.7145731584256735,0.33301596523155935,-0.5219591100046611,0.2959522226644809,0,1,1,1,1,0,1,1,0,0,0,0,0,0,0,0,0,0,0,0,0,0,0,1,0,0,0,1
0,-1.1224252518129596,-1.4915087226590795,-0.9682988271757482,-1.517754088460505,0,1,0,0,1,0,0,0,1,1,0,1,0,1,0,1,0,1,0,1,0,0,0,0,1,0,0,0
0,1.1615464711558425,1.3741759056322336,1.8021441944051724,1.3135863014408777,4,1,1,0,1,0,1,1,0,0,1,0,1,0,0,0,0,0,1,0,1,0,0,1,0,1,0,0
0,1.5286133552044,1.7184572277775043,2.5861615032761214,1.7097666353458552,6,1,1,1,1,0,1,1,0,0,1,0,1,0,1,0,1,0,1,0,1,0,1,1,1,0,0,0
0,-0.7145731584256735,1.1579605825458315,-0.3192378487215589,1.3115481889841631,3,1,0,0,1,0,1,1,0,0,1,0,0,0,0,0,0,0,1,0,1,0,0,1,0,1,0,0
0,-1.0000696237967737,-1.5031510862098856,-0.9529899528198753,-1.61153647441459,0,1,1,1,1,0,0,0,1,1,0,1,0,1,0,1,0,1,0,1,0,0,1,0,0,0,1,0
0,-1.0000696237967737,-1.509803865381775,-0.93891637668292,-1.4793377067638915,0,0,1,1,1,0,0,0,1,1,0,1,0,1,0,1,0,1,0,1,0,0,1,0,0,0,1,0
0,-1.1632104611516882,-1.1888072703381165,-0.9619017471134959,-1.2391835191351144,1,0,0,0,0,1,0,0,0,0,1,0,0,0,0,0,0,0,0,0,0,0,0,1,0,0,1,0
0,0.060345819010170096,-0.32893556237142546,-0.17876679411320245,-0.31310957772217207,2,0,0,0,1,0,0,0,0,0,1,0,1,0,0,0,0,0,0,0,0,1,0,0,0,0,1,0
0,1.4470429365269428,0.8619119093967579,1.7702249707842097,0.9216313000715827,6,1,1,0,1,0,1,0,0,0,1,0,1,0,1,0,1,0,1,0,1,0,1,1,1,0,0,0
0,0.5089831217361848,-0.4619911458092113,-0.011405944346619599,-0.4829660474780535,4,0,1,1,0,1,0,0,0,0,0,0,1,0,1,0,1,0,0,0,1,1,0,0,0,0,0,0
1,-0.9592844144580451,0.8386271822951452,-0.6500992413206069,0.857532219274693,2,0,0,0,1,0,1,1,0,0,0,0,0,0,1,0,0,0,1,0,0,0,0,1,0,1,0,0
0,-0.4290766930545732,-0.19421678414066737,-0.4574368369629774,-0.2623291884383455,2,0,0,0,1,0,1,0,0,0,1,0,0,0,0,0,1,0,0,0,0,0,0,1,0,0,1,0
0,-1.2447808798291453,-1.4831927486942178,-0.9922768479608117,-1.468355677476294,0,0,0,0,1,0,0,0,1,1,0,1,0,1,0,1,0,1,0,1,0,0,0,0,0,0,1,0
0,1.5286133552044,0.2681513683056386,1.3125910984687321,0.3425483907756662,4,1,1,0,1,0,1,0,0,0,0,0,1,0,1,0,1,0,1,0,0,0,1,0,0,0,0,0
0,-0.9184992051193165,0.28810970582130635,-0.7045847163335843,0.14720443477913905,4,0,0,1,1,0,1,0,0,0,1,0,0,0,1,0,1,0,0,0,1,1,0,0,1,0,0,0
0,1.6101837738818572,0.6456965863103559,1.6353348170577495,0.6101257481541069,5,1,0,0,1,0,1,0,0,0,1,0,0,0,1,0,1,0,1,0,1,0,1,0,1,0,0,0
0,0.6721239590910992,0.4361340423958432,0.6766992813840759,0.43613202610344487,4,0,1,1,1,0,0,0,0,0,0,0,1,0,1,0,0,0,1,0,1,1,0,0,1,0,0,0
1,0.8760500057847422,0.23987705682510888,0.7039861366840975,0.2345265326449645,3,0,0,0,1,0,1,0,0,0,0,0,1,0,0,0,1,0,1,0,0,1,0,0,0,0,1,0
0,1.5693985645431285,1.392471048354929,2.202755818579538,1.2495842118823124,5,0,0,0,1,0,1,1,0,0,1,0,1,0,1,0,0,0,1,0,1,0,1,1,1,0,0,0
0,-0.4290766930545732,-1.5181198393466364,-0.8284454216768509,-1.529613926607111,0,0,0,0,1,0,0,0,1,1,0,1,0,1,0,1,0,1,0,1,0,1,0,1,0,0,1,0
0,0.7129091684298279,-1.4748767747293563,-0.538282693611788,-1.4416672742264351,0,0,1,1,1,0,0,0,1,1,0,1,0,1,0,1,0,1,0,1,0,0,1,0,1,0,0,0
0,0.4274127030587276,-1.4931719174520517,-0.6495918866949799,-1.5206684944776785,0,0,1,1,1,0,0,0,1,1,0,1,0,1,0,1,0,1,0,1,0,1,0,0,0,0,1,0
0,0.5089831217361848,-1.3384948017056257,-0.4937016632469186,-1.2883701173951203,0,0,1,1,1,0,1,0,1,1,0,1,0,1,0,1,0,1,0,1,0,0,1,1,1,0,0,0
1,1.2839020991720282,1.284363386811728,1.8786665072877713,1.2410197320263157,4,1,0,0,1,0,1,1,0,0,1,0,1,0,0,0,0,0,1,0,1,0,0,1,0,0,0,0
0,-0.3882914837158446,-1.3651059183931828,-0.7344304036585068,-1.2494718517408865,0,0,1,1,1,0,1,0,1,1,0,1,0,1,0,1,0,1,0,1,0,0,1,0,0,0,1,0
0,1.4470429365269428,-1.3002413214672623,-0.16714175551731622,-1.2193646738280857,0,0,1,0,1,0,1,0,1,1,0,1,0,1,0,1,0,1,0,1,0,0,1,0,1,0,0,0
0,-1.285566089167874,0.1982971870008008,-0.9791959221783438,0.19759744464222653,0,0,0,0,1,0,0,1,0,0,0,0,0,0,0,0,0,0,0,0,0,0,0,1,0,1,0,1
0,-1.2447808798291453,0.1633700963483821,-0.9510267110076669,0.08156090877327483,0,1,0,0,1,0,0,1,0,0,0,0,0,0,0,0,0,0,0,0,0,0,0,1,1,0,0,1
0,-0.2659358556996588,-0.1809112257968886,-0.3455982303573921,-0.22969753524442954,2,1,0,0,1,0,0,0,0,0,0,0,0,0,0,0,1,0,1,0,0,1,0,0,1,0,0,0
0,0.9168352151234709,-0.34390431550817646,0.3035068658903302,-0.3560324585725196,4,1,1,0,0,1,0,0,0,0,0,0,0,0,1,0,1,0,1,0,1,0,0,1,0,0,0,1
0,-0.7553583677644021,-1.4915087226590795,-0.8784088228527188,-1.442543468476874,0,1,0,0,1,0,0,0,1,1,0,1,0,1,0,1,0,1,0,1,0,0,0,1,0,1,0,0
0,1.5693985645431285,0.5874847685563245,1.5627831055931003,0.5722296890191276,5,1,1,0,1,0,0,0,0,0,1,0,0,0,1,0,1,0,1,0,1,0,1,1,0,1,0,0
0,1.2839020991720282,0.5442417039390443,1.4458268349377132,0.7327900653252958,5,1,0,0,1,0,1,0,0,0,1,0,1,0,1,0,1,0,1,0,0,1,0,0,0,1,0,0
0,-1.0408548331355023,0.19497079741485634,-0.8115703656505643,-0.016241314316269802,3,0,0,0,1,0,0,0,0,0,0,0,0,0,0,0,1,0,1,0,1,0,0,1,1,0,0,1
0,0.9984056338009281,0.3130576277158912,0.8276483119564666,0.2719887876880363,5,0,0,0,1,0,0,0,0,0,1,0,1,0,1,0,1,0,1,0,0,0,1,1,1,0,0,0
0,-0.7961435771031307,0.9716827657329311,-0.4741574807118992,0.9487746235477148,3,0,1,0,1,0,1,1,0,0,0,0,1,0,1,0,0,0,1,0,0,0,0,0,0,1,0,1
0,-1.2039956704904167,-1.170512127615421,-0.9699973622267603,-1.1379278277161367,1,0,1,1,0,1,0,0,0,0,1,0,0,0,0,0,0,0,0,0,0,0,0,0,1,0,0,1
1,1.6101837738818572,1.4905995411402961,2.474168484393171,1.4856260159097867,5,1,1,0,1,0,1,1,0,0,0,0,1,0,1,0,1,0,1,0,1,0,1,0,1,0,0,0
0,0.30505707504254176,1.0465265314166856,0.716934709085967,1.0938968009899723,3,0,1,1,1,0,1,1,0,0,0,0,1,0,1,0,0,0,1,0,0,0,0,1,1,0,0,0
0,-0.7553583677644021,0.056925629598153324,-0.5783195912427815,0.16823309678967546,2,1,1,0,1,0,1,0,0,0,0,0,0,0,0,0,1,0,1,0,0,0,0,1,1,0,0,0
0,-1.2447808798291453,-0.6782064688956133,-0.9707253058200509,-0.6585864235908241,0,1,1,1,1,0,0,0,0,0,0,0,0,0,0,0,0,0,0,0,0,0,0,1,0,1,0,0
1,1.3654725178494855,1.530516216171632,2.2684030953563075,1.5819735962787524,5,1,0,0,1,0,1,1,0,0,0,0,1,0,1,0,1,0,1,0,1,1,0,0,1,0,0,1
0,0.22348665636508452,1.3342592306008978,0.7659054599073476,1.3615398694750724,4,0,1,0,1,0,1,1,0,0,0,0,0,0,1,0,1,0,1,0,1,0,0,1,0,1,0,1
0,-1.285566089167874,-1.3168732693969856,-0.9992915771325229,-1.3125351864522734,0,1,0,1,0,1,0,0,0,0,0,0,0,0,0,0,0,0,0,0,0,0,0,1,0,1,0,1
0,-0.4290766930545732,-0.3239459779925085,-0.48410604315354,-0.3534254039354642,2,1,0,0,1,0,0,0,0,0,0,0,1,0,0,0,1,0,0,0,0,1,0,1,1,0,0,1
0,-1.1224252518129596,0.5059882237006805,-0.8346219127714394,0.4913356468704876,1,1,0,0,1,0,0,1,0,0,0,0,0,0,0,0,0,0,1,0,0,0,0,1,0,0,1,0
0,-0.14358022768347295,0.13842217445379726,-0.14642845145367822,0.08761995941470821,3,1,1,1,1,0,1,0,0,0,1,0,0,0,0,0,1,0,1,0,0,1,0,0,0,0,0,0
0,-1.285566089167874,0.16669648593432704,-0.9796150412169051,0.16610181347779715,0,1,1,1,1,0,0,1,0,0,0,0,0,0,0,0,0,0,0,0,0,0,0,1,0,0,1,1
0,-1.2039956704904167,-1.4798663591082732,-0.9825929922803674,-1.4534366942931434,0,0,0,0,1,0,0,0,1,1,0,1,0,1,0,1,0,1,0,1,0,0,0,0,0,0,1,0
0,1.5693985645431285,-1.5031510862098856,-0.43643676724137637,-1.5437677520953512,0,1,1,1,1,0,0,0,1,1,0,1,0,1,0,1,0,1,0,1,0,0,1,0,1,0,0,0
0,-0.9592844144580451,-0.4919286520827131,-0.7969011993009165,-0.3682188064520902,1,1,0,1,1,0,0,0,0,0,0,0,1,0,0,0,0,0,0,0,0,0,0,1,0,1,0,0
0,0.4274127030587276,1.2145092055068907,0.9872003122677482,1.3398055912406222,3,1,0,0,1,0,1,1,0,0,0,0,1,0,0,0,0,0,1,0,1,0,0,1,0,1,0,1
0,0.6313387497523706,0.6174222748298265,0.7047802569676873,0.5339997946123037,5,0,0,0,1,0,1,0,0,0,1,0,1,0,1,0,0,0,1,0,1,1,0,1,1,0,0,0
0,-0.2659358556996588,0.7238667415800553,-0.0360016142411418,0.665122674052679,2,1,0,0,1,0,1,1,0,0,1,0,1,0,0,0,0,0,0,0,0,0,0,1,1,0,0,0
0,-0.9592844144580451,-1.4881823330731347,-0.9053868535980109,-1.2740405261401926,0,0,0,0,1,0,0,0,1,1,0,1,0,1,0,1,0,1,0,1,0,0,0,0,0,0,0,0
0,-1.285566089167874,0.5292729508022932,-0.9748062017218326,0.527472739469675,1,1,0,0,1,0,0,1,0,0,0,0,0,0,0,0,0,0,0,0,1,0,0,1,0,1,0,1
0,0.5497683310749134,-1.5131302549677197,-0.587738740162029,-1.460752041119664,0,0,1,1,1,0,0,0,1,1,0,1,0,1,0,1,0,1,0,1,0,0,1,0,1,0,0,0
0,-1.2447808798291453,-0.09442509656232799,-0.958262029147042,-0.1902961181196976,1,1,0,0,1,0,1,0,0,0,0,0,0,0,0,0,0,0,0,0,1,0,0,0,0,0,0,1
1,-1.285566089167874,0.3845750038137013,-0.9767253257405085,0.38325590203254956,0,1,0,0,1,0,1,1,0,0,0,0,0,0,0,0,0,0,0,0,0,0,0,1,0,1,0,1
0,1.2839020991720282,-0.16095288828122092,0.6860743125097906,-0.1592926061922121,5,1,1,1,0,1,0,0,0,0,1,0,0,0,1,0,1,0,1,0,1,0,1,1,0,0,0,0
1,-0.8369287864418593,0.8785438573264811,-0.52758412868009,0.872543294946629,2,0,0,0,1,0,1,1,0,0,0,0,1,0,0,0,0,0,1,0,0,0,0,1,0,1,0,1
1,-1.081640042474231,1.0265681939010178,-0.7573275385020171,1.018970352114592,3,1,1,0,1,0,0,1,0,0,0,0,0,0,1,0,0,0,1,0,1,0,0,1,0,1,0,1
0,1.0799760524783852,-1.4815295539012454,-0.4514809348360527,-1.4393605915158203,0,0,1,0,1,0,0,0,1,1,0,1,0,1,0,1,0,1,0,1,0,1,0,0,0,0,1,0
0,-1.0408548331355023,0.9700195709399588,-0.7309892157629503,0.8488229010496089,3,0,0,0,1,0,0,1,0,0,0,0,1,0,0,0,0,0,1,0,1,1,0,1,0,0,1,0
1,1.6101837738818572,0.6390438071384664,1.6938129523854428,0.6711600450962877,5,0,1,0,1,0,1,0,0,0,1,0,1,0,1,0,0,0,1,0,1,0,1,1,1,0,0,0
1,-0.6737879490869448,0.461081964290428,-0.47298835918328064,0.3729991010941332,1,1,0,0,1,0,0,1,0,0,0,0,0,0,0,0,0,0,0,0,1,0,0,1,0,1,0,0
0,-0.30672106503838736,-0.31064041964873,-0.39046602638022454,-0.287700501657692,1,1,1,0,1,0,1,0,0,0,0,0,0,0,1,0,0,0,0,0,0,0,0,0,1,0,0,0
0,0.060345819010170096,-0.07446675904666006,-0.006817693819210933,0.06693445467214658,3,0,1,0,1,0,1,0,0,0,1,0,1,0,0,0,1,0,0,0,0,0,0,0,0,1,0,1
0,-1.285566089167874,0.3197104068877806,-0.9775856227143975,0.31860697490556206,0,0,0,0,1,0,1,1,0,0,0,0,0,0,0,0,0,0,0,0,0,0,0,1,0,1,0,1
0,-0.9184992051193165,1.2377939326085028,-0.5389003427212469,1.3922764646529906,4,0,1,1,1,0,1,1,0,0,0,0,1,0,1,0,0,0,1,0,1,0,0,1,1,0,0,1
0,-0.347506274377116,-1.489845527866107,-0.774908479224828,-1.4137908778712514,0,1,1,0,1,0,0,0,1,1,0,1,0,1,0,1,0,1,0,1,0,1,0,0,0,0,1,0
0,-0.9184992051193165,0.18000204427810534,-0.7121509179244552,0.09034653220335262,3,0,1,1,1,0,1,0,0,0,1,0,1,0,0,0,0,0,1,0,0,1,0,0,0,1,0,0
0,1.4878281458656715,-0.37384182178167824,0.6679639582645865,-0.32336576039260095,2,1,1,0,1,0,0,0,0,0,1,0,1,0,0,0,0,0,0,0,0,1,0,1,1,0,0,0
0,0.9984056338009281,-1.4682239955574667,-0.5168635048516257,-1.5005783546048153,0,1,0,0,1,0,0,0,1,1,0,1,0,1,0,1,0,1,0,1,0,0,1,0,0,0,1,0
0,0.7129091684298279,1.2810369972257836,1.2997307616539278,1.320764805261754,5,1,1,1,1,0,0,1,0,0,0,0,1,0,1,0,1,0,1,0,1,1,0,1,0,0,0,0
0,-0.18436543702220157,-0.4686439249811007,-0.39862781818378795,-0.5092781871308771,4,1,1,1,0,1,0,0,0,0,1,0,0,0,1,0,1,0,1,0,0,1,0,0,0,0,1,0
0,-0.6737879490869448,-0.49026545728974086,-0.6741654976927358,-0.5718698338387592,1,0,0,0,1,0,0,0,0,0,1,0,0,0,0,0,0,0,0,0,0,0,0,1,0,1,0,1
0,-0.30672106503838736,0.46939793825528964,-0.17133294590292988,0.37098918252640306,5,1,0,0,1,0,0,0,0,0,1,0,1,0,0,0,1,0,1,0,1,0,0,1,0,0,1,0
1,-1.2039956704904167,0.323036796473725,-0.9049897934562158,0.49045155897815257,1,0,1,0,1,0,0,1,0,0,0,0,1,0,0,0,0,0,0,0,0,0,0,1,0,0,0,0
0,1.1615464711558425,1.0515161157956028,1.4926578727727542,0.932323397871465,2,1,1,0,1,0,1,1,0,0,0,0,0,0,0,0,0,0,1,0,1,1,0,1,0,0,0,0
0,-1.2447808798291453,-1.489845527866107,-0.9928944970702704,-1.4915629846500846,0,0,0,0,1,0,0,0,1,1,0,1,0,1,0,1,0,1,0,1,0,0,0,0,0,0,1,0
0,0.7536943777685564,-1.5131302549677197,-0.5702680939230501,-1.502711592998278,0,1,1,1,1,0,0,0,1,1,0,1,0,1,0,1,0,1,0,1,0,1,0,0,0,0,1,0
0,1.5693985645431285,0.4211652892590922,1.4488268448979422,0.4516170644116823,4,0,1,1,1,0,0,0,0,0,1,0,0,0,1,0,0,0,1,0,1,0,1,0,1,0,0,0
0,-0.5106471117320305,-1.4915087226590795,-0.8313130782564813,-1.478218783025155,0,0,1,1,1,0,0,0,1,1,0,1,0,1,0,1,0,1,0,1,0,0,0,0,0,0,1,0
0,-1.081640042474231,-1.4981615018309686,-0.9491958225760567,-1.384091050238127,0,1,1,1,1,0,0,0,1,1,0,1,0,1,0,1,0,1,0,1,0,0,0,0,1,0,0,0
0,-1.081640042474231,-1.4865191382801624,-0.9559017271930385,-1.4680794000099395,0,0,0,0,1,0,0,0,1,1,0,1,0,1,0,1,0,1,0,1,0,0,0,0,0,0,1,0
0,-0.14358022768347295,0.0851999410786831,-0.21584779957750014,-0.09226525160972124,3,0,0,0,1,0,1,0,0,0,1,0,1,0,0,0,1,0,0,0,0,0,0,0,0,0,1,0
0,0.14191623768762732,-1.5414045664482492,-0.7064817814554937,-1.5167963265771425,0,1,0,0,1,0,0,0,1,1,0,1,0,1,0,1,0,1,0,1,0,0,1,1,1,0,0,0
0,-0.18436543702220157,-1.1688489328224487,-0.6616139854326611,-1.2150881772480415,1,0,0,0,0,1,0,0,0,0,0,0,0,0,1,0,0,0,0,0,0,0,0,1,0,0,1,0
0,-1.0408548331355023,0.7188771572011381,-0.7534672315678993,0.607514268293564,1,0,1,0,1,0,1,1,0,0,0,0,0,0,0,0,0,0,1,0,0,0,0,1,0,1,0,1
0,1.2431168898332998,-1.3534635548423763,-0.296539243948946,-1.2997474865810013,0,0,0,0,1,0,1,0,1,1,0,1,0,1,0,1,0,1,0,1,0,0,1,0,0,0,1,0
0,0.6313387497523706,-1.3750850871510167,-0.49279724847949674,-1.3408881614369192,0,1,1,1,1,0,1,0,1,1,0,1,0,1,0,1,0,1,0,1,0,0,1,0,0,0,1,0
0,0.6721239590910992,-1.4782031643153006,-0.6129961769595429,-1.5417665471076718,0,0,1,0,1,0,0,0,1,1,0,1,0,1,0,1,0,1,0,1,0,1,0,0,0,0,0,0
1,-0.22515064636093016,0.5508944831109336,-0.07425174123405787,0.4543513033744787,1,1,0,0,1,0,1,1,0,0,0,0,1,0,0,0,0,0,0,0,0,0,0,1,0,1,0,1
0,1.6101837738818572,0.9118077531859275,1.9542182287126488,0.9429480026226716,6,1,1,0,1,0,1,0,0,0,1,0,1,0,1,0,1,0,1,0,1,0,1,0,1,0,0,0
0,-1.285566089167874,0.14174856403974218,-0.979945924668401,0.14123684150587895,0,1,1,0,1,0,0,1,0,0,0,0,0,0,0,0,0,0,0,0,0,0,0,1,0,1,0,1
0,1.6101837738818572,-0.37384182178167824,0.6589639283839003,-0.4089236864950081,4,0,1,1,0,1,0,0,0,0,0,0,1,0,0,0,1,0,1,0,1,0,1,0,1,0,0,0
0,0.590553540413642,-0.8395363638139287,-0.21692868551905306,-0.8825651533889326,3,0,0,0,0,1,0,0,0,0,1,0,1,0,0,0,1,0,0,0,0,1,0,0,1,0,0,0
0,-1.285566089167874,-0.3405779259222318,-0.9863430047306534,-0.3394859499512069,1,0,0,0,1,0,0,0,0,0,0,0,0,0,0,0,0,0,1,0,0,0,0,1,0,1,0,0
0,0.14191623768762732,1.3276064514290082,0.7041626078582285,1.427814956075077,4,0,0,0,1,0,1,1,0,0,0,0,1,0,1,0,0,0,1,0,1,1,0,1,0,0,0,0
0,0.4274127030587276,-1.1838176859591996,-0.4704295271583797,-1.2075625993522219,1,1,1,1,0,1,0,0,0,0,0,0,1,0,0,0,0,0,0,0,0,0,0,0,1,0,0,0
1,-0.22515064636093016,0.6307278331736048,0.00875588729785861,0.6853806602394864,5,0,1,0,1,0,1,0,0,0,0,0,1,0,1,0,1,0,1,0,1,0,0,0,0,1,0,0
0,-0.9592844144580451,0.48769308097798514,-0.6913052604802189,0.5134746811743731,1,0,0,0,1,0,0,1,0,0,0,0,0,0,0,0,0,0,0,0,1,0,0,1,0,1,0,1
0,0.22348665636508452,1.289352971190645,0.7491848161584257,1.328473819028206,4,0,0,0,1,0,1,1,0,0,0,0,0,0,1,0,1,0,1,0,1,0,0,1,0,1,0,0
1,0.1011310283488987,1.136339050237191,0.5577577100197139,1.2157351636523717,3,0,0,0,1,0,1,1,0,0,1,0,0,0,0,0,0,0,1,0,1,0,0,1,0,1,0,0
0,1.0799760524783852,1.1696029460966375,1.6519892841163721,1.2397909704346954,4,0,1,0,1,0,0,1,0,0,0,0,1,0,0,0,1,0,1,0,1,0,1,1,0,0,1,0
0,-0.22515064636093016,-1.4815295539012454,-0.7759231884760819,-1.4985620137977356,0,1,0,0,1,0,0,0,1,1,0,1,0,1,0,1,0,1,0,1,0,0,1,0,1,0,0,0
1,-1.2447808798291453,-0.6965016116183088,-0.9729091365999234,-0.7406408310981543,0,0,0,0,1,0,0,0,0,0,0,0,0,0,0,0,0,0,0,0,0,0,0,0,0,1,0,0
0,-1.0408548331355023,-1.3767482819439891,-0.9341295960846139,-1.331953545516057,0,1,0,0,1,0,1,0,1,1,0,1,0,1,0,1,0,1,0,1,0,0,0,0,0,0,1,0
0,0.14191623768762732,0.1933076026218841,0.09776353575023268,0.1620036977268697,3,0,0,0,1,0,1,0,0,0,0,0,1,0,0,0,1,0,0,0,1,1,0,1,0,0,1,0
0,0.34584228438127035,0.9783355449048204,0.7073170300958219,0.9971174783734185,3,0,1,1,1,0,1,1,0,0,1,0,1,0,0,0,0,0,1,0,0,0,0,1,0,0,0,0
0,-0.7961435771031307,-1.1888072703381165,-0.8528866792940083,-1.2404905240721003,1,0,0,0,0,1,0,0,0,0,0,0,1,0,0,0,0,0,0,0,0,0,0,0,0,1,0,0
0,-0.551432321070759,-1.4648976059715222,-0.8042026941305909,-1.3355680025946817,0,1,0,1,1,0,0,0,1,1,0,1,0,1,0,1,0,1,0,1,0,0,1,0,1,0,0,0
0,1.1207612618171139,-0.9044009607398492,-0.0007294383116880688,-0.8866810998132207,3,0,1,0,0,1,0,0,0,0,1,0,1,0,0,0,1,0,0,0,0,0,1,0,0,0,0,0
0,0.6313387497523706,1.0182522199361563,1.0312519291102245,1.0451131073684008,4,0,0,1,1,0,0,1,0,0,0,0,1,0,1,0,1,0,1,0,0,0,1,1,0,0,1,1
1,-1.2039956704904167,0.8702278833616195,-0.882908837793062,1.0435590466201559,2,1,0,0,1,0,1,1,0,0,0,0,0,0,1,0,0,0,1,0,0,0,0,0,0,1,0,1
0,1.4878281458656715,0.9167973375648447,1.839798731185396,0.9528679652733043,3,1,1,0,1,0,1,1,0,0,0,0,1,0,0,0,1,0,1,0,0,0,1,1,0,0,1,0
0,0.4274127030587276,-0.6898488324464196,-0.15840643239782676,-0.6622679814564336,3,1,0,0,0,1,0,0,0,0,0,0,0,0,1,0,1,0,0,0,1,1,0,0,0,1,0,0
0,-0.877713995780588,-0.959286388907936,-0.832835142133362,-0.9379029420753721,2,0,0,1,0,1,0,0,0,0,1,0,0,0,0,0,1,0,0,0,0,1,0,1,0,0,1,0
0,0.5089831217361848,-0.48693906770379614,-0.030354536668946486,-0.5146090266245389,1,0,1,0,1,0,0,0,0,0,0,0,0,0,1,0,0,0,0,0,0,0,0,1,1,0,0,0
0,1.6101837738818572,1.4922627359332683,2.4126021035181835,1.4213684818601349,5,1,1,0,1,0,1,1,0,0,0,0,1,0,1,0,1,0,1,0,1,0,1,1,1,0,0,0
1,-1.2447808798291453,0.476050717427179,-0.9341957727749132,0.7139600292590617,1,0,1,0,1,0,1,1,0,0,0,0,0,0,1,0,0,0,0,0,0,0,0,0,0,1,0,1
0,-0.8369287864418593,-1.4831927486942178,-0.9114089324152347,-1.531070662338799,0,0,1,1,1,0,0,0,1,1,0,1,0,1,0,1,0,1,0,1,0,0,1,0,0,0,0,0
0,1.4062577271882142,1.578748865167829,2.2491677373760175,1.5046785085988832,5,0,1,1,1,0,1,1,0,0,0,0,1,0,1,0,1,0,1,0,1,1,0,1,1,0,0,0
0,0.18270144702635593,0.9783355449048204,0.5164413963762697,0.9498188489818788,3,1,1,0,1,0,1,1,0,0,0,0,0,0,1,0,1,0,1,0,0,0,1,0,0,0,1,0
0,0.2642718657038131,-0.789640520024759,-0.26005382869734084,-0.7054048280815385,3,0,0,0,0,1,0,0,0,0,1,0,1,0,0,0,1,0,0,0,0,1,0,0,0,0,0,0
0,0.34584228438127035,0.32469999126669774,0.35307320692440314,0.3478384785408418,4,0,0,0,1,0,1,0,0,0,1,0,0,0,1,0,1,0,0,0,1,0,0,1,0,0,0,0
0,-0.30672106503838736,-0.5534668594226891,-0.439657366169269,-0.43556420165069903,3,0,0,0,0,1,0,0,0,0,0,0,0,0,1,0,0,0,1,0,1,0,0,1,0,1,0,0
0,-1.0000696237967737,0.3745958350558674,-0.7255406682616525,0.5249862422724831,4,1,1,1,1,0,1,0,0,0,1,0,1,0,0,0,1,0,0,0,1,0,1,1,1,0,0,0
0,1.5693985645431285,0.2066131609656624,1.294679274294425,0.288465492449462,4,0,1,1,1,0,1,0,0,0,1,0,1,0,1,0,1,0,0,0,0,0,1,0,0,0,1,0
0,-1.1224252518129596,1.053179310588575,-0.7898202934389061,1.164679087870033,3,1,0,0,1,0,1,1,0,0,0,0,1,0,1,0,0,0,0,0,1,0,0,0,0,1,0,0
0,-0.10279501834474433,0.4793771070131235,0.060329587937672915,0.5308985800524728,4,0,0,0,1,0,1,0,0,0,1,0,0,0,1,0,0,0,1,0,1,1,0,1,1,0,0,0
0,0.30505707504254176,0.821995234365422,0.5284414362171848,0.7397781584899036,3,1,0,0,1,0,0,1,0,0,0,0,1,0,0,0,1,0,0,0,1,1,0,1,1,0,0,0
0,0.8760500057847422,-1.4765399695223285,-0.5535253912773618,-1.5154456367416307,0,0,0,0,1,0,0,0,1,1,0,1,0,1,0,1,0,1,0,1,0,0,1,1,0,0,1,0
0,1.6101837738818572,1.377502295218178,2.3272121141354973,1.3322459758385654,4,1,1,0,1,0,1,1,0,0,0,0,1,0,1,0,0,0,1,0,1,0,1,1,0,0,0,0
0,-0.18436543702220157,1.1795821148544714,0.2244036620860641,1.1628319756664043,4,1,1,1,1,0,0,1,0,0,0,0,1,0,1,0,0,0,1,0,1,1,0,0,0,0,0,0
0,-0.5922175304094877,0.6889396509276361,-0.3039069154689195,0.7984088414747991,2,1,1,1,1,0,0,1,0,0,0,0,0,0,0,0,1,0,0,0,1,0,0,1,0,1,0,0
0,-1.2447808798291453,-0.6532585470010285,-0.9727326654257923,-0.7340101719056427,2,0,0,0,0,1,0,0,0,0,0,0,0,0,0,0,0,0,1,0,1,0,0,1,0,1,0,1
0,1.0799760524783852,1.3725127108392614,1.7496440201011698,1.3641720223213412,4,0,1,1,1,0,1,1,0,0,0,0,1,0,1,0,0,0,1,0,1,1,0,1,0,1,0,0
0,-0.4290766930545732,-0.45866475622326663,-0.46652510243072903,-0.2933727292032856,1,1,1,1,1,0,0,0,0,0,0,0,0,0,0,0,1,0,0,0,0,0,0,1,0,1,0,0
1,1.6101837738818572,-1.3035677110532067,-0.1557152469923274,-1.2592136354458265,0,0,1,0,1,0,1,0,1,1,0,1,0,1,0,1,0,1,0,1,0,0,1,1,1,0,0,0
1,-0.7553583677644021,0.3130576277158912,-0.5268120672932665,0.44470790419171885,0,0,0,0,1,0,1,1,0,0,0,0,0,0,0,0,0,0,0,0,0,0,0,1,0,1,0,1
0,0.7129091684298279,1.1479814137879978,1.2217966793782806,1.2036342106260378,3,1,1,0,1,0,1,1,0,0,0,0,0,0,0,0,1,0,1,0,1,1,0,0,0,1,0,0
0,0.6313387497523706,0.16004370676243765,0.32351428525744375,-0.06289767144691101,4,0,1,1,1,0,0,0,0,0,1,0,0,0,1,0,1,0,1,0,0,1,0,0,0,0,0,0
0,0.6721239590910992,1.1130543231355785,1.1465537825081322,1.1567087648814833,3,0,1,1,1,0,1,1,0,0,0,0,1,0,0,0,0,0,1,0,1,0,0,1,0,1,0,0
0,-0.18436543702220157,0.6839500665487195,-0.00020002478929464547,0.5600340122900442,2,1,1,1,1,0,0,1,0,0,0,0,0,0,1,0,0,0,1,0,0,0,0,0,0,1,0,0
1,1.4470429365269428,1.031557778279935,1.8586149701271246,1.019311636043618,3,1,0,0,1,0,1,1,0,0,0,0,1,0,1,0,0,0,0,0,1,0,0,1,0,1,0,0
0,-0.7961435771031307,1.1928876731982503,-0.43107645532714417,1.1978068812972347,3,1,0,0,1,0,1,1,0,0,0,0,0,0,0,0,1,0,1,0,1,0,0,0,0,1,0,0
0,-0.877713995780588,0.8086896760216437,-0.5735548695412418,0.8333872431241838,2,0,0,0,1,0,1,1,0,0,0,0,0,0,1,0,0,0,1,0,0,0,0,1,0,1,0,0
0,-1.2039956704904167,0.3064048485440018,-0.9098648096415876,0.3683369188493985,0,0,1,0,1,0,1,1,0,0,0,0,0,0,0,0,0,0,0,0,0,0,0,1,1,0,0,1
1,0.9984056338009281,1.1878980888193331,1.5246212141872497,1.1908585589450278,3,1,1,0,1,0,1,1,0,0,0,0,0,0,1,0,0,0,1,0,1,0,0,0,0,1,0,1
0,-1.2039956704904167,0.3363423548175038,-0.9182030726192821,0.15947115428528555,0,1,0,0,1,0,1,1,0,0,0,0,0,0,0,0,0,0,0,0,0,0,0,0,0,0,1,1
0,1.6101837738818572,-1.3019045162602345,-0.1880094718583189,-1.2929194863410933,0,1,1,0,1,0,1,0,1,1,0,1,0,1,0,1,0,1,0,1,0,0,1,0,1,0,0,0
0,1.5286133552044,0.6390438071384664,1.6276583209830464,0.6807830523708167,5,1,1,1,1,0,1,0,0,0,0,0,1,0,1,0,1,0,1,0,1,0,1,1,0,1,0,0
0,0.6721239590910992,0.4793771070131235,0.7112214548234725,0.48907580996201877,4,0,1,1,1,0,1,0,0,0,0,0,1,0,0,0,1,0,1,0,1,0,1,0,0,0,0,0
1,1.4062577271882142,1.4024502171127629,2.140660024182157,1.3829762228975242,4,0,1,0,1,0,1,1,0,0,1,0,0,0,1,0,0,0,1,0,1,1,0,1,1,0,0,0
0,0.5497683310749134,-1.4915087226590795,-0.6125108812306823,-1.5012206839087425,0,1,0,0,1,0,0,0,1,1,0,1,0,1,0,1,0,1,0,1,0,0,1,0,0,0,0,0
1,1.2839020991720282,0.17667565469216087,0.9664649493073438,0.1699351633234677,4,0,0,0,1,0,0,0,0,0,1,0,1,0,0,0,1,0,1,0,0,0,1,1,1,0,0,1
0,0.18270144702635593,-1.509803865381775,-0.6552169053704088,-1.4298261713576461,0,0,1,0,1,0,0,0,1,1,0,1,0,1,0,1,0,1,0,1,0,0,0,0,0,0,0,0
1,-1.2447808798291453,0.19497079741485634,-0.9421369756108127,0.41558036559604306,0,0,0,0,1,0,0,1,0,0,0,0,0,0,0,0,0,0,0,0,0,0,0,0,0,1,0,1
1,-0.7961435771031307,-0.6515953522080562,-0.7773128989723643,-0.8036320934270135,2,0,1,0,0,1,0,0,0,0,0,0,0,0,0,0,0,0,1,0,1,0,0,0,0,1,0,0
0,1.6101837738818572,1.6718877735742794,2.6732500277098206,1.693409693730678,6,0,1,0,1,0,1,1,0,0,1,0,1,0,1,0,1,0,1,0,1,0,1,0,0,1,0,0
0,1.4470429365269428,0.2681513683056386,1.174811229265875,0.26363588490882134,4,1,1,1,1,0,0,0,0,0,0,0,0,0,1,0,1,0,1,0,1,0,1,1,0,0,0,0
0,-0.7145731584256735,-1.504814281002858,-0.8636955387095382,-1.4160839808419952,0,1,1,1,1,0,0,0,1,1,0,1,0,1,0,1,0,1,0,1,0,1,0,0,0,0,1,0
0,-0.347506274377116,-1.5081406705888027,-0.8030115137052058,-1.5017852509052063,0,0,0,0,1,0,0,0,1,1,0,1,0,1,0,1,0,1,0,1,0,0,1,1,0,0,0,0
0,-0.347506274377116,0.8203320395724497,-0.013678010713557565,0.9697238937368762,2,0,0,0,1,0,1,1,0,0,0,0,0,0,0,0,1,0,0,0,1,0,0,1,0,1,0,0
0,-0.22515064636093016,-0.48361267811785147,-0.3877968998714917,-0.4183171203510663,1,1,0,0,1,0,0,0,0,0,1,0,0,0,0,0,0,0,0,0,0,0,0,0,0,0,1,0
0,-0.8369287864418593,-0.48693906770379614,-0.748503979795462,-0.5109161178242654,1,1,0,0,1,0,0,0,0,0,0,0,0,0,0,0,1,0,0,0,0,0,0,0,0,0,0,1
0,1.5693985645431285,0.7438250790957229,1.7816294204124319,0.8038591603180957,6,0,1,1,1,0,0,0,0,0,1,0,1,0,1,0,1,0,1,0,1,0,1,0,1,0,0,0
0,1.4062577271882142,-1.4665608007644946,-0.38755425200706134,-1.4526697150581886,0,1,1,1,1,0,0,0,1,1,0,1,0,1,0,1,0,1,0,1,0,0,1,1,0,0,1,0
0,1.2431168898332998,1.475630788003545,2.007821347854971,1.4489238701115543,5,0,1,0,1,0,1,1,0,0,0,0,1,0,1,0,1,0,1,0,1,0,1,1,0,0,0,0
0,-1.285566089167874,-1.4815295539012454,-1.0014754079123953,-1.4766440014669335,0,1,0,0,1,0,0,0,1,1,0,1,0,1,0,1,0,1,0,1,0,0,0,0,0,0,1,0
0,-1.1632104611516882,-0.2989980560979237,-0.9052324413206462,-0.17454830253748269,1,1,0,0,1,0,0,0,0,0,0,0,0,0,0,0,0,0,0,0,1,0,0,1,0,1,0,0
1,0.30505707504254176,0.476050717427179,0.4162498872633372,0.5290060794079433,2,0,0,0,1,0,0,1,0,0,1,0,1,0,0,0,0,0,0,0,0,0,0,1,1,0,0,1
0,-0.8369287864418593,1.0348841678658796,-0.5418782937847092,0.7830293958477232,3,0,0,0,1,0,0,1,0,0,0,0,0,0,1,0,0,0,1,0,1,0,0,1,0,1,0,1
0,0.7944795871072851,0.476050717427179,0.7614495627605373,0.40933224443386873,5,1,1,1,1,0,0,0,0,0,1,0,1,0,1,0,0,0,1,0,1,0,1,0,0,1,0,0
0,-0.9184992051193165,-1.360116334014266,-0.9105045176478127,-1.4002256542732383,0,1,0,0,1,0,1,0,1,1,0,1,0,1,0,1,0,1,0,1,0,0,0,1,0,1,0,0
0,1.4470429365269428,1.2128460107139178,2.126652624735501,1.3155217090149693,4,1,0,0,1,0,1,1,0,0,1,0,1,0,1,0,0,0,1,0,0,1,0,0,0,0,0,0
0,0.8760500057847422,1.17126614088961,1.3899516494284532,1.1891265738927925,3,0,0,0,1,0,1,1,0,0,0,0,0,0,0,0,1,0,1,0,1,0,0,1,0,1,0,1
0,-1.1632104611516882,-0.2790397185822558,-0.9067324463007606,-0.2027286041056567,2,0,1,1,1,0,0,0,0,0,0,0,1,0,0,0,1,0,0,0,0,0,0,0,0,0,1,1
0,0.7944795871072851,-0.9792447264236037,-0.14620786248601436,-0.9023587834232069,2,0,1,0,0,1,0,0,0,0,1,0,0,0,1,0,0,0,0,0,0,1,0,0,0,0,1,0
1,-1.285566089167874,0.6689813134119684,-0.9729532543934561,0.6667165825124172,2,0,0,0,1,0,0,1,0,0,0,0,0,0,1,0,0,0,0,0,1,0,0,1,0,1,0,1
0,1.5286133552044,0.4827034965990684,1.4287753077372956,0.46727582637194515,5,1,1,0,1,0,1,0,0,0,1,0,1,0,1,0,1,0,1,0,0,1,0,0,0,0,0,0
0,0.4274127030587276,-0.9875607003884653,-0.3647012349570838,-1.0227907998771766,2,1,0,0,0,1,0,0,0,0,1,0,0,0,1,0,0,0,0,0,0,1,0,1,1,0,0,0
0,0.7944795871072851,-1.504814281002858,-0.5582239362886025,-1.4977792276430641,0,1,0,0,1,0,0,0,1,1,0,1,0,1,0,1,0,1,0,1,0,0,1,0,0,0,1,0
0,-0.8369287864418593,-0.5002446260475747,-0.766879040801863,-0.6259856825609758,4,0,0,0,0,1,0,0,0,0,1,0,0,0,1,0,1,0,0,0,1,0,1,0,0,0,1,0
0,0.9576204244621995,0.1284430056959634,0.6728169155531918,0.10749152240113244,3,0,1,1,1,0,1,0,0,0,1,0,1,0,0,0,0,0,0,0,1,1,0,0,0,0,0,0
0,0.38662749371999894,0.49933544452879164,0.45134559201866004,0.46416573146498186,1,1,0,0,1,0,1,1,0,0,0,0,0,0,1,0,0,0,0,0,0,0,0,0,0,1,0,0
1,-0.4290766930545732,0.8269848187443392,-0.15505348008933575,0.7705466775951547,2,1,1,0,1,0,0,1,0,0,0,0,0,0,0,0,0,0,1,0,1,0,0,1,0,0,0,0
0,0.7536943777685564,-0.18590081017580576,0.31954368383949394,-0.19159624737313122,5,1,1,1,0,1,0,0,0,0,1,0,1,0,1,0,0,0,1,0,1,1,0,0,0,1,0,1
0,-0.22515064636093016,-1.5131302549677197,-0.807401234161717,-1.5861726681284203,0,1,0,0,1,0,0,0,1,1,0,1,0,1,0,1,0,1,0,1,0,0,0,1,1,0,0,0
1,0.7536943777685564,0.9567140125961805,1.1244728268449782,0.9944466640716998,3,1,1,0,1,0,1,1,0,0,1,0,0,0,1,0,0,0,0,0,1,1,0,1,0,0,0,0
0,-1.1632104611516882,-0.5152133791843257,-0.9291001676218775,-0.6229466304310746,1,1,0,1,1,0,0,0,0,0,1,0,0,0,0,0,0,0,0,0,0,0,0,1,0,1,0,1
0,-1.285566089167874,-1.4964983070379965,-1.0016739379832929,-1.4915629846500846,0,1,0,0,1,0,0,0,1,1,0,1,0,1,0,1,0,1,0,1,0,0,0,1,0,0,1,0
0,0.1011310283488987,-0.32893556237142546,-0.12344308102310236,-0.2468461686615459,1,1,0,0,1,0,0,0,0,0,0,0,0,0,0,0,0,0,1,0,0,0,0,0,0,0,1,1
1,1.5693985645431285,0.2664881735126664,1.2570467964109677,0.24863484251134715,4,1,1,1,1,0,1,0,0,0,0,0,1,0,1,0,1,0,0,0,1,1,0,1,0,0,0,0
0,1.4878281458656715,-1.3068941006391515,-0.27218622191885405,-1.3472740748304315,0,0,1,1,1,0,1,0,1,1,0,1,0,1,0,1,0,1,0,1,0,0,1,1,0,0,0,0
0,-0.7553583677644021,-1.5014878914169132,-0.8739749846026749,-1.4187441381608954,0,1,1,1,1,0,0,0,1,1,0,1,0,1,0,1,0,1,0,1,0,1,0,0,0,0,1,0
0,0.9984056338009281,-0.30565083526981285,0.38878656078918467,-0.30659439053572207,2,1,1,0,1,0,0,0,0,0,1,0,0,0,0,0,1,0,0,0,0,0,0,0,0,1,0,0
0,1.6101837738818572,1.7500579288439786,2.8146034381888323,1.8409418607640589,6,0,1,1,1,0,1,1,0,0,1,0,1,0,1,0,1,0,1,0,1,0,1,0,1,0,0,0
0,0.6313387497523706,-1.4981615018309686,-0.6063343901360938,-1.51863817635284,0,1,0,0,1,0,0,0,1,1,0,1,0,1,0,1,0,1,0,1,0,0,1,0,1,0,0,0
0,-1.1632104611516882,0.4660715486693452,-0.8782102927818213,0.333111541889181,1,0,1,1,1,0,0,1,0,0,0,0,0,0,0,0,0,0,1,0,0,0,0,1,0,0,1,0
0,-0.06200980900601573,-1.4715503851434115,-0.7007244093994665,-1.4004983668690594,0,1,1,1,1,0,0,0,1,1,0,1,0,1,0,1,0,1,0,1,0,0,0,1,0,1,0,0
0,0.22348665636508452,-0.08610912259746638,0.02843242321347653,-0.09685617081469944,3,1,0,0,1,0,0,0,0,0,0,0,0,0,1,0,1,0,0,0,1,1,0,1,0,0,1,1
1,0.18270144702635593,0.9184605323578169,0.5219340616711005,0.9609744850557667,2,1,1,0,1,0,1,1,0,0,0,0,0,0,0,0,0,0,1,0,1,0,0,1,0,1,0,1
1,0.9984056338009281,0.4943458601498745,0.9475825336753159,0.4301067439585849,4,1,0,0,1,0,1,0,0,0,0,0,1,0,1,0,0,0,1,0,1,0,1,1,0,0,0,0
1,1.2023316804945712,0.5009986393217639,1.1159139748996199,0.4259541388488433,5,0,1,0,1,0,0,0,0,0,1,0,0,0,1,0,1,0,1,0,1,0,1,1,1,0,0,0
0,-1.2039956704904167,-1.1638593484435318,-0.96975471436233,-1.1318497234563343,1,1,1,0,0,1,0,0,0,0,0,0,0,0,0,0,1,0,0,0,0,0,0,1,0,1,0,0
0,1.6101837738818572,-1.5014878914169132,-0.319127554237727,-1.4297689246754286,0,0,0,1,1,0,0,0,1,1,0,1,0,1,0,1,0,1,0,1,0,0,1,1,0,0,1,0
0,-0.14358022768347295,-0.6615745209658901,-0.462311853148349,-0.7309234857298184,4,1,0,1,0,1,0,0,0,0,1,0,1,0,1,0,1,0,0,0,0,0,0,1,0,0,1,0
0,-0.7961435771031307,-0.6682273001377795,-0.7637466774610359,-0.7252117972078869,0,1,1,1,1,0,0,0,0,0,0,0,0,0,0,0,0,0,0,0,0,0,0,0,0,0,0,0
0,-1.2039956704904167,0.15838051196946543,-0.9133501153306768,0.28103323948132986,0,1,0,1,1,0,0,1,0,0,0,0,0,0,0,0,0,0,0,0,0,0,0,0,0,1,0,1
0,-0.877713995780588,-0.45866475622326663,-0.7761217185469793,-0.5504614697129374,1,0,0,0,1,0,0,0,0,0,0,0,1,0,0,0,0,0,0,0,0,0,0,0,0,1,0,0
0,-0.46986190239330183,-0.39047376971140146,-0.48845164581651834,-0.2833621560717344,5,0,0,1,0,1,0,0,0,0,1,0,1,0,1,0,1,0,1,0,0,0,1,0,0,0,1,0
0,-0.551432321070759,-1.3368316069126531,-0.8049306377238816,-1.3384471046124828,0,0,0,0,1,0,1,0,1,1,0,1,0,1,0,1,0,1,0,1,0,0,0,0,0,0,0,0
0,1.1615464711558425,1.5538009432732443,2.023108163314077,1.5857966011596811,5,1,0,0,1,0,1,1,0,0,1,0,0,0,1,0,1,0,1,0,1,0,1,1,1,0,0,1
0,-0.877713995780588,-0.5434876906648552,-0.7894232332971111,-0.6413316400103111,1,0,0,0,1,0,0,0,0,0,1,0,0,0,0,0,0,0,0,0,0,0,0,0,1,0,0,1
0,0.1011310283488987,1.4989155151051579,0.658258043687376,1.4315157585172467,5,1,1,1,1,0,1,1,0,0,0,0,1,0,1,0,1,0,1,0,1,0,0,1,0,1,0,0
0,-0.30672106503838736,-1.4665608007644946,-0.8074232930584834,-1.5410277022262204,0,1,0,1,1,0,0,0,1,1,0,1,0,1,0,1,0,1,0,1,0,0,0,0,0,0,1,0
0,-1.285566089167874,-1.4865191382801624,-1.0015415846026945,-1.4816169958613172,0,0,0,0,1,0,0,0,1,1,0,1,0,1,0,1,0,1,0,1,0,0,0,1,0,0,1,1
0,1.4062577271882142,-1.3068941006391515,-0.22059046238227348,-1.2654030754010255,0,0,0,0,1,0,1,0,1,1,0,1,0,1,0,1,0,1,0,1,0,0,1,1,0,0,0,0
0,-0.551432321070759,-0.8395363638139287,-0.6869155400237078,-0.8716835956659477,2,1,0,0,0,1,0,0,0,0,0,0,0,0,1,0,0,0,1,0,0,0,0,1,0,1,0,1
0,0.9576204244621995,-1.330178827740764,-0.4219220131690933,-1.3615547026254835,0,1,0,0,1,0,1,0,1,1,0,1,0,1,0,1,0,1,0,1,0,1,0,0,0,1,0,1
0,1.6101837738818572,1.4473564765230158,2.4162859392781706,1.4252133432669043,5,1,1,1,1,0,1,1,0,0,1,0,1,0,1,0,0,0,1,0,1,0,1,1,1,0,0,0
0,0.4274127030587276,-1.5081406705888027,-0.6239153308589047,-1.4757958938957987,0,1,0,0,1,0,0,0,1,1,0,1,0,1,0,1,0,1,0,1,0,0,1,0,0,0,1,0
0,0.9168352151234709,0.6723077029979129,1.0193842426499076,0.6220801904028284,2,0,1,1,1,0,1,1,0,0,1,0,1,0,0,0,0,0,0,0,0,0,0,1,0,1,0,0
0,-1.2447808798291453,-0.2723869394103664,-0.9603576243398487,-0.269035196030772,1,1,1,1,1,0,1,0,0,0,1,0,0,0,0,0,0,0,0,0,0,0,0,0,0,0,1,1
0,-0.22515064636093016,0.13842217445379726,-0.21931104636982296,0.05061783254155472,0,1,0,0,1,0,0,1,0,0,0,0,0,0,0,0,0,0,0,0,0,0,0,1,0,0,1,0
0,-0.7961435771031307,0.17501245989918865,-0.6192609036411969,0.10999623569500729,0,0,0,0,1,0,0,1,0,0,0,0,0,0,0,0,0,0,0,0,0,0,0,1,0,0,1,0
0,1.5286133552044,1.5388321901364936,2.403182954598936,1.5133333567677014,5,0,0,0,1,0,1,1,0,0,1,0,1,0,1,0,0,0,1,0,1,0,1,1,0,0,1,0
0,-0.7553583677644021,1.3658599316673719,-0.41534846193270974,1.0430064916874466,5,0,1,0,1,0,0,1,0,0,1,0,1,0,0,0,1,0,1,0,1,1,0,0,0,0,1,1
0,-0.551432321070759,0.8136792604005604,-0.26625237868869583,0.7920883885602994,2,0,1,1,1,0,1,1,0,0,0,0,0,0,0,0,1,0,0,0,1,1,0,1,0,0,0,0
0,-0.5106471117320305,0.8053632864356988,-0.18136974393163624,0.9638529975768402,2,0,0,0,1,0,1,1,0,0,1,0,0,0,0,0,0,0,1,0,0,0,0,1,0,0,0,0
0,0.4274127030587276,0.8768806625335088,0.7603466179222179,0.9433538520790612,3,1,1,1,1,0,1,1,0,0,1,0,0,0,1,0,1,0,0,0,0,1,0,1,1,0,0,0
0,-1.1224252518129596,0.8469431562600068,-0.8187615659964066,0.7297078448412768,3,1,1,1,1,0,0,1,0,0,1,0,0,0,1,0,0,0,0,0,1,0,0,1,0,0,1,0
1,1.5286133552044,1.3525543733235932,2.1639762780642293,1.256537398612005,4,0,1,0,1,0,1,1,0,0,0,0,1,0,0,0,1,0,1,0,1,1,0,1,0,0,0,0
0,0.30505707504254176,-1.5231094237255534,-0.6662904715471354,-1.5047414197952012,0,0,1,0,1,0,0,0,1,1,0,1,0,1,0,1,0,1,0,1,0,0,1,0,0,0,1,0
0,-1.081640042474231,-1.4798663591082732,-0.9629826330550489,-1.556764466709781,0,1,1,1,1,0,0,0,1,1,0,1,0,1,0,1,0,1,0,1,0,0,1,1,1,0,0,0
0,0.2642718657038131,1.1829085044404164,0.6667727778392014,1.0804527144348992,4,1,0,0,1,0,0,1,0,0,1,0,0,0,1,0,0,0,1,0,1,0,1,1,0,1,0,0
1,-1.1632104611516882,0.3346791600245316,-0.8742617502606379,0.4072920416054036,0,1,1,0,1,0,1,1,0,0,0,0,0,0,0,0,0,0,0,0,0,0,0,0,0,1,0,1
0,-0.7145731584256735,-1.170512127615421,-0.8171071487389275,-1.1826847772655893,1,1,0,0,0,1,0,0,0,0,0,0,0,0,0,0,1,0,0,0,0,0,0,1,0,1,0,1
0,-1.285566089167874,-0.48361267811785147,-0.9882400698525629,-0.48204512259020466,3,1,1,0,0,1,0,0,0,0,0,0,0,0,1,0,0,0,1,0,1,0,0,1,0,1,0,1
1,0.5089831217361848,0.6922660405135811,0.6563609785654665,0.6321634807203294,3,0,0,0,1,0,0,1,0,0,1,0,1,0,0,0,1,0,0,0,0,0,0,1,0,0,0,0
0,1.2839020991720282,-0.5667724177664676,0.3781541725477858,-0.5208448392713854,4,0,1,0,0,1,0,0,0,0,1,0,0,0,1,0,1,0,0,0,1,0,1,0,0,1,0,1
1,0.9984056338009281,0.9683563761469866,1.3890913524545643,1.0121797428099804,3,0,1,0,1,0,1,1,0,0,0,0,1,0,1,0,0,0,0,0,1,0,0,0,1,0,0,0
0,1.6101837738818572,0.16503329114135434,1.2405908594232429,0.1981269764527399,4,1,1,1,1,0,1,0,0,0,1,0,1,0,1,0,1,0,0,0,0,0,1,0,0,0,0,0
0,-1.285566089167874,0.18000204427810534,-0.979438570042774,0.17936313186281994,0,1,0,0,1,0,0,1,0,0,0,0,0,0,0,0,0,0,0,0,0,0,0,1,0,1,0,1
0,1.6101837738818572,-1.2985781266742897,-0.18448004837569687,-1.289235786789698,0,1,1,0,1,0,1,0,1,1,0,1,0,1,0,1,0,1,0,1,0,0,1,0,1,0,0,0
0,-1.2039956704904167,0.2066131609656624,-0.9163280663941391,0.2064383235655752,4,0,0,0,1,0,0,0,0,0,1,0,1,0,0,0,1,0,0,0,1,0,1,0,0,0,1,0
1,0.9168352151234709,1.1280230762723296,1.4679739672911665,1.234994214670621,3,1,0,0,1,0,1,1,0,0,1,0,0,0,0,0,0,0,1,0,1,0,0,1,0,1,0,1
0,1.0799760524783852,0.9467348438383462,1.3659515697466236,0.87546996302242,3,0,1,0,1,0,1,1,0,0,0,0,0,0,1,0,1,0,1,0,0,0,0,0,0,1,0,0
0,-0.5922175304094877,1.1629501669247482,-0.2265022467156653,1.1215613846209511,3,0,0,0,1,0,1,1,0,0,0,0,0,0,0,0,1,0,1,0,1,0,0,1,0,0,0,1
1,-0.02122459966728712,0.51264100287257,0.08501349341926079,0.4212267863146664,1,1,1,0,1,0,0,1,0,0,0,0,0,0,0,0,0,0,0,0,1,0,0,1,1,0,0,1
0,-1.1632104611516882,-0.4769598989459623,-0.9064897984363302,-0.19817002591080493,1,0,0,0,1,0,0,0,0,0,1,0,0,0,0,0,0,0,0,0,0,0,0,1,0,0,0,0
1,1.3654725178494855,0.5176305872514871,1.2944145675332288,0.47299584633119973,1,0,0,0,1,0,1,1,0,0,0,0,1,0,0,0,0,0,0,0,0,0,0,1,1,0,0,1
0,-0.22515064636093016,0.5459048987320164,-0.007744167483399173,0.6394572058320924,1,1,0,0,1,0,1,1,0,0,0,0,0,0,1,0,0,0,0,0,0,0,0,1,0,1,0,0
0,-1.1632104611516882,-1.4698871903504391,-0.9735047268126158,-1.457166440088931,0,1,0,0,1,0,0,0,1,1,0,1,0,1,0,1,0,1,0,1,0,0,0,1,1,0,0,0
0,1.1207612618171139,0.47106113304826186,1.0469358047111257,0.42547109889153933,5,1,1,1,1,0,0,0,0,0,1,0,1,0,0,0,1,0,1,0,1,0,0,1,1,0,0,0
0,-1.0000696237967737,-1.524772618518526,-0.9214677893407075,-1.3154360998489971,0,0,1,1,1,0,0,0,1,1,0,1,0,1,0,1,0,1,0,1,0,0,1,0,0,0,1,0
0,-1.0000696237967737,-1.5064774757958301,-0.955306136980346,-1.6332933248900183,0,1,1,1,1,0,0,0,1,1,0,1,0,1,0,1,0,1,0,1,0,0,1,0,1,0,0,0
0,0.1011310283488987,-1.4865191382801624,-0.7085111999580013,-1.5030245526828545,0,1,0,0,1,0,0,0,1,1,0,1,0,1,0,1,0,1,0,1,0,0,1,1,0,0,1,0
0,-1.0408548331355023,0.728856325958972,-0.7367686467157439,0.7867788757482512,1,1,0,0,1,0,1,1,0,0,0,0,0,0,0,0,0,0,0,0,1,0,0,1,0,1,0,1
0,0.8352647964460137,-1.4632344111785498,-0.5048414061139443,-1.434420464156129,0,0,1,1,1,0,0,0,1,1,0,1,0,1,0,1,0,1,0,1,0,0,1,0,0,0,1,0
1,-0.5922175304094877,1.2876897763976725,-0.21353161541702945,1.1757117680264615,4,0,0,0,1,0,1,1,0,0,0,0,1,0,0,0,1,0,1,0,1,0,0,1,1,0,0,0
0,-0.7145731584256735,-0.8678106752944582,-0.7444230838936804,-0.8185510766101646,2,0,0,0,0,1,0,0,0,0,0,0,1,0,0,0,0,0,0,0,1,0,1,1,0,0,1,0
0,1.4062577271882142,0.7820785593340867,1.5476286435145923,0.7178320373323008,2,1,1,0,1,0,1,1,0,0,0,0,1,0,0,0,0,0,1,0,0,1,0,1,0,0,0,0
1,-1.081640042474231,0.6423701967244113,-0.7814158537709124,0.7172753588553172,2,1,1,0,1,0,0,1,0,0,0,0,1,0,0,0,0,0,0,0,1,0,0,1,0,1,0,1
1,-1.081640042474231,0.4926826653569023,-0.7909232382772255,0.5981997708564649,1,1,0,0,1,0,0,1,0,0,0,0,0,0,0,0,0,0,1,0,0,0,0,1,0,1,0,0
0,-0.7961435771031307,1.134675855444219,-0.43617206048017965,1.16835145296127,3,1,0,0,1,0,1,1,0,0,0,0,0,0,0,0,1,0,1,0,1,0,0,1,0,0,1,1
0,-0.877713995780588,1.1928876731982503,-0.5120326064597868,1.253680617849517,3,0,0,0,1,0,1,1,0,0,0,0,0,0,1,0,0,0,1,0,1,0,0,1,0,1,0,1
0,-1.285566089167874,-1.5164566445536642,-1.0019386447444893,-1.5114549622276192,0,1,0,1,1,0,0,0,1,1,0,1,0,1,0,1,0,1,0,1,0,0,0,1,0,0,1,0
0,-1.1224252518129596,-0.3039876404768406,-0.8926809290605715,-0.3812591028640295,2,1,0,0,1,0,0,0,0,0,1,0,0,0,0,0,1,0,0,0,0,0,0,1,0,0,1,0
0,-0.7961435771031307,-1.4948351122450239,-0.8970706495170827,-1.4958984156605726,0,1,0,0,1,0,0,0,1,1,0,1,0,1,0,1,0,1,0,1,0,1,0,1,0,0,1,0
0,-0.9592844144580451,0.893512610463232,-0.628481522489547,1.0380334972930623,3,0,1,0,1,0,1,1,0,0,1,0,1,0,1,0,0,0,0,0,0,0,0,0,0,0,0,1
0,-0.14358022768347295,0.8236584291583947,0.14704311112634275,0.8480879757696508,3,1,0,0,1,0,0,1,0,0,0,0,1,0,0,0,1,0,1,0,0,0,0,0,0,0,1,0
1,-1.285566089167874,-0.6333002094853606,-0.9902253705615377,-0.631234954421714,0,1,0,0,1,0,0,0,0,0,0,0,0,0,0,0,0,0,0,0,0,0,0,1,0,0,1,0
0,-1.285566089167874,0.48769308097798514,-0.9753576741409923,0.486031119516478,1,0,0,0,1,0,1,1,0,0,0,0,0,0,1,0,0,0,0,0,0,0,0,1,0,0,1,1
0,-0.5922175304094877,-0.29733486130495124,-0.5327459105234247,-0.1569586371795703,1,0,1,1,1,0,0,0,0,0,0,0,0,0,0,0,0,0,1,0,0,0,0,0,0,0,1,0
0,-1.2447808798291453,0.13675897966082504,-0.9452472800548732,0.2987149973280277,3,0,1,0,1,0,0,0,0,0,0,0,0,0,1,0,0,0,1,0,1,0,0,0,1,0,0,0
0,-0.10279501834474433,0.6207486644157709,0.12346215048307425,0.6890398017938726,2,1,1,1,1,0,1,1,0,0,0,0,1,0,0,0,1,0,0,0,0,0,0,1,0,0,0,0
0,1.3654725178494855,0.02698812332465179,0.9214206821103801,0.04830714827749742,3,1,0,1,1,0,1,0,0,0,1,0,1,0,0,0,1,0,0,0,0,0,1,0,0,0,0,0
0,0.22348665636508452,0.9982938824204887,0.5849563297326699,1.0037023868686772,3,1,1,1,1,0,1,1,0,0,0,0,0,0,1,0,1,0,1,0,0,0,1,1,0,0,0,0
0,0.4681979123974562,-0.0994146809412449,0.2795729628987996,0.051911313406760334,3,1,1,1,1,0,0,0,0,0,0,0,1,0,1,0,1,0,0,0,0,0,0,1,0,0,1,0
0,0.8760500057847422,1.537168995343521,1.643165725409817,1.5415031334800144,5,0,0,0,1,0,1,1,0,0,0,0,1,0,1,0,1,0,1,0,1,0,0,0,0,1,0,1
0,-1.2447808798291453,-1.4931719174520517,-0.9960268604110977,-1.609257185317164,0,1,0,0,1,0,0,0,1,1,0,1,0,1,0,1,0,1,0,1,0,0,0,0,0,0,1,0
0,0.38662749371999894,0.09351591504354471,0.2611317252020995,0.123831361125536,4,0,0,0,1,0,0,0,0,0,1,0,1,0,0,0,1,0,0,0,1,1,0,1,0,0,1,0
0,1.0391908431396566,-1.3218628537759025,-0.3443188143449416,-1.2882418230314336,0,0,1,1,1,0,1,0,1,1,0,1,0,1,0,1,0,1,0,1,0,0,1,0,1,0,0,0
0,1.0391908431396566,0.9301028959086229,1.3300176269141784,0.8810983695944388,3,1,1,1,1,0,0,1,0,0,0,0,1,0,0,0,0,0,1,0,1,0,0,1,0,1,0,0
0,-0.30672106503838736,0.8053632864356988,0.034432443133933927,0.9894970720038784,2,0,1,1,1,0,1,1,0,0,0,0,0,0,1,0,0,0,0,0,1,0,0,1,0,1,0,1
0,1.5693985645431285,1.5438217745154104,2.5127494948375837,1.5776851049540181,6,0,0,0,1,0,1,1,0,0,1,0,1,0,1,0,1,0,1,0,1,0,1,0,0,0,1,0
0,0.18270144702635593,1.231141153436614,0.5536768141179321,1.025444205177551,4,0,0,0,1,0,1,1,0,0,0,0,1,0,1,0,0,0,1,0,1,0,0,1,0,0,0,1
0,-0.7553583677644021,0.8901862208772876,-0.4364808850349091,0.9295748576441242,2,0,1,1,1,0,1,1,0,0,0,0,0,0,0,0,1,0,1,0,0,0,0,1,0,1,0,1
1,-1.1632104611516882,0.7970473124708372,-0.8461366568834937,0.9356726960086659,2,0,0,0,1,0,1,1,0,0,0,0,0,0,1,0,0,0,0,0,1,0,0,1,0,1,0,1
0,0.6313387497523706,-0.14265774555852523,0.306573052540858,-0.08942030821695701,2,0,1,0,1,0,1,0,0,0,1,0,0,0,0,0,1,0,0,0,0,1,0,1,0,0,0,0
1,-1.2039956704904167,-1.3168732693969856,-0.9761517944245823,-1.2920906539420294,0,0,0,0,0,1,0,0,0,0,0,0,0,0,0,0,0,0,0,0,0,0,0,0,0,1,0,1
0,-1.0000696237967737,0.020335344152762405,-0.761474611094098,0.18744424775369353,3,0,1,0,1,0,0,0,0,0,1,0,0,0,0,0,1,0,0,0,1,0,1,0,0,0,1,0
0,-1.285566089167874,1.0165890251431842,-0.9683429449692812,1.0131685253211444,2,1,0,0,1,0,1,1,0,0,0,0,0,0,0,0,0,0,1,0,1,0,0,1,0,1,0,1
0,1.4062577271882142,-1.4948351122450239,-0.4317382222301358,-1.5022264701425192,0,1,0,0,1,0,0,0,1,1,0,1,0,1,0,1,0,1,0,1,0,0,1,0,0,0,0,0
0,-0.7961435771031307,0.8718910781545917,-0.5094075977445865,0.7450093660547648,2,1,0,0,1,0,0,1,0,0,0,0,0,0,0,0,0,0,1,0,1,0,0,1,0,1,0,1
0,0.5089831217361848,-0.357209873851955,0.012991195477005195,-0.44222433043962156,2,0,1,1,1,0,0,0,0,0,0,0,1,0,0,0,1,0,0,0,0,1,0,1,1,0,0,1
0,0.6721239590910992,0.323036796473725,0.6308829528002888,0.36586733659912635,0,1,0,0,1,0,1,1,0,0,0,0,0,0,0,0,0,0,0,0,0,0,0,1,0,0,0,0
0,0.7944795871072851,0.9883147136626543,1.2068186884739034,1.0529524804762138,3,0,1,0,1,0,1,1,0,0,0,0,1,0,1,0,0,0,1,0,0,0,0,0,0,0,0,0
0,1.2431168898332998,0.5409153143530997,1.2944807442235278,0.5980418980185479,2,0,1,0,1,0,0,1,0,0,1,0,0,0,1,0,0,0,0,0,0,1,0,1,1,0,0,0
0,1.4470429365269428,0.8037000916427265,1.7185850934540963,0.8645637516536803,6,0,1,1,1,0,1,0,0,0,1,0,1,0,1,0,1,0,1,0,1,0,1,1,0,0,0,0
0,-0.06200980900601573,-0.5218661583562149,-0.34932618391091164,-0.5486725528633448,1,0,1,0,1,0,0,0,0,0,0,0,0,0,0,0,1,0,0,0,0,0,0,1,0,0,1,0
0,1.2839020991720282,-1.511467060174747,-0.4772457262591935,-1.5252343008620572,0,0,1,0,1,0,0,0,1,1,0,1,0,1,0,1,0,1,0,1,0,0,1,0,1,0,0,0
0,1.2023316804945712,1.310974503499285,1.9073430730840752,1.3852073263848454,5,0,1,0,1,0,0,1,0,0,1,0,0,0,1,0,1,0,1,0,1,1,0,1,0,1,0,0
0,-1.285566089167874,0.16004370676243765,-0.9797032768039708,0.15947115428528555,0,0,0,0,1,0,0,1,0,0,0,0,0,0,0,0,0,0,0,0,0,0,0,0,0,0,0,1
0,-1.081640042474231,0.8186688447794775,-0.7575260685729146,1.0164838549174,2,0,0,0,1,0,0,1,0,0,0,0,0,0,0,0,0,0,1,0,1,0,0,1,0,1,0,1
0,-0.46986190239330183,0.7039084040643871,-0.20799483232866606,0.7202354745662602,2,0,1,0,1,0,0,1,0,0,0,0,0,0,0,0,1,0,1,0,0,0,0,1,0,1,0,0
0,1.6101837738818572,-1.32019965898293,-0.22191399618825675,-1.3283060251566845,0,0,1,1,1,0,1,0,1,1,0,1,0,1,0,1,0,1,0,1,0,0,1,0,0,0,0,0
0,-0.02122459966728712,-0.9892238951814378,-0.5467533099700809,-1.0623832080097877,2,0,1,1,0,1,0,0,0,0,1,0,1,0,0,0,0,0,0,0,0,0,0,1,0,1,0,0
1,1.5693985645431285,1.1562973877528593,2.1577556691761077,1.2019555331755396,4,0,0,0,1,0,1,1,0,0,1,0,1,0,0,0,1,0,1,0,0,1,0,1,1,0,0,0
0,0.060345819010170096,1.3459015941517039,0.6168755533536326,1.4454289988564912,5,0,0,1,1,0,0,1,0,0,1,0,1,0,1,0,0,0,1,0,1,0,0,1,0,0,0,0
0,-1.2039956704904167,-0.9892238951814378,-0.9664458798473717,-1.0489664835499402,1,1,1,0,0,1,0,0,0,0,0,0,0,0,0,0,0,0,0,0,1,0,0,1,0,1,0,1
0,-0.8369287864418593,0.29476248499319574,-0.6260109260517115,0.25616826750941163,0,1,0,1,1,0,1,1,0,0,0,0,0,0,0,0,0,0,0,0,0,0,0,1,1,0,0,1
1,-1.0000696237967737,1.2128460107139178,-0.6661140003730043,1.0832048630420474,3,0,0,0,1,0,1,1,0,0,0,0,0,0,1,0,0,0,1,0,1,0,0,0,0,1,0,1
0,0.1011310283488987,-1.350137165256432,-0.6479815872310337,-1.3730636325096286,0,0,1,1,1,0,1,0,1,1,0,1,0,1,0,1,0,1,0,1,0,0,1,0,0,0,0,0
0,-1.2039956704904167,0.5259465612163488,-0.9048133222820849,0.49487199843982665,1,0,1,1,1,0,0,1,0,0,0,0,0,0,0,0,0,0,1,0,0,0,0,1,0,1,0,0
0,-1.2039956704904167,0.8303112083302836,-0.902607432605446,0.5501274917107563,3,1,0,0,1,0,0,1,0,0,0,0,0,0,1,0,1,0,1,0,0,0,0,1,0,0,1,0
0,0.8352647964460137,-0.12602579762880198,0.47097801014074503,-0.05083333821682533,2,1,0,0,1,0,0,0,0,0,0,0,0,0,1,0,0,0,0,0,1,1,0,1,0,1,0,0
0,-1.1632104611516882,-1.1921336599240613,-0.9532767184778385,-1.0771467851181142,1,0,1,0,0,1,0,0,0,0,1,0,0,0,0,0,0,0,0,0,0,0,0,1,0,1,0,0
0,0.6313387497523706,1.1579605825458315,1.1853774408169744,1.2864069395458901,4,0,1,1,1,0,0,1,0,0,1,0,0,0,1,0,0,0,1,0,1,1,0,1,0,0,0,0
0,-1.081640042474231,-0.2989980560979237,-0.8492690202243208,-0.13255412765157615,2,0,1,1,1,0,0,0,0,0,1,0,1,0,0,0,0,0,0,0,0,0,0,0,1,0,0,1
1,-1.2039956704904167,1.3641967368743997,-0.8628131828388826,1.546936590318322,4,1,1,0,1,0,1,1,0,0,0,0,1,0,1,0,0,0,1,0,1,0,0,1,0,1,0,1
0,0.8760500057847422,-0.6283106251064436,0.05898399523492339,-0.6630682580450216,3,1,1,1,0,1,0,0,0,0,0,0,0,0,1,0,1,0,0,0,1,0,1,0,1,0,0,0
0,-1.285566089167874,-0.6965016116183088,-0.9910636086386605,-0.6942262167505734,0,0,0,0,1,0,0,0,0,0,0,0,0,0,0,0,0,0,0,0,0,0,0,0,0,0,1,1
0,1.2023316804945712,0.5159673924585149,1.187120093661519,0.5122596544675011,5,1,0,0,1,0,0,0,0,0,0,0,1,0,1,0,1,0,1,0,1,0,0,1,0,0,0,0
0,-0.4290766930545732,1.1696029460966375,-0.08828119957748047,0.9986262841375682,4,1,1,1,1,0,0,1,0,0,0,0,1,0,1,0,0,0,1,0,1,1,0,1,0,0,1,0
0,-1.285566089167874,-0.6582481313799454,-0.9905562540130335,-0.6560999263936322,0,1,0,0,1,0,0,0,0,0,0,0,0,0,0,0,0,0,0,0,0,0,0,1,0,0,0,1
1,0.7536943777685564,0.9683563761469866,1.1538552773378066,1.03774096821104,3,1,0,0,1,0,0,1,0,0,0,0,0,0,1,0,0,0,1,0,1,1,0,1,0,0,0,0
0,-0.10279501834474433,0.1350957848678528,-0.1110239221436261,0.10167390832389321,3,0,0,0,1,0,1,0,0,0,0,0,1,0,1,0,0,0,1,0,0,1,0,1,1,0,0,0
1,0.9576204244621995,0.11846383693812956,0.7604348535092834,0.22506731843977454,4,0,1,0,1,0,1,0,0,0,1,0,1,0,1,0,1,0,0,0,0,1,0,1,1,0,0,0
0,0.1011310283488987,0.13675897966082504,0.06677078579345806,0.1615550757457891,3,1,1,0,1,0,1,0,0,0,0,0,1,0,0,0,1,0,1,0,0,1,0,1,0,1,0,0
1,1.2839020991720282,-0.6998280012042535,0.20322712119033198,-0.7262398681644182,3,0,0,0,0,1,0,0,0,0,0,0,1,0,0,0,1,0,1,0,0,0,0,1,0,1,0,0
0,-0.10279501834474433,-0.6782064688956133,-0.4334808750746804,-0.7060508923105524,2,1,0,1,0,1,0,0,0,0,0,0,0,0,0,0,0,0,1,0,1,0,0,1,0,1,0,0
0,-0.30672106503838736,-1.536414982069332,-0.8411954640078229,-1.6425430944635722,0,0,1,1,1,0,0,0,1,1,0,1,0,1,0,1,0,1,0,1,0,0,1,1,0,0,1,0
0,0.34584228438127035,0.1783388494851331,0.2548669985204455,0.16784033997339454,0,0,0,0,1,0,0,1,0,0,0,0,0,0,0,0,0,0,0,0,0,0,0,0,0,0,0,1
0,-0.9592844144580451,-0.3172931988206191,-0.8120336024826584,-0.4945697010649487,1,1,0,1,1,0,0,0,0,0,0,0,0,0,0,0,0,0,1,0,0,0,0,0,0,1,0,1
0,-1.285566089167874,-0.3771682113676229,-0.9868283004595139,-0.3759545755100204,2,0,1,0,1,0,0,0,0,0,1,0,1,0,0,0,0,0,0,0,0,0,0,1,0,0,1,0
0,1.5286133552044,1.6535926308515836,2.467131696324694,1.5819843603358834,6,1,0,1,1,0,1,1,0,0,1,0,1,0,1,0,1,0,1,0,1,0,1,1,0,1,0,0
0,0.9984056338009281,-1.489845527866107,-0.5305841386403187,-1.5186672581914036,0,0,1,1,1,0,0,0,1,1,0,1,0,1,0,1,0,1,0,1,0,0,1,1,0,0,0,0
0,-0.9592844144580451,0.6856132613416916,-0.6611728074973334,0.7650713605346715,1,1,0,0,1,0,1,1,0,0,0,0,0,0,0,0,0,0,1,0,0,0,0,1,0,1,0,0
0,1.4878281458656715,1.4589988400738219,2.2953149494113005,1.4489661983362139,5,0,1,1,1,0,1,1,0,0,0,0,1,0,1,0,1,0,1,0,1,1,0,1,0,0,0,0
1,0.4274127030587276,1.2677314388820047,0.9370383810209828,1.2521421086605573,4,1,1,0,1,0,1,1,0,0,0,0,1,0,1,0,0,0,1,0,1,0,0,1,0,1,0,1
0,1.6101837738818572,1.0964223752058553,2.007777230061438,0.9988481433150954,3,0,1,0,1,0,1,1,0,0,0,0,0,0,1,0,0,0,1,0,1,0,1,1,0,1,0,0
0,0.4681979123974562,-1.5081406705888027,-0.6487095308243245,-1.5334943692027283,0,1,0,1,1,0,0,0,1,1,0,1,0,1,0,1,0,1,0,1,0,0,1,0,0,0,0,0
0,1.6101837738818572,0.6373806123454943,1.6596657801910748,0.635520251936538,2,0,1,0,1,0,1,1,0,0,1,0,1,0,0,0,0,0,0,0,0,0,1,1,0,0,0,0
0,0.01956060967144149,1.2926793607765896,0.4723677206370275,1.2253496194815134,5,0,1,0,1,0,0,1,0,0,1,0,0,0,1,0,1,0,1,0,1,1,0,1,0,1,0,1
0,0.8760500057847422,0.8153424551935331,1.1378625771821755,0.8383155866149145,2,1,0,0,1,0,1,1,0,0,0,0,0,0,1,0,0,0,0,0,1,0,0,0,1,0,0,0
0,-0.22515064636093016,-1.5031510862098856,-0.7857614564338907,-1.525944180463107,0,1,0,1,1,0,0,0,1,1,0,1,0,1,0,1,0,1,0,1,0,0,1,0,1,0,0,0
0,0.8760500057847422,0.497672249735819,0.8902514609794745,0.4937361910781465,1,1,0,0,1,0,1,1,0,0,0,0,1,0,0,0,0,0,0,0,0,0,0,1,0,0,0,0
0,-1.2039956704904167,0.31804721209480835,-0.9129089373953491,0.29208433813551604,1,1,0,0,1,0,0,1,0,0,0,0,1,0,0,0,0,0,0,0,0,0,0,0,1,0,0,0
0,0.8352647964460137,0.3064048485440018,0.6810007662535215,0.24695206825441154,4,0,1,0,1,0,1,0,0,0,1,0,1,0,1,0,0,0,0,0,1,1,0,0,0,0,0,0
0,-0.7145731584256735,-1.5330885924833875,-0.8803279468713945,-1.4994092646945565,0,1,1,0,1,0,0,0,1,1,0,1,0,1,0,1,0,1,0,1,0,1,0,0,0,0,1,0
0,0.9576204244621995,0.2980888745791402,0.7952217337098766,0.2717483432013401,1,0,0,0,1,0,0,1,0,0,0,0,1,0,0,0,0,0,0,0,0,0,0,1,0,1,0,1
0,-1.1224252518129596,-0.016254941292628517,-0.8706440911909503,-0.050057676198078924,3,1,1,1,1,0,1,0,0,0,1,0,1,0,0,0,1,0,0,0,0,0,0,0,1,0,0,0
0,0.6313387497523706,-0.3023244456838684,0.1591975632446222,-0.3201465273063818,2,1,1,1,1,0,0,0,0,0,0,0,1,0,1,0,0,0,0,0,0,1,0,1,1,0,0,0
0,-0.30672106503838736,-1.4915087226590795,-0.8023497468022143,-1.5257771860834441,0,0,0,1,1,0,0,0,1,1,0,1,0,1,0,1,0,1,0,1,0,0,0,0,1,0,0,0
0,-1.2039956704904167,0.34133193919642096,-0.9148280614140247,0.2440120589898074,0,0,1,0,1,0,1,1,0,0,0,0,0,0,0,0,0,0,0,0,0,0,0,1,1,0,0,1
0,1.0391908431396566,1.139665439823136,1.5135035302169904,1.1188303659880199,4,1,0,0,1,0,0,1,0,0,1,0,1,0,0,0,0,0,1,0,1,1,0,0,0,0,0,0
0,-0.9184992051193165,-0.2707237446173941,-0.7884305829426237,-0.48287395498926855,1,1,0,0,1,0,0,0,0,0,0,0,0,0,0,0,0,0,0,0,1,0,0,1,0,0,0,0
0,-1.285566089167874,0.1567173171764927,-0.9797473945975036,0.1561558246890295,0,1,0,0,1,0,0,1,0,0,0,0,0,0,0,0,0,0,0,0,0,0,0,1,0,1,0,1
0,1.5693985645431285,1.3059849191203683,2.2389544681731803,1.2878972813714373,4,1,1,0,1,0,1,1,0,0,0,0,1,0,0,0,1,0,1,0,1,0,1,1,1,0,0,0
0,1.324687308510757,1.5271898265856871,2.186277822695047,1.5444628443888082,5,0,1,1,1,0,1,1,0,0,0,0,1,0,1,0,1,0,1,0,1,0,1,1,1,0,0,0
0,-1.1224252518129596,0.5076514184936533,-0.8405998737951303,0.4014902148119561,1,1,1,1,1,0,1,1,0,0,0,0,1,0,0,0,0,0,0,0,0,0,0,1,0,1,0,1
0,-0.18436543702220157,-0.9692655576657698,-0.5863049118722138,-1.0129714765048776,2,0,0,0,0,1,0,0,0,0,0,0,0,0,1,0,1,0,0,0,0,0,0,1,0,0,1,0
0,1.4062577271882142,0.16669648593432704,1.0259798527830575,0.1327505873900896,3,0,1,1,1,0,1,0,0,0,0,0,0,0,1,0,1,0,0,0,1,0,1,1,0,0,0,0
0,0.1011310283488987,0.8086896760216437,0.42394844223480666,0.9284381732111221,3,1,0,0,1,0,0,1,0,0,1,0,0,0,0,0,1,0,0,0,1,1,0,1,0,1,0,0
0,1.6101837738818572,-0.3073140300627853,0.7013390690721311,-0.36469626875606836,5,0,1,1,0,1,0,0,0,0,1,0,1,0,1,0,1,0,0,0,1,0,1,0,1,0,0,0
0,1.1615464711558425,-0.47197031456704513,0.3522349688472804,-0.4725882807910489,4,0,1,1,0,1,0,0,0,0,1,0,1,0,0,0,1,0,0,0,1,1,0,1,0,0,0,0
1,1.4470429365269428,-1.4931719174520517,-0.39456898117877265,-1.4706959101324746,0,1,0,0,1,0,0,0,1,1,0,1,0,1,0,1,0,1,0,1,0,0,1,1,1,0,0,0
0,-1.285566089167874,-1.1439010109278638,-0.9969974518688186,-1.1401380474469736,1,0,1,1,0,1,0,0,0,0,1,0,0,0,0,0,0,0,0,0,0,0,0,0,0,0,0,1
0,-1.2039956704904167,-1.5231094237255534,-0.9870488894271777,-1.5650527907004204,0,1,0,0,1,0,0,0,1,1,0,1,0,1,0,1,0,1,0,1,0,0,0,1,0,0,1,0
0,1.5286133552044,1.1113911283426063,2.0158066684844034,1.097472620768791,3,1,1,1,1,0,1,1,0,0,0,0,1,0,0,0,0,0,1,0,1,0,1,0,0,0,0,1
0,0.6313387497523706,-0.6432793782431946,-0.08029587894804818,-0.6950895838329318,3,0,0,1,0,1,0,0,0,0,0,0,1,0,1,0,0,0,0,0,1,0,0,0,1,0,0,0
0,1.4470429365269428,1.2028668419560842,1.9765418322402333,1.149633342084672,3,1,1,1,1,0,1,1,0,0,0,0,1,0,0,0,0,0,1,0,1,1,0,1,1,0,0,0
0,0.590553540413642,1.2910161659836175,1.076582961965151,1.1856009337902345,5,0,0,0,1,0,0,1,0,0,1,0,0,0,1,0,1,0,1,0,1,1,0,1,0,1,0,0
0,-0.02122459966728712,-0.9526336097360466,-0.5026355164373056,-0.9587791581267952,2,1,1,1,0,1,0,0,0,0,0,0,0,0,1,0,1,0,0,0,0,1,0,1,0,0,1,0
0,-1.1224252518129596,-0.5152133791843257,-0.9078574500358462,-0.6093537790864259,1,0,1,1,1,0,0,0,0,0,1,0,0,0,0,0,0,0,0,0,0,0,0,1,0,0,1,0
0,0.6721239590910992,-1.4964983070379965,-0.5593048222301554,-1.4594245855027073,0,1,0,0,1,0,0,0,1,1,0,1,0,1,0,1,0,1,0,1,0,0,1,1,1,0,0,0
0,0.6313387497523706,1.4140925806635694,1.2489511812977039,1.385935896800152,4,0,0,0,1,0,1,1,0,0,0,0,1,0,1,0,0,0,1,0,1,0,0,1,0,0,0,1
1,-0.7961435771031307,0.5691896258336291,-0.5131576101948725,0.7233322110023235,1,0,0,0,1,0,1,1,0,0,0,0,0,0,0,0,0,0,0,0,1,0,0,1,0,1,0,1
0,-0.7145731584256735,-1.499824696623941,-0.8739529257059084,-1.4674715895839594,0,1,0,0,1,0,0,0,1,1,0,1,0,1,0,1,0,1,0,1,0,0,0,1,0,0,1,0
0,-0.8369287864418593,-0.6599113261729178,-0.7796732009263678,-0.7061061478038233,0,0,0,0,1,0,0,0,0,0,0,0,0,0,0,0,0,0,0,0,0,0,0,1,0,1,0,0
1,1.4062577271882142,-0.01126535691371183,0.864596964040166,-0.04825651205921733,3,1,0,0,1,0,1,0,0,0,1,0,1,0,0,0,1,0,0,0,0,0,1,1,0,0,0,0
0,-0.9592844144580451,0.7105611832362765,-0.6705257797262818,0.6869769300450914,2,1,0,0,1,0,0,1,0,0,0,0,0,0,0,0,1,0,1,0,0,0,0,0,0,1,0,0
0,-0.7961435771031307,-1.5014878914169132,-0.9016147822509586,-1.522166027077061,0,0,1,1,1,0,0,0,1,1,0,1,0,1,0,1,0,1,0,1,0,0,1,1,0,0,0,0
0,0.22348665636508452,0.8053632864356988,0.4639632809690337,0.7644315600862712,2,0,0,0,1,0,0,1,0,0,0,0,0,0,0,0,0,0,1,0,1,1,0,1,0,0,1,0
1,0.38662749371999894,1.0199154147291285,0.7236406137029487,0.9513613092766621,3,0,1,0,1,0,1,1,0,0,0,0,1,0,1,0,0,0,1,0,0,0,0,1,0,1,0,0
0,-0.347506274377116,0.3496479131612826,-0.23934052463370295,0.26314427353486675,0,0,1,0,1,0,1,1,0,0,0,0,0,0,0,0,0,0,0,0,0,0,0,1,1,0,0,1
1,-0.22515064636093016,1.2095196211279735,0.20474918506721265,1.2308751688086061,4,0,1,0,1,0,0,1,0,0,1,0,0,0,1,0,0,0,1,0,1,0,0,1,0,1,0,1
0,-0.9592844144580451,1.254425880538226,-0.6143858874558253,1.1557276979601423,4,1,1,1,1,0,1,1,0,0,0,0,1,0,1,0,0,0,1,0,1,0,0,1,1,0,0,0
0,0.6721239590910992,-0.2856924977541451,0.21628598807603341,-0.26996551811135394,4,0,1,0,0,1,0,0,0,0,0,0,1,0,0,0,1,0,1,0,1,1,0,1,1,0,0,0
1,1.1615464711558425,0.975009155318876,1.5904890799316833,1.0528437811451885,4,0,1,0,1,0,1,1,0,0,1,0,1,0,1,0,1,0,0,0,0,0,0,1,1,0,0,0
0,0.7129091684298279,-0.7264391178918108,-0.03631043879587115,-0.6872308713024738,3,1,0,1,0,1,0,0,0,0,1,0,1,0,0,0,0,0,1,0,0,1,0,1,0,0,0,0
1,-0.30672106503838736,0.8186688447794775,-0.04156045622627144,0.7610708628218563,2,1,0,0,1,0,1,1,0,0,0,0,1,0,0,0,0,0,1,0,0,0,0,1,0,1,0,1
1,-0.4290766930545732,0.31638401730183613,-0.2637156055605613,0.3993804596143389,0,0,0,0,1,0,1,1,0,0,0,0,0,0,0,0,0,0,0,0,0,0,0,1,0,0,0,1
0,-1.285566089167874,-1.4765399695223285,-1.0014092312220961,-1.4716710070725498,0,1,0,0,1,0,0,0,1,1,0,1,0,1,0,1,0,1,0,1,0,0,0,0,0,0,1,1
0,-1.1632104611516882,0.3147208225088634,-0.893386813757096,0.047993196611185604,0,1,0,0,1,0,1,1,0,0,0,0,0,0,0,0,0,0,0,0,0,0,0,1,0,1,0,1
1,-0.5922175304094877,1.1596237773388038,-0.2003403951507296,1.230783076319821,3,0,1,0,1,0,1,1,0,0,0,0,0,0,0,0,1,0,1,0,1,0,0,0,0,0,0,1
1,0.9576204244621995,1.5654433068240508,1.8214236701789954,1.648823773088968,5,0,0,0,1,0,1,1,0,0,0,0,1,0,1,0,1,0,1,0,1,1,0,1,0,1,0,1
1,0.8352647964460137,0.9683563761469866,1.1387228741560647,0.8959434750686291,4,0,1,0,1,0,0,1,0,0,0,0,1,0,1,0,1,0,1,0,0,1,0,1,0,1,0,0
0,0.7536943777685564,1.1296862710653017,1.1722965150345068,1.0649136696078032,3,0,1,0,1,0,1,1,0,0,0,0,0,0,1,0,0,0,1,0,1,1,0,1,0,1,0,0
0,-0.347506274377116,-0.017918136085601218,-0.32281138999771364,0.0017857903633710036,3,0,1,1,1,0,1,0,0,0,1,0,1,0,1,0,0,0,0,0,0,0,1,0,0,1,0,0
0,1.2023316804945712,0.2365506672391644,0.879641131634842,0.1395791767077507,4,0,1,0,1,0,0,0,0,0,1,0,1,0,1,0,0,0,1,0,0,0,1,1,1,0,0,0
0,-0.347506274377116,-0.5052342104264916,-0.47298835918328064,-0.4684384573722384,1,1,0,0,1,0,0,0,0,0,0,0,1,0,0,0,0,0,0,0,0,0,0,1,0,0,1,0
0,1.5286133552044,0.5259465612163488,1.468062202878232,0.5094515550214563,5,0,1,1,1,0,1,0,0,0,1,0,1,0,1,0,1,0,1,0,0,0,1,0,0,1,0,0
0,-1.285566089167874,-1.3534635548423763,-0.9997768728613836,-1.3490038120110865,0,1,0,1,0,1,0,0,0,0,0,0,0,0,0,0,0,0,0,0,0,0,0,0,0,0,1,0
1,-0.6737879490869448,-0.8611578961225689,-0.7105185595637427,-0.7426093080459311,2,1,0,0,0,1,0,0,0,0,0,0,1,0,0,0,0,0,1,0,0,0,0,1,0,0,1,1
0,-1.0000696237967737,0.018672149359790176,-0.7658422726538427,0.14641704400002856,3,0,0,0,1,0,0,0,0,0,0,0,1,0,0,0,1,0,1,0,0,0,0,1,0,1,0,0
0,1.6101837738818572,0.3147208225088634,1.3001719395892557,0.2603124295047313,5,0,1,1,1,0,0,0,0,0,1,0,1,0,1,0,1,0,0,0,1,0,1,1,0,1,0,0
0,-0.3882914837158446,0.6091063008649649,-0.11384746092972374,0.7781404858996215,3,0,0,0,1,0,0,1,0,0,0,0,1,0,1,0,1,0,0,0,0,0,0,0,0,0,0,0
0,-0.06200980900601573,-1.3268524381548195,-0.6622757523356528,-1.307294826767869,0,1,0,1,0,1,0,0,0,0,0,0,0,0,0,0,0,0,0,0,0,0,0,0,1,0,0,0
0,0.18270144702635593,-0.821241221091233,-0.3375026152441279,-0.7845465473728928,3,1,1,1,0,1,0,0,0,0,1,0,0,0,1,0,1,0,0,0,0,1,0,1,0,1,0,0
0,-0.10279501834474433,0.9716827657329311,0.22680808183360027,0.9479117877681764,3,0,1,0,1,0,1,1,0,0,0,0,1,0,0,0,1,0,1,0,0,0,0,1,1,0,0,1
1,0.1011310283488987,1.4456932817300432,0.6334417848251899,1.3782336757202789,5,0,0,0,1,0,1,1,0,0,1,0,1,0,1,0,0,0,1,0,1,1,0,1,0,1,0,0
0,-0.3882914837158446,0.15339092759054826,-0.28158331194133523,0.2301020891620385,3,0,1,1,1,0,1,0,0,0,0,0,1,0,0,0,1,0,1,0,0,0,0,1,1,0,0,0
0,-0.5106471117320305,0.36960625067695024,-0.3095319341443483,0.4823013737206904,3,0,1,1,1,0,1,0,0,0,1,0,0,0,0,0,0,0,1,0,1,1,0,0,0,0,0,0
0,0.14191623768762732,0.9550508178032079,0.47457361031366624,0.9485656444385497,3,1,1,0,1,0,0,1,0,0,1,0,0,0,0,0,0,0,1,0,1,0,0,1,0,1,0,0
0,-1.0000696237967737,1.0232418043150735,-0.6671728274177909,1.0732588742532803,2,0,0,0,1,0,1,1,0,0,0,0,0,0,0,0,0,0,1,0,1,0,0,0,0,0,0,1
0,1.5693985645431285,1.186234894026361,2.1279761585414843,1.170436554619587,3,1,1,1,1,0,1,1,0,0,0,0,1,0,0,0,0,0,1,0,1,1,0,0,0,0,0,0
1,0.7129091684298279,0.77043619578328,0.9163250769573449,0.7445273681365402,2,0,1,0,1,0,1,1,0,0,0,0,1,0,0,0,0,0,1,0,0,0,0,1,0,1,0,1
0,0.4274127030587276,-1.3451475808775148,-0.5722975124255577,-1.3855880886023275,0,0,1,1,1,0,1,0,1,1,0,1,0,1,0,1,0,1,0,1,0,1,0,1,0,0,0,0
0,0.9984056338009281,0.8203320395724497,1.2008848452437453,0.7640534961849441,6,1,0,1,1,0,1,0,0,0,1,0,1,0,1,0,1,0,1,0,1,0,1,0,0,0,1,0
0,0.34584228438127035,0.053599240012208865,0.19334473543899028,0.05507870285196361,3,0,1,1,1,0,0,0,0,0,0,0,1,0,0,0,1,0,0,0,1,1,0,1,0,0,0,1
0,-0.22515064636093016,0.37293264026289474,-0.08689148908119801,0.41917197265865347,1,0,1,0,1,0,0,1,0,0,0,0,1,0,0,0,0,0,0,0,0,0,0,1,0,1,0,0
0,-0.7961435771031307,0.5192937820444593,-0.5640695439316952,0.42903295299623445,1,0,0,0,1,0,0,1,0,0,0,0,0,0,0,0,0,0,0,0,1,0,0,1,0,1,0,0
0,-1.2039956704904167,-0.9792447264236037,-0.9633135165065448,-0.9705036831052204,2,1,0,0,0,1,0,0,0,0,1,0,1,0,0,0,0,0,0,0,0,0,0,1,0,0,1,1
0,1.4062577271882142,-1.4748767747293563,-0.41777494057701237,-1.4865652489900572,0,0,0,0,1,0,0,0,1,1,0,1,0,1,0,1,0,1,0,1,0,1,0,0,0,1,0,0
0,-1.2039956704904167,-0.49858143125460247,-0.9530561295101746,-0.7135656393953987,1,1,0,0,1,0,0,0,0,0,0,0,1,0,0,0,0,0,0,0,0,0,0,1,0,0,1,1
0,1.2839020991720282,1.3475647889446765,1.9872403971719312,1.3685045154073383,4,0,1,0,1,0,1,1,0,0,0,0,1,0,0,0,1,0,1,0,1,0,1,1,0,0,0,0
0,-0.2659358556996588,-0.9692655576657698,-0.5593489400236882,-0.8474964542390129,2,1,0,0,0,1,0,0,0,0,0,0,0,0,1,0,1,0,0,0,0,0,0,0,0,1,0,0
0,0.22348665636508452,1.0049466615923774,0.6180226159854848,1.0690929008790375,3,1,0,0,1,0,1,1,0,0,0,0,1,0,1,0,0,0,0,0,1,0,0,1,1,0,0,0
0,-0.3882914837158446,-1.5164566445536642,-0.7959526667399618,-1.450481726609524,0,1,1,0,1,0,0,0,1,1,0,1,0,1,0,1,0,1,0,1,0,1,0,0,1,0,0,0
0,0.30505707504254176,1.3176272826711746,0.7705157693315224,1.1945584958562878,4,1,0,0,1,0,1,1,0,0,0,0,1,0,1,0,0,0,1,0,1,0,0,1,1,0,0,1
1,1.6101837738818572,-0.05949800590990906,1.0567078959786356,0.006206229825045103,6,1,1,0,0,1,0,0,0,0,1,0,1,0,1,0,1,0,1,0,1,0,1,1,0,0,0,0
1,-1.2039956704904167,0.338005549610476,-0.8974015329685785,0.6805304558301497,0,0,0,0,1,0,1,1,0,0,0,0,0,0,0,0,0,0,0,0,0,0,0,1,1,0,0,1
0,-0.3882914837158446,0.5359257299741825,-0.16467115907948085,0.6120857165567242,1,1,0,0,1,0,1,1,0,0,0,0,0,0,1,0,0,0,0,0,0,0,0,1,0,1,0,1
1,-1.285566089167874,0.31804721209480835,-0.977607681611164,0.31694931010743427,0,0,1,0,1,0,1,1,0,0,0,0,0,0,0,0,0,0,0,0,0,0,0,1,0,1,0,1
0,-1.1632104611516882,-0.14931052473041462,-0.8903868037968672,0.1043537997475332,3,0,0,0,1,0,0,0,0,0,1,0,1,0,0,0,1,0,0,0,0,0,0,1,0,0,1,1
0,1.2023316804945712,0.6673181186189963,1.2618556359060404,0.6028430147264897,5,0,1,0,1,0,1,0,0,0,1,0,1,0,0,0,1,0,1,0,1,0,1,1,0,1,0,0
0,0.30505707504254176,0.9483980386313189,0.6467874173688544,0.9621124495388056,3,0,0,0,1,0,1,1,0,0,0,0,1,0,1,0,0,0,1,0,0,0,0,1,0,0,0,0
0,0.34584228438127035,0.8086896760216437,0.5979710788248386,0.796701761194884,2,1,0,0,1,0,1,1,0,0,0,0,1,0,0,0,0,0,1,0,0,0,0,1,0,1,0,0
1,0.060345819010170096,0.6756340925838579,0.25769053730654295,0.6515538250942471,2,1,1,0,1,0,0,1,0,0,0,0,0,0,1,0,0,0,1,0,0,0,0,1,1,0,0,0
0,-1.285566089167874,-0.49691823646163,-0.988416541026694,-0.49530644097522764,1,0,0,0,1,0,0,0,0,0,0,0,1,0,0,0,0,0,0,0,0,0,0,0,0,1,0,0
0,0.7536943777685564,-1.4715503851434115,-0.5601210014105118,-1.487760106583791,0,0,0,0,1,0,0,0,1,1,0,1,0,1,0,1,0,1,0,1,0,0,1,0,0,0,0,0
0,-1.285566089167874,0.19164440782891187,-0.9792841577654093,0.19096678544971538,0,1,1,1,1,0,0,1,0,0,0,0,0,0,0,0,0,0,0,0,0,0,0,1,0,0,1,1
0,0.2642718657038131,-1.4881823330731347,-0.6460404043155915,-1.449143767508248,0,0,0,0,1,0,0,0,1,1,0,1,0,1,0,1,0,1,0,1,0,0,1,0,0,0,1,0
0,-0.8369287864418593,-1.5197830341396088,-0.9050118523529822,-1.491010429717375,0,1,1,1,1,0,0,0,1,1,0,1,0,1,0,1,0,1,0,1,0,0,0,1,0,1,0,0
0,-0.8369287864418593,-0.16926886224608254,-0.6893640775647769,-0.14056617417586115,2,1,0,0,1,0,0,0,0,0,0,0,0,0,0,0,1,0,1,0,0,1,0,1,0,1,0,1
0,1.6101837738818572,1.3325960358079254,2.317925318596848,1.3225532413939567,4,1,0,0,1,0,1,1,0,0,0,0,1,0,1,0,0,0,1,0,1,1,0,1,0,1,0,0
1,1.2431168898332998,1.284363386811728,1.8481149352663244,1.2584239790251124,4,0,1,0,1,0,1,1,0,0,0,0,1,0,1,0,0,0,1,0,1,0,0,1,0,1,0,0
0,0.4681979123974562,0.6623285342400791,0.58941222687948,0.5810831260091293,2,1,1,0,1,0,1,1,0,0,1,0,0,0,1,0,0,0,0,0,0,0,0,1,1,0,0,0
0,-0.5922175304094877,1.0032834667994053,-0.2695391543068875,0.9418889390016458,3,0,0,0,1,0,1,1,0,0,0,0,0,0,1,0,1,0,0,0,1,0,0,1,0,0,0,0
0,-0.9592844144580451,-0.6881856376534472,-0.8325042586818662,-0.6654933602496901,0,0,0,0,1,0,0,0,0,0,0,0,0,0,0,0,0,0,0,0,0,0,0,1,0,0,0,1
0,-0.7961435771031307,0.28145692664941696,-0.5994740732417473,0.22437510676583072,4,1,0,0,1,0,0,0,0,0,0,0,1,0,0,0,1,0,1,0,1,0,0,0,0,0,1,0
0,1.4470429365269428,-0.026234110050462833,0.8981926638153741,-0.042057005804761446,3,0,1,0,1,0,0,0,0,0,0,0,1,0,0,0,1,0,1,0,0,0,1,0,0,0,0,0
1,-1.081640042474231,-0.681532858481558,-0.8944015230083499,-0.6978178238131839,2,0,0,0,0,1,0,0,0,0,0,0,0,0,0,0,0,0,1,0,1,0,0,1,0,1,0,0
0,-1.2447808798291453,-1.4915087226590795,-0.9931371449347008,-1.5006801410397879,0,0,0,0,1,0,0,0,1,1,0,1,0,1,0,1,0,1,0,1,0,0,0,1,0,0,1,0
1,0.9168352151234709,-0.16261608307419315,0.4525367724440449,-0.1524109426424841,2,1,1,0,1,0,1,0,0,0,1,0,1,0,0,0,0,0,0,0,0,1,0,0,1,0,0,0
1,-1.285566089167874,0.36129027671208863,-0.9770341502952379,0.3600485948587591,0,1,0,0,1,0,1,1,0,0,0,0,0,0,0,0,0,0,0,0,0,0,0,1,0,1,0,1
0,0.22348665636508452,0.15339092759054826,0.1477489958228671,0.1390993263714509,0,1,0,0,1,0,0,1,0,0,0,0,0,0,0,0,0,0,0,0,0,0,0,1,1,0,0,0
0,1.4062577271882142,1.2660682440890325,2.027608178254421,1.2561772364735628,4,0,0,0,1,0,1,1,0,0,1,0,1,0,1,0,0,0,1,0,0,0,0,1,1,0,0,1
0,-0.551432321070759,0.4594187694974558,-0.3508482477877924,0.45750183588554033,1,1,0,0,1,0,0,1,0,0,0,0,0,0,0,0,0,0,1,0,0,0,0,1,0,0,0,0
0,-0.8369287864418593,-0.14099455076555298,-0.6825258195671967,-0.09774316689089095,5,0,0,0,0,1,0,0,0,0,0,0,1,0,1,0,1,0,1,0,1,1,0,0,0,1,0,0
0,1.6101837738818572,-1.4549184372136883,-0.38424541749210317,-1.4977331813986716,0,0,0,0,1,0,0,0,1,1,0,1,0,1,0,1,0,1,0,1,0,0,1,1,0,0,0,0
0,-0.347506274377116,0.6623285342400791,-0.13228869862642378,0.5983379095896421,5,1,1,1,1,0,1,0,0,0,1,0,0,0,1,0,1,0,1,0,1,1,0,1,0,0,1,0
0,1.6101837738818572,1.2743842180538942,2.237895641128394,1.2390253540660678,4,0,1,1,1,0,1,1,0,0,0,0,1,0,1,0,0,0,1,0,1,1,0,1,1,0,0,0
0,-0.877713995780588,-1.1738385172013657,-0.8576072832020152,-1.1071354482842457,1,0,1,1,0,1,0,0,0,0,1,0,0,0,0,0,0,0,0,0,0,0,0,1,0,1,0,0
1,-1.1632104611516882,0.31638401730183613,-0.8751882239248262,0.38988656122506116,0,1,1,0,1,0,1,1,0,0,0,0,0,0,0,0,0,0,0,0,0,0,0,1,0,0,1,1
0,1.3654725178494855,1.3558807629095382,2.009188999454487,1.2868339138120746,5,1,0,0,1,0,0,1,0,0,1,0,0,0,1,0,1,0,1,0,1,0,1,1,0,0,0,0
